{
	"credit": "By MR_SET_",
	"texture_size": [8, 8],
	"textures": {
		"0": "item/kolb",
		"particle": "item/kolb"
	},
	"elements": [
		{
			"from": [6.5, 0, 8],
			"to": [8, 2.25, 9.5],
			"rotation": {"angle": 0, "axis": "y", "origin": [-4, 0, -4]},
			"faces": {
				"north": {"uv": [0, 0, 2, 3], "texture": "#0"},
				"east": {"uv": [2, 0, 4, 3], "texture": "#0"},
				"south": {"uv": [0, 4, 2, 7], "texture": "#0"},
				"west": {"uv": [4, 0, 6, 3], "texture": "#0"},
				"up": {"uv": [4, 6, 2, 4], "texture": "#0"},
				"down": {"uv": [6, 4, 4, 6], "texture": "#0"}
			}
		},
		{
			"from": [6.8, 2.25, 8.3],
			"to": [7.7, 2.55, 9.2],
			"rotation": {"angle": 0, "axis": "y", "origin": [-4, 0, -4]},
			"faces": {
				"north": {"uv": [2, 8, 3.25, 8.5], "texture": "#0"},
				"east": {"uv": [8, 2, 9.25, 2.5], "texture": "#0"},
				"south": {"uv": [4, 8, 5.25, 8.5], "texture": "#0"},
				"west": {"uv": [8, 4, 9.25, 4.5], "texture": "#0"},
				"up": {"uv": [7.25, 3.25, 6, 2], "texture": "#0"},
				"down": {"uv": [5.25, 6, 4, 7.25], "texture": "#0"}
			}
		},
		{
			"from": [6.65, 2.55, 8.15],
			"to": [7.85, 3.15, 9.35],
			"rotation": {"angle": 0, "axis": "y", "origin": [-4, 0, -4]},
			"faces": {
				"north": {"uv": [6, 4, 7.5, 4.75], "texture": "#0"},
				"east": {"uv": [6, 6, 7.5, 6.75], "texture": "#0"},
				"south": {"uv": [0, 8, 1.5, 8.75], "texture": "#0"},
				"west": {"uv": [8, 0, 9.5, 0.75], "texture": "#0"},
				"up": {"uv": [7.5, 1.5, 6, 0], "texture": "#0"},
				"down": {"uv": [3.5, 6, 2, 7.5], "texture": "#0"}
			}
		}
	],
	"display": {
		"thirdperson_righthand": {
			"rotation": [47, 0, 0],
			"translation": [0.75, 7.25, 6.75],
			"scale": [1.3, 1.3, 1.3]
		},
		"thirdperson_lefthand": {
			"rotation": [47, 0, 0],
			"translation": [-0.5, 7.25, 6.75],
			"scale": [1.3, 1.3, 1.3]
		},
		"firstperson_righthand": {
			"translation": [0, 10.75, -0.5],
			"scale": [1.3, 1.3, 1.3]
		},
		"firstperson_lefthand": {
			"translation": [0, 10.75, -0.5],
			"scale": [1.3, 1.3, 1.3]
		},
		"ground": {
			"translation": [0, 8.75, 0],
			"scale": [1.5, 1.5, 1.5]
		},
		"gui": {
			"rotation": [16, 131, 0],
			"translation": [-4, 25, 0],
			"scale": [4, 4, 4]
		},
		"fixed": {
			"translation": [0, 32, 12.75],
			"scale": [2, 2, 2]
		}
	}
}