{
	"credit": "Made with Blockbench",
	"parent": "item/handheld",
	"textures": {
		"1": "item/list",
		"layer0": "item/list",
		"particle": "item/list"
	},
	"display": {
		"thirdperson_righthand": {
			"translation": [12, -7.25, 1],
			"scale": [2, 2, 2]
		},
		"thirdperson_lefthand": {
			"translation": [-11.25, -7.25, 1],
			"scale": [2, 2, 2]
		},
		"firstperson_righthand": {
			"rotation": [-11, -30, 0],
			"translation": [8.25, -6.5, 7.25],
			"scale": [2, 2, 2]
		},
		"firstperson_lefthand": {
			"rotation": [0, -30, 0],
			"translation": [-10.5, -2.25, 0],
			"scale": [1.5, 1.5, 1.5]
		},
		"ground": {
			"rotation": [90, 0, 0],
			"translation": [12.25, -7.5, -9.75],
			"scale": [2, 2, 2]
		},
		"gui": {
			"rotation": [15, -12, 0],
			"translation": [22, -20, 0],
			"scale": [4, 4, 4]
		},
		"fixed": {
			"translation": [8.5, -11.5, 0],
			"scale": [3, 3, 3]
		}
	}
}