{
	"credit": "Made with Blockbench",
	"parent": "item/handheld",
	"textures": {
		"0": "item/listkok",
		"particle": "item/listkok"
	},
	"display": {
		"thirdperson_righthand": {
			"translation": [3.75, -3.5, 1]
		},
		"thirdperson_lefthand": {
			"translation": [-11.25, -7.25, 1],
			"scale": [2, 2, 2]
		},
		"firstperson_righthand": {
			"rotation": [-11, -30, 0],
			"translation": [-0.5, 1.25, 7.25]
		},
		"firstperson_lefthand": {
			"rotation": [0, -30, 0],
			"translation": [-4, -2.25, 0],
			"scale": [1.5, 1.5, 1.5]
		},
		"ground": {
			"rotation": [90, 0, 0],
			"translation": [12.25, -3.25, -9.75],
			"scale": [2, 2, 2]
		},
		"gui": {
			"rotation": [15, -12, 0],
			"translation": [6.75, -8.25, 0],
			"scale": [2, 2, 2]
		},
		"fixed": {
			"translation": [8.5, -11.5, 0],
			"scale": [3, 3, 3]
		}
	}
}