{
	"credit": "By MR_SET_",
	"texture_size": [8, 8],
	"textures": {
		"0": "item/sig",
		"particle": "item/sig"
	},
	"elements": [
		{
			"from": [7.7, 0.7, 6],
			"to": [8.3, 1.3, 9],
			"faces": {
				"north": {"uv": [4, 4, 5, 5], "texture": "#0"},
				"east": {"uv": [0, 0, 6, 1], "texture": "#0"},
				"south": {"uv": [6, 0, 7, 1], "texture": "#0"},
				"west": {"uv": [0, 2, 6, 3], "texture": "#0"},
				"up": {"uv": [1, 10, 0, 4], "texture": "#0"},
				"down": {"uv": [3, 4, 2, 10], "texture": "#0"}
			}
		}
	],
	"display": {
		"thirdperson_righthand": {
			"rotation": [64, 0, 0],
			"translation": [0, 3.5, 6.25]
		},
		"thirdperson_lefthand": {
			"rotation": [64, 0, 0],
			"translation": [0, 3.5, 6.25]
		},
		"firstperson_righthand": {
			"translation": [0, 7, 0]
		},
		"firstperson_lefthand": {
			"translation": [0, 7, 0]
		},
		"ground": {
			"translation": [0, 3.75, 0]
		},
		"gui": {
			"rotation": [31, -145, 0],
			"translation": [-0.75, 25.5, 0],
			"scale": [4, 4, 4]
		},
		"head": {
			"translation": [0.25, 9.75, -8],
			"scale": [2, 2, 2]
		}
	}
}