{
	"credit": "By MR_SET_",
	"textures": {
		"2": "item/spri2"
	},
	"elements": [
		{
			"from": [7, 1, 7],
			"to": [7.1, 1, 9],
			"faces": {
				"north": {"uv": [0, 0, 0.125, 0], "texture": "#2"},
				"east": {"uv": [0, 0, 2, 0], "texture": "#2"},
				"south": {"uv": [0, 0, 0.125, 0], "texture": "#2"},
				"west": {"uv": [0, 0, 2, 0], "texture": "#2"},
				"up": {"uv": [3.125, 10, 3, 8], "texture": "#2"},
				"down": {"uv": [4.125, 8, 4, 10], "texture": "#2"}
			}
		},
		{
			"from": [7.3, 1, 8],
			"to": [7.4, 1, 8.1],
			"faces": {
				"north": {"uv": [0, 0, 0.125, 0], "texture": "#2"},
				"east": {"uv": [0, 0, 0.125, 0], "texture": "#2"},
				"south": {"uv": [0, 0, 0.125, 0], "texture": "#2"},
				"west": {"uv": [0, 0, 0.125, 0], "texture": "#2"},
				"up": {"uv": [11.125, 3.125, 11, 3], "texture": "#2"},
				"down": {"uv": [4.125, 11, 4, 11.125], "texture": "#2"}
			}
		},
		{
			"from": [7.4, 1, 8.1],
			"to": [7.5, 1, 8.2],
			"faces": {
				"north": {"uv": [0, 0, 0.125, 0], "texture": "#2"},
				"east": {"uv": [0, 0, 0.125, 0], "texture": "#2"},
				"south": {"uv": [0, 0, 0.125, 0], "texture": "#2"},
				"west": {"uv": [0, 0, 0.125, 0], "texture": "#2"},
				"up": {"uv": [11.125, 4.125, 11, 4], "texture": "#2"},
				"down": {"uv": [5.125, 11, 5, 11.125], "texture": "#2"}
			}
		},
		{
			"from": [7.4, 0, 8.1],
			"to": [7.5, 0, 8.2],
			"faces": {
				"north": {"uv": [0, 0, 0.125, 0], "texture": "#2"},
				"east": {"uv": [0, 0, 0.125, 0], "texture": "#2"},
				"south": {"uv": [0, 0, 0.125, 0], "texture": "#2"},
				"west": {"uv": [0, 0, 0.125, 0], "texture": "#2"},
				"up": {"uv": [11.125, 5.125, 11, 5], "texture": "#2"},
				"down": {"uv": [6.125, 11, 6, 11.125], "texture": "#2"}
			}
		},
		{
			"from": [7.3, 0, 8],
			"to": [7.4, 0, 8.1],
			"faces": {
				"north": {"uv": [0, 0, 0.125, 0], "texture": "#2"},
				"east": {"uv": [0, 0, 0.125, 0], "texture": "#2"},
				"south": {"uv": [0, 0, 0.125, 0], "texture": "#2"},
				"west": {"uv": [0, 0, 0.125, 0], "texture": "#2"},
				"up": {"uv": [11.125, 6.125, 11, 6], "texture": "#2"},
				"down": {"uv": [7.125, 11, 7, 11.125], "texture": "#2"}
			}
		},
		{
			"from": [7, 0.3, 8],
			"to": [7, 0.4, 8.1],
			"faces": {
				"north": {"uv": [0, 0, 0, 0.125], "texture": "#2"},
				"east": {"uv": [11, 7, 11.125, 7.125], "texture": "#2"},
				"south": {"uv": [0, 0, 0, 0.125], "texture": "#2"},
				"west": {"uv": [8, 11, 8.125, 11.125], "texture": "#2"},
				"up": {"uv": [0, 0.125, 0, 0], "texture": "#2"},
				"down": {"uv": [0, 0, 0, 0.125], "texture": "#2"}
			}
		},
		{
			"from": [7, 0.4, 8.1],
			"to": [7, 0.5, 8.2],
			"faces": {
				"north": {"uv": [0, 0, 0, 0.125], "texture": "#2"},
				"east": {"uv": [11, 8, 11.125, 8.125], "texture": "#2"},
				"south": {"uv": [0, 0, 0, 0.125], "texture": "#2"},
				"west": {"uv": [9, 11, 9.125, 11.125], "texture": "#2"},
				"up": {"uv": [0, 0.125, 0, 0], "texture": "#2"},
				"down": {"uv": [0, 0, 0, 0.125], "texture": "#2"}
			}
		},
		{
			"from": [8, 0.4, 8.1],
			"to": [8, 0.5, 8.2],
			"faces": {
				"north": {"uv": [0, 0, 0, 0.125], "texture": "#2"},
				"east": {"uv": [11, 9, 11.125, 9.125], "texture": "#2"},
				"south": {"uv": [0, 0, 0, 0.125], "texture": "#2"},
				"west": {"uv": [10, 11, 10.125, 11.125], "texture": "#2"},
				"up": {"uv": [0, 0.125, 0, 0], "texture": "#2"},
				"down": {"uv": [0, 0, 0, 0.125], "texture": "#2"}
			}
		},
		{
			"from": [8, 0.3, 8],
			"to": [8, 0.4, 8.1],
			"faces": {
				"north": {"uv": [0, 0, 0, 0.125], "texture": "#2"},
				"east": {"uv": [11, 10, 11.125, 10.125], "texture": "#2"},
				"south": {"uv": [0, 0, 0, 0.125], "texture": "#2"},
				"west": {"uv": [11, 11, 11.125, 11.125], "texture": "#2"},
				"up": {"uv": [0, 0.125, 0, 0], "texture": "#2"},
				"down": {"uv": [0, 0, 0, 0.125], "texture": "#2"}
			}
		},
		{
			"from": [7.9, 1, 7],
			"to": [8, 1, 9],
			"faces": {
				"north": {"uv": [0, 0, 0.125, 0], "texture": "#2"},
				"east": {"uv": [0, 0, 2, 0], "texture": "#2"},
				"south": {"uv": [0, 0, 0.125, 0], "texture": "#2"},
				"west": {"uv": [0, 0, 2, 0], "texture": "#2"},
				"up": {"uv": [5.125, 10, 5, 8], "texture": "#2"},
				"down": {"uv": [8.125, 6, 8, 8], "texture": "#2"}
			}
		},
		{
			"from": [7.1, 1, 8.9],
			"to": [7.9, 1, 9],
			"faces": {
				"north": {"uv": [0, 0, 0.75, 0], "texture": "#2"},
				"east": {"uv": [0, 0, 0.125, 0], "texture": "#2"},
				"south": {"uv": [0, 0, 0.75, 0], "texture": "#2"},
				"west": {"uv": [0, 0, 0.125, 0], "texture": "#2"},
				"up": {"uv": [8.75, 10.125, 8, 10], "texture": "#2"},
				"down": {"uv": [9.75, 10, 9, 10.125], "texture": "#2"}
			}
		},
		{
			"from": [7.9, 0, 7],
			"to": [8, 0, 9],
			"rotation": {"angle": 0, "axis": "y", "origin": [0, 16, 0]},
			"faces": {
				"north": {"uv": [0, 0, 0.125, 0], "texture": "#2"},
				"east": {"uv": [0, 0, 2, 0], "texture": "#2"},
				"south": {"uv": [0, 0, 0.125, 0], "texture": "#2"},
				"west": {"uv": [0, 0, 2, 0], "texture": "#2"},
				"up": {"uv": [7.125, 10, 7, 8], "texture": "#2"},
				"down": {"uv": [8.125, 8, 8, 10], "texture": "#2"}
			}
		},
		{
			"from": [7.1, 0, 8.9],
			"to": [7.9, 0, 9],
			"rotation": {"angle": 0, "axis": "y", "origin": [0, 16, 0]},
			"faces": {
				"north": {"uv": [0, 0, 0.75, 0], "texture": "#2"},
				"east": {"uv": [0, 0, 0.125, 0], "texture": "#2"},
				"south": {"uv": [0, 0, 0.75, 0], "texture": "#2"},
				"west": {"uv": [0, 0, 0.125, 0], "texture": "#2"},
				"up": {"uv": [10.75, 10.125, 10, 10], "texture": "#2"},
				"down": {"uv": [0.75, 11, 0, 11.125], "texture": "#2"}
			}
		},
		{
			"from": [7, 0, 7],
			"to": [7.1, 0, 9],
			"rotation": {"angle": 0, "axis": "y", "origin": [0, 16, 0]},
			"faces": {
				"north": {"uv": [0, 0, 0.125, 0], "texture": "#2"},
				"east": {"uv": [0, 0, 2, 0], "texture": "#2"},
				"south": {"uv": [0, 0, 0.125, 0], "texture": "#2"},
				"west": {"uv": [0, 0, 2, 0], "texture": "#2"},
				"up": {"uv": [0.125, 11, 0, 9], "texture": "#2"},
				"down": {"uv": [9.125, 0, 9, 2], "texture": "#2"}
			}
		},
		{
			"from": [8, 0.9, 7],
			"to": [8, 1, 9],
			"rotation": {"angle": 0, "axis": "y", "origin": [0, 16, 0]},
			"faces": {
				"north": {"uv": [0, 0, 0, 0.125], "texture": "#2"},
				"east": {"uv": [8, 4, 10, 4.125], "texture": "#2"},
				"south": {"uv": [0, 0, 0, 0.125], "texture": "#2"},
				"west": {"uv": [9, 2, 11, 2.125], "texture": "#2"},
				"up": {"uv": [0, 2, 0, 0], "texture": "#2"},
				"down": {"uv": [0, 0, 0, 2], "texture": "#2"}
			}
		},
		{
			"from": [8, 0.1, 8.9],
			"to": [8, 0.9, 9],
			"rotation": {"angle": 0, "axis": "y", "origin": [0, 16, 0]},
			"faces": {
				"north": {"uv": [0, 0, 0, 0.75], "texture": "#2"},
				"east": {"uv": [11, 0, 11.125, 0.75], "texture": "#2"},
				"south": {"uv": [0, 0, 0, 0.75], "texture": "#2"},
				"west": {"uv": [1, 11, 1.125, 11.75], "texture": "#2"},
				"up": {"uv": [0, 0.125, 0, 0], "texture": "#2"},
				"down": {"uv": [0, 0, 0, 0.125], "texture": "#2"}
			}
		},
		{
			"from": [8, 0, 7],
			"to": [8, 0.1, 9],
			"rotation": {"angle": 0, "axis": "y", "origin": [0, 16, 0]},
			"faces": {
				"north": {"uv": [0, 0, 0, 0.125], "texture": "#2"},
				"east": {"uv": [9, 3, 11, 3.125], "texture": "#2"},
				"south": {"uv": [0, 0, 0, 0.125], "texture": "#2"},
				"west": {"uv": [9, 5, 11, 5.125], "texture": "#2"},
				"up": {"uv": [0, 2, 0, 0], "texture": "#2"},
				"down": {"uv": [0, 0, 0, 2], "texture": "#2"}
			}
		},
		{
			"from": [7, 0.9, 7],
			"to": [7, 1, 9],
			"rotation": {"angle": 0, "axis": "y", "origin": [0, 16, 0]},
			"faces": {
				"north": {"uv": [0, 0, 0, 0.125], "texture": "#2"},
				"east": {"uv": [9, 6, 11, 6.125], "texture": "#2"},
				"south": {"uv": [0, 0, 0, 0.125], "texture": "#2"},
				"west": {"uv": [9, 7, 11, 7.125], "texture": "#2"},
				"up": {"uv": [0, 2, 0, 0], "texture": "#2"},
				"down": {"uv": [0, 0, 0, 2], "texture": "#2"}
			}
		},
		{
			"from": [7, 0.1, 8.9],
			"to": [7, 0.9, 9],
			"rotation": {"angle": 0, "axis": "y", "origin": [0, 16, 0]},
			"faces": {
				"north": {"uv": [0, 0, 0, 0.75], "texture": "#2"},
				"east": {"uv": [11, 1, 11.125, 1.75], "texture": "#2"},
				"south": {"uv": [0, 0, 0, 0.75], "texture": "#2"},
				"west": {"uv": [2, 11, 2.125, 11.75], "texture": "#2"},
				"up": {"uv": [0, 0.125, 0, 0], "texture": "#2"},
				"down": {"uv": [0, 0, 0, 0.125], "texture": "#2"}
			}
		},
		{
			"from": [7, 0, 7],
			"to": [7, 0.1, 9],
			"rotation": {"angle": 0, "axis": "y", "origin": [0, 16, 0]},
			"faces": {
				"north": {"uv": [0, 0, 0, 0.125], "texture": "#2"},
				"east": {"uv": [9, 8, 11, 8.125], "texture": "#2"},
				"south": {"uv": [0, 0, 0, 0.125], "texture": "#2"},
				"west": {"uv": [9, 9, 11, 9.125], "texture": "#2"},
				"up": {"uv": [0, 2, 0, 0], "texture": "#2"},
				"down": {"uv": [0, 0, 0, 2], "texture": "#2"}
			}
		},
		{
			"from": [7.4, 0.2, 7.3],
			"to": [7.6, 0.8, 10.3],
			"faces": {
				"north": {"uv": [10, 1, 10.25, 1.625], "texture": "#2"},
				"east": {"uv": [1, 4, 4, 4.625], "texture": "#2"},
				"south": {"uv": [2, 10, 2.25, 10.625], "texture": "#2"},
				"west": {"uv": [4, 2, 7, 2.625], "texture": "#2"},
				"up": {"uv": [2.25, 8, 2, 5], "texture": "#2"},
				"down": {"uv": [3.25, 5, 3, 8], "texture": "#2"}
			}
		},
		{
			"from": [7.2, 0.2, 7.1],
			"to": [7.8, 0.8, 7.3],
			"faces": {
				"north": {"uv": [0, 8, 0.625, 8.625], "texture": "#2"},
				"east": {"uv": [3, 10, 3.25, 10.625], "texture": "#2"},
				"south": {"uv": [1, 8, 1.625, 8.625], "texture": "#2"},
				"west": {"uv": [4, 10, 4.25, 10.625], "texture": "#2"},
				"up": {"uv": [10.625, 4.25, 10, 4], "texture": "#2"},
				"down": {"uv": [5.625, 10, 5, 10.25], "texture": "#2"}
			}
		},
		{
			"from": [7.1, 0.1, 10.3],
			"to": [7.9, 0.9, 10.5],
			"faces": {
				"north": {"uv": [5, 5, 5.75, 5.75], "texture": "#2"},
				"east": {"uv": [1, 9, 1.25, 9.75], "texture": "#2"},
				"south": {"uv": [0, 6, 0.75, 6.75], "texture": "#2"},
				"west": {"uv": [6, 9, 6.25, 9.75], "texture": "#2"},
				"up": {"uv": [10.75, 0.25, 10, 0], "texture": "#2"},
				"down": {"uv": [1.75, 10, 1, 10.25], "texture": "#2"}
			}
		},
		{
			"from": [7.2, 0.4, 7.3],
			"to": [7.8, 0.6, 10.3],
			"faces": {
				"north": {"uv": [6, 10, 6.625, 10.25], "texture": "#2"},
				"east": {"uv": [5, 3, 8, 3.25], "texture": "#2"},
				"south": {"uv": [7, 10, 7.625, 10.25], "texture": "#2"},
				"west": {"uv": [5, 4, 8, 4.25], "texture": "#2"},
				"up": {"uv": [4.625, 6, 4, 3], "texture": "#2"},
				"down": {"uv": [1.625, 5, 1, 8], "texture": "#2"}
			}
		},
		{
			"from": [6.4, -0.1, 9],
			"to": [8.6, 1.1, 9.3],
			"faces": {
				"north": {"uv": [0, 0, 2.25, 1.25], "texture": "#2"},
				"east": {"uv": [2, 8, 2.25, 9.25], "texture": "#2"},
				"south": {"uv": [0, 2, 2.25, 3.25], "texture": "#2"},
				"west": {"uv": [8, 2, 8.25, 3.25], "texture": "#2"},
				"up": {"uv": [8.25, 0.25, 6, 0], "texture": "#2"},
				"down": {"uv": [8.25, 1, 6, 1.25], "texture": "#2"}
			}
		},
		{
			"from": [7.5, 0.4, 2.8],
			"to": [7.5, 0.6, 4.4],
			"faces": {
				"north": {"uv": [0, 0, 0, 0.25], "texture": "#2"},
				"east": {"uv": [4, 7, 5.625, 7.25], "texture": "#2"},
				"south": {"uv": [0, 0, 0, 0.25], "texture": "#2"},
				"west": {"uv": [7, 5, 8.625, 5.25], "texture": "#2"},
				"up": {"uv": [0, 1.625, 0, 0], "texture": "#2"},
				"down": {"uv": [0, 0, 0, 1.625], "texture": "#2"}
			}
		},
		{
			"from": [7.4, 0.5, 2.8],
			"to": [7.6, 0.5, 4.4],
			"faces": {
				"north": {"uv": [0, 0, 0.25, 0], "texture": "#2"},
				"east": {"uv": [0, 0, 1.625, 0], "texture": "#2"},
				"south": {"uv": [0, 0, 0.25, 0], "texture": "#2"},
				"west": {"uv": [0, 0, 1.625, 0], "texture": "#2"},
				"up": {"uv": [6.25, 8.625, 6, 7], "texture": "#2"},
				"down": {"uv": [7.25, 6, 7, 7.625], "texture": "#2"}
			}
		},
		{
			"from": [7, 0, 5],
			"to": [8, 1, 7],
			"faces": {
				"north": {"uv": [5, 0, 6, 1], "texture": "#2"},
				"east": {"uv": [3, 0, 5, 1], "texture": "#2"},
				"south": {"uv": [5, 1, 6, 2], "texture": "#2"},
				"west": {"uv": [3, 1, 5, 2], "texture": "#2"},
				"up": {"uv": [4, 4, 3, 2], "texture": "#2"},
				"down": {"uv": [1, 4, 0, 6], "texture": "#2"}
			}
		},
		{
			"from": [7.1, 0.1, 4.4],
			"to": [7.9, 0.9, 5],
			"faces": {
				"north": {"uv": [4, 6, 4.75, 6.75], "texture": "#2"},
				"east": {"uv": [6, 5, 6.625, 5.75], "texture": "#2"},
				"south": {"uv": [5, 6, 5.75, 6.75], "texture": "#2"},
				"west": {"uv": [6, 6, 6.625, 6.75], "texture": "#2"},
				"up": {"uv": [0.75, 7.625, 0, 7], "texture": "#2"},
				"down": {"uv": [7.75, 2, 7, 2.625], "texture": "#2"}
			}
		}
	],
	"display": {
		"thirdperson_righthand": {
			"rotation": [36, 0, 0],
			"translation": [0, 7, 3.75]
		},
		"thirdperson_lefthand": {
			"rotation": [36, 0, 0],
			"translation": [0, 7, 3.75]
		},
		"firstperson_righthand": {
			"translation": [0, 7.75, -0.5]
		},
		"firstperson_lefthand": {
			"translation": [0, 7.75, -0.5]
		},
		"ground": {
			"translation": [0, 8.75, 1.5],
			"scale": [1.5, 1.5, 1.5]
		},
		"gui": {
			"rotation": [58, 47, 1],
			"translation": [3, 9, 0],
			"scale": [2.5, 2.5, 2.5]
		},
		"fixed": {
			"rotation": [90, 0, 0],
			"translation": [0, -1.75, 14.75],
			"scale": [2, 2, 2]
		}
	}
}