{
	"credit": "Made with Blockbench",
	"parent": "item/handheld",
	"textures": {
		"layer0": "item/nether_wart",
		"particle": "item/nether_wart"
	},
	"display": {
		"thirdperson_righthand": {
			"translation": [2.25, -2, 0]
		},
		"thirdperson_lefthand": {
			"translation": [-3.5, -2, 0]
		},
		"firstperson_righthand": {
			"rotation": [0, -20, 0],
			"translation": [4, -1.5, 0]
		},
		"firstperson_lefthand": {
			"rotation": [0, -20, 0],
			"translation": [-4.25, 0, -0.5]
		},
		"ground": {
			"translation": [3.75, -4, 0]
		},
		"gui": {
			"rotation": [23, -17, 0],
			"translation": [5, -6, 0],
			"scale": [1.5, 1.5, 1.5]
		},
		"fixed": {
			"translation": [8.5, -11.5, 0],
			"scale": [3, 3, 3]
		}
	}
}