{
    "parent": "item/generated",
    "textures": {
        "layer0": "item/pufferfish"
    },
    "overrides": [
      {
        "predicate": {
          "custom_model_data": 1
        },
        "model": "item/vehicles/tank_body"
      },
    {
      "predicate": {
        "custom_model_data": 2
      },
      "model": "item/vehicles/tank_dulo"
    },
    {
      "predicate": {
        "custom_model_data": 3
      },
      "model": "item/vehicles/tank_tower"
    },
      {
        "predicate": {
          "custom_model_data": 4
        },
        "model": "item/vehicles/tank_wheel"
      }
	]
}
