{
	"credit": "Made with Blockbench",
	"texture_size": [32, 32],
	"textures": {
		"0": "items/9mmgi",
		"particle": "items/9mmgi"
	},
	"elements": [
		{
			"name": "hexadecagon",
			"from": [7.90054, 7.7, 8.3],
			"to": [8.09946, 8.1, 8.5],
			"rotation": {"angle": -45, "axis": "y", "origin": [8, 8, 8]},
			"faces": {
				"north": {"uv": [3, 7, 3.125, 7.25], "texture": "#0"},
				"east": {"uv": [2.5, 1, 3, 1.25], "texture": "#0"},
				"south": {"uv": [7, 3, 7.125, 3.25], "texture": "#0"},
				"west": {"uv": [2.5, 1.5, 3, 1.75], "texture": "#0"},
				"up": {"uv": [4.625, 3.5, 4.5, 3], "texture": "#0"},
				"down": {"uv": [4.625, 3.5, 4.5, 4], "texture": "#0"}
			}
		},
		{
			"name": "hexadecagon",
			"from": [7.90054, 7.7, 8.3],
			"to": [8.09946, 8.1, 8.5],
			"rotation": {"angle": -22.5, "axis": "y", "origin": [8, 8, 8]},
			"faces": {
				"north": {"uv": [3.5, 7, 3.625, 7.25], "texture": "#0"},
				"east": {"uv": [2.5, 2, 3, 2.25], "texture": "#0"},
				"south": {"uv": [7, 3.5, 7.125, 3.75], "texture": "#0"},
				"west": {"uv": [2.5, 2.5, 3, 2.75], "texture": "#0"},
				"up": {"uv": [4.625, 4.5, 4.5, 4], "texture": "#0"},
				"down": {"uv": [4.625, 4.5, 4.5, 5], "texture": "#0"}
			}
		},
		{
			"name": "hexadecagon",
			"from": [7.90054, 7.7, 8.3],
			"to": [8.09946, 8.1, 8.5],
			"rotation": {"angle": 0, "axis": "y", "origin": [8, 8, 8]},
			"faces": {
				"north": {"uv": [4, 7, 4.125, 7.25], "texture": "#0"},
				"east": {"uv": [0, 3, 0.5, 3.25], "texture": "#0"},
				"south": {"uv": [7, 4, 7.125, 4.25], "texture": "#0"},
				"west": {"uv": [3, 0, 3.5, 0.25], "texture": "#0"},
				"up": {"uv": [0.125, 5.5, 0, 5], "texture": "#0"},
				"down": {"uv": [5.125, 0, 5, 0.5], "texture": "#0"}
			}
		},
		{
			"name": "hexadecagon",
			"from": [7.90054, 7.7, 8.3],
			"to": [8.09946, 8.1, 8.5],
			"rotation": {"angle": 22.5, "axis": "y", "origin": [8, 8, 8]},
			"faces": {
				"north": {"uv": [4.5, 7, 4.625, 7.25], "texture": "#0"},
				"east": {"uv": [0.5, 3, 1, 3.25], "texture": "#0"},
				"south": {"uv": [7, 4.5, 7.125, 4.75], "texture": "#0"},
				"west": {"uv": [3, 0.5, 3.5, 0.75], "texture": "#0"},
				"up": {"uv": [0.625, 5.5, 0.5, 5], "texture": "#0"},
				"down": {"uv": [5.125, 0.5, 5, 1], "texture": "#0"}
			}
		},
		{
			"name": "hexadecagon",
			"from": [7.90054, 7.7, 7.5],
			"to": [8.09946, 8.1, 7.7],
			"rotation": {"angle": 45, "axis": "y", "origin": [8, 8, 8]},
			"faces": {
				"north": {"uv": [5, 7, 5.125, 7.25], "texture": "#0"},
				"east": {"uv": [1, 3, 1.5, 3.25], "texture": "#0"},
				"south": {"uv": [7, 5, 7.125, 5.25], "texture": "#0"},
				"west": {"uv": [3, 1, 3.5, 1.25], "texture": "#0"},
				"up": {"uv": [1.125, 5.5, 1, 5], "texture": "#0"},
				"down": {"uv": [5.125, 1, 5, 1.5], "texture": "#0"}
			}
		},
		{
			"name": "hexadecagon",
			"from": [7.5, 7.7, 7.90054],
			"to": [7.7, 8.1, 8.09946],
			"rotation": {"angle": -22.5, "axis": "y", "origin": [8, 8, 8]},
			"faces": {
				"north": {"uv": [1.5, 3, 2, 3.25], "texture": "#0"},
				"east": {"uv": [5.5, 7, 5.625, 7.25], "texture": "#0"},
				"south": {"uv": [3, 1.5, 3.5, 1.75], "texture": "#0"},
				"west": {"uv": [7, 5.5, 7.125, 5.75], "texture": "#0"},
				"up": {"uv": [2, 5.125, 1.5, 5], "texture": "#0"},
				"down": {"uv": [5.5, 1.5, 5, 1.625], "texture": "#0"}
			}
		},
		{
			"name": "hexadecagon",
			"from": [7.5, 7.7, 7.90054],
			"to": [7.7, 8.1, 8.09946],
			"rotation": {"angle": 0, "axis": "y", "origin": [8, 8, 8]},
			"faces": {
				"north": {"uv": [2, 3, 2.5, 3.25], "texture": "#0"},
				"east": {"uv": [6, 7, 6.125, 7.25], "texture": "#0"},
				"south": {"uv": [3, 2, 3.5, 2.25], "texture": "#0"},
				"west": {"uv": [7, 6, 7.125, 6.25], "texture": "#0"},
				"up": {"uv": [2.5, 5.125, 2, 5], "texture": "#0"},
				"down": {"uv": [5.5, 2, 5, 2.125], "texture": "#0"}
			}
		},
		{
			"name": "hexadecagon",
			"from": [7.5, 7.7, 7.90054],
			"to": [7.7, 8.1, 8.09946],
			"rotation": {"angle": 22.5, "axis": "y", "origin": [8, 8, 8]},
			"faces": {
				"north": {"uv": [2.5, 3, 3, 3.25], "texture": "#0"},
				"east": {"uv": [6.5, 7, 6.625, 7.25], "texture": "#0"},
				"south": {"uv": [3, 2.5, 3.5, 2.75], "texture": "#0"},
				"west": {"uv": [7, 6.5, 7.125, 6.75], "texture": "#0"},
				"up": {"uv": [3, 5.125, 2.5, 5], "texture": "#0"},
				"down": {"uv": [5.5, 2.5, 5, 2.625], "texture": "#0"}
			}
		},
		{
			"name": "hexadecagon",
			"from": [7.90054, 7.7, 8.3],
			"to": [8.09946, 8.1, 8.5],
			"rotation": {"angle": 45, "axis": "y", "origin": [8, 8, 8]},
			"faces": {
				"north": {"uv": [5, 7, 5.125, 7.25], "texture": "#0"},
				"east": {"uv": [1, 3, 1.5, 3.25], "texture": "#0"},
				"south": {"uv": [7, 5, 7.125, 5.25], "texture": "#0"},
				"west": {"uv": [3, 1, 3.5, 1.25], "texture": "#0"},
				"up": {"uv": [1.125, 5.5, 1, 5], "texture": "#0"},
				"down": {"uv": [5.125, 1, 5, 1.5], "texture": "#0"}
			}
		},
		{
			"name": "hexadecagon",
			"from": [8.3, 7.7, 7.90054],
			"to": [8.5, 8.1, 8.09946],
			"rotation": {"angle": 0, "axis": "y", "origin": [8, 8, 8]},
			"faces": {
				"north": {"uv": [2, 3, 2.5, 3.25], "texture": "#0"},
				"east": {"uv": [6, 7, 6.125, 7.25], "texture": "#0"},
				"south": {"uv": [3, 2, 3.5, 2.25], "texture": "#0"},
				"west": {"uv": [7, 6, 7.125, 6.25], "texture": "#0"},
				"up": {"uv": [2.5, 5.125, 2, 5], "texture": "#0"},
				"down": {"uv": [5.5, 2, 5, 2.125], "texture": "#0"}
			}
		},
		{
			"name": "hexadecagon",
			"from": [8.3, 7.7, 7.90054],
			"to": [8.5, 8.1, 8.09946],
			"rotation": {"angle": -22.5, "axis": "y", "origin": [8, 8, 8]},
			"faces": {
				"north": {"uv": [1.5, 3, 2, 3.25], "texture": "#0"},
				"east": {"uv": [5.5, 7, 5.625, 7.25], "texture": "#0"},
				"south": {"uv": [3, 1.5, 3.5, 1.75], "texture": "#0"},
				"west": {"uv": [7, 5.5, 7.125, 5.75], "texture": "#0"},
				"up": {"uv": [2, 5.125, 1.5, 5], "texture": "#0"},
				"down": {"uv": [5.5, 1.5, 5, 1.625], "texture": "#0"}
			}
		},
		{
			"name": "hexadecagon",
			"from": [8.3, 7.7, 7.90054],
			"to": [8.5, 8.1, 8.09946],
			"rotation": {"angle": 22.5, "axis": "y", "origin": [8, 8, 8]},
			"faces": {
				"north": {"uv": [2.5, 3, 3, 3.25], "texture": "#0"},
				"east": {"uv": [6.5, 7, 6.625, 7.25], "texture": "#0"},
				"south": {"uv": [3, 2.5, 3.5, 2.75], "texture": "#0"},
				"west": {"uv": [7, 6.5, 7.125, 6.75], "texture": "#0"},
				"up": {"uv": [3, 5.125, 2.5, 5], "texture": "#0"},
				"down": {"uv": [5.5, 2.5, 5, 2.625], "texture": "#0"}
			}
		},
		{
			"name": "hexadecagon",
			"from": [7.90054, 7.7, 7.5],
			"to": [8.09946, 8.1, 7.7],
			"rotation": {"angle": -45, "axis": "y", "origin": [8, 8, 8]},
			"faces": {
				"north": {"uv": [3, 7, 3.125, 7.25], "texture": "#0"},
				"east": {"uv": [2.5, 1, 3, 1.25], "texture": "#0"},
				"south": {"uv": [7, 3, 7.125, 3.25], "texture": "#0"},
				"west": {"uv": [2.5, 1.5, 3, 1.75], "texture": "#0"},
				"up": {"uv": [4.625, 3.5, 4.5, 3], "texture": "#0"},
				"down": {"uv": [4.625, 3.5, 4.5, 4], "texture": "#0"}
			}
		},
		{
			"name": "hexadecagon",
			"from": [7.90054, 7.7, 7.5],
			"to": [8.09946, 8.1, 7.7],
			"rotation": {"angle": -22.5, "axis": "y", "origin": [8, 8, 8]},
			"faces": {
				"north": {"uv": [3.5, 7, 3.625, 7.25], "texture": "#0"},
				"east": {"uv": [2.5, 2, 3, 2.25], "texture": "#0"},
				"south": {"uv": [7, 3.5, 7.125, 3.75], "texture": "#0"},
				"west": {"uv": [2.5, 2.5, 3, 2.75], "texture": "#0"},
				"up": {"uv": [4.625, 4.5, 4.5, 4], "texture": "#0"},
				"down": {"uv": [4.625, 4.5, 4.5, 5], "texture": "#0"}
			}
		},
		{
			"name": "hexadecagon",
			"from": [7.90054, 7.7, 7.5],
			"to": [8.09946, 8.1, 7.7],
			"rotation": {"angle": 0, "axis": "y", "origin": [8, 8, 8]},
			"faces": {
				"north": {"uv": [4, 7, 4.125, 7.25], "texture": "#0"},
				"east": {"uv": [0, 3, 0.5, 3.25], "texture": "#0"},
				"south": {"uv": [7, 4, 7.125, 4.25], "texture": "#0"},
				"west": {"uv": [3, 0, 3.5, 0.25], "texture": "#0"},
				"up": {"uv": [0.125, 5.5, 0, 5], "texture": "#0"},
				"down": {"uv": [5.125, 0, 5, 0.5], "texture": "#0"}
			}
		},
		{
			"name": "hexadecagon",
			"from": [7.90054, 7.7, 7.5],
			"to": [8.09946, 8.1, 7.7],
			"rotation": {"angle": 22.5, "axis": "y", "origin": [8, 8, 8]},
			"faces": {
				"north": {"uv": [4.5, 7, 4.625, 7.25], "texture": "#0"},
				"east": {"uv": [0.5, 3, 1, 3.25], "texture": "#0"},
				"south": {"uv": [7, 4.5, 7.125, 4.75], "texture": "#0"},
				"west": {"uv": [3, 0.5, 3.5, 0.75], "texture": "#0"},
				"up": {"uv": [0.625, 5.5, 0.5, 5], "texture": "#0"},
				"down": {"uv": [5.125, 0.5, 5, 1], "texture": "#0"}
			}
		},
		{
			"name": "hexadecagon",
			"from": [7.92044, 8.05, 7.6],
			"to": [8.07956, 8.25, 8.4],
			"rotation": {"angle": -45, "axis": "y", "origin": [8, 8.1, 8]},
			"faces": {
				"north": {"uv": [4, 8, 4.125, 8.125], "texture": "#0"},
				"east": {"uv": [0, 6, 0.375, 6.125], "texture": "#0"},
				"south": {"uv": [8, 4, 8.125, 4.125], "texture": "#0"},
				"west": {"uv": [6, 0, 6.375, 0.125], "texture": "#0"},
				"up": {"uv": [0.625, 6.375, 0.5, 6], "texture": "#0"},
				"down": {"uv": [6.125, 0.5, 6, 0.875], "texture": "#0"}
			}
		},
		{
			"name": "hexadecagon",
			"from": [7.92044, 8.05, 7.6],
			"to": [8.07956, 8.25, 8.4],
			"rotation": {"angle": -22.5, "axis": "y", "origin": [8, 8.1, 8]},
			"faces": {
				"north": {"uv": [4.5, 8, 4.625, 8.125], "texture": "#0"},
				"east": {"uv": [1, 6, 1.375, 6.125], "texture": "#0"},
				"south": {"uv": [8, 4.5, 8.125, 4.625], "texture": "#0"},
				"west": {"uv": [6, 1, 6.375, 1.125], "texture": "#0"},
				"up": {"uv": [1.625, 6.375, 1.5, 6], "texture": "#0"},
				"down": {"uv": [6.125, 1.5, 6, 1.875], "texture": "#0"}
			}
		},
		{
			"name": "hexadecagon",
			"from": [7.92044, 8.05, 7.6],
			"to": [8.07956, 8.25, 8.4],
			"rotation": {"angle": 0, "axis": "y", "origin": [8, 8.1, 8]},
			"faces": {
				"north": {"uv": [5, 8, 5.125, 8.125], "texture": "#0"},
				"east": {"uv": [2, 6, 2.375, 6.125], "texture": "#0"},
				"south": {"uv": [8, 5, 8.125, 5.125], "texture": "#0"},
				"west": {"uv": [6, 2, 6.375, 2.125], "texture": "#0"},
				"up": {"uv": [2.625, 6.375, 2.5, 6], "texture": "#0"},
				"down": {"uv": [6.125, 2.5, 6, 2.875], "texture": "#0"}
			}
		},
		{
			"name": "hexadecagon",
			"from": [7.92044, 8.05, 7.6],
			"to": [8.07956, 8.25, 8.4],
			"rotation": {"angle": 22.5, "axis": "y", "origin": [8, 8.1, 8]},
			"faces": {
				"north": {"uv": [5.5, 8, 5.625, 8.125], "texture": "#0"},
				"east": {"uv": [3, 6, 3.375, 6.125], "texture": "#0"},
				"south": {"uv": [8, 5.5, 8.125, 5.625], "texture": "#0"},
				"west": {"uv": [6, 3, 6.375, 3.125], "texture": "#0"},
				"up": {"uv": [3.625, 6.375, 3.5, 6], "texture": "#0"},
				"down": {"uv": [6.125, 3.5, 6, 3.875], "texture": "#0"}
			}
		},
		{
			"name": "hexadecagon",
			"from": [7.92044, 8.05, 7.6],
			"to": [8.07956, 8.25, 8.4],
			"rotation": {"angle": 45, "axis": "y", "origin": [8, 8.1, 8]},
			"faces": {
				"north": {"uv": [6, 8, 6.125, 8.125], "texture": "#0"},
				"east": {"uv": [4, 6, 4.375, 6.125], "texture": "#0"},
				"south": {"uv": [8, 6, 8.125, 6.125], "texture": "#0"},
				"west": {"uv": [6, 4, 6.375, 4.125], "texture": "#0"},
				"up": {"uv": [4.625, 6.375, 4.5, 6], "texture": "#0"},
				"down": {"uv": [6.125, 4.5, 6, 4.875], "texture": "#0"}
			}
		},
		{
			"name": "hexadecagon",
			"from": [7.6, 8.05, 7.92044],
			"to": [8.4, 8.25, 8.07956],
			"rotation": {"angle": -22.5, "axis": "y", "origin": [8, 8.1, 8]},
			"faces": {
				"north": {"uv": [5, 6, 5.375, 6.125], "texture": "#0"},
				"east": {"uv": [6.5, 8, 6.625, 8.125], "texture": "#0"},
				"south": {"uv": [6, 5, 6.375, 5.125], "texture": "#0"},
				"west": {"uv": [8, 6.5, 8.125, 6.625], "texture": "#0"},
				"up": {"uv": [5.875, 6.125, 5.5, 6], "texture": "#0"},
				"down": {"uv": [6.375, 5.5, 6, 5.625], "texture": "#0"}
			}
		},
		{
			"name": "hexadecagon",
			"from": [7.6, 8.05, 7.92044],
			"to": [8.4, 8.25, 8.07956],
			"rotation": {"angle": 0, "axis": "y", "origin": [8, 8.1, 8]},
			"faces": {
				"north": {"uv": [6, 6, 6.375, 6.125], "texture": "#0"},
				"east": {"uv": [7, 8, 7.125, 8.125], "texture": "#0"},
				"south": {"uv": [0, 6.5, 0.375, 6.625], "texture": "#0"},
				"west": {"uv": [8, 7, 8.125, 7.125], "texture": "#0"},
				"up": {"uv": [6.875, 0.125, 6.5, 0], "texture": "#0"},
				"down": {"uv": [0.875, 6.5, 0.5, 6.625], "texture": "#0"}
			}
		},
		{
			"name": "hexadecagon",
			"from": [7.6, 8.05, 7.92044],
			"to": [8.4, 8.25, 8.07956],
			"rotation": {"angle": 22.5, "axis": "y", "origin": [8, 8.1, 8]},
			"faces": {
				"north": {"uv": [6.5, 0.5, 6.875, 0.625], "texture": "#0"},
				"east": {"uv": [7.5, 8, 7.625, 8.125], "texture": "#0"},
				"south": {"uv": [1, 6.5, 1.375, 6.625], "texture": "#0"},
				"west": {"uv": [8, 7.5, 8.125, 7.625], "texture": "#0"},
				"up": {"uv": [6.875, 1.125, 6.5, 1], "texture": "#0"},
				"down": {"uv": [1.875, 6.5, 1.5, 6.625], "texture": "#0"}
			}
		},
		{
			"name": "hexadecagon",
			"from": [7.90054, 8.2, 7.5],
			"to": [8.09946, 9.7, 7.6],
			"rotation": {"angle": -45, "axis": "y", "origin": [8, 9.2, 8]},
			"faces": {
				"north": {"uv": [0, 4, 0.125, 4.75], "texture": "#0"},
				"east": {"uv": [0, 0, 0.5, 0.75], "texture": "#0"},
				"south": {"uv": [4, 0, 4.125, 0.75], "texture": "#0"},
				"west": {"uv": [0.5, 0, 1, 0.75], "texture": "#0"},
				"up": {"uv": [3.125, 5.5, 3, 5], "texture": "#0"},
				"down": {"uv": [5.125, 3, 5, 3.5], "texture": "#0"}
			}
		},
		{
			"name": "hexadecagon",
			"from": [7.90054, 8.2, 7.5],
			"to": [8.09946, 9.7, 7.6],
			"rotation": {"angle": -22.5, "axis": "y", "origin": [8, 9.2, 8]},
			"faces": {
				"north": {"uv": [0.5, 4, 0.625, 4.75], "texture": "#0"},
				"east": {"uv": [0, 1, 0.5, 1.75], "texture": "#0"},
				"south": {"uv": [1, 4, 1.125, 4.75], "texture": "#0"},
				"west": {"uv": [1, 0, 1.5, 0.75], "texture": "#0"},
				"up": {"uv": [3.625, 5.5, 3.5, 5], "texture": "#0"},
				"down": {"uv": [5.125, 3.5, 5, 4], "texture": "#0"}
			}
		},
		{
			"name": "hexadecagon",
			"from": [7.90054, 8.2, 8.4],
			"to": [8.09946, 9.7, 8.5],
			"rotation": {"angle": 0, "axis": "y", "origin": [8, 9.2, 8]},
			"faces": {
				"north": {"uv": [4, 1, 4.125, 1.75], "texture": "#0"},
				"east": {"uv": [0.5, 1, 1, 1.75], "texture": "#0"},
				"south": {"uv": [1.5, 4, 1.625, 4.75], "texture": "#0"},
				"west": {"uv": [1, 1, 1.5, 1.75], "texture": "#0"},
				"up": {"uv": [4.125, 5.5, 4, 5], "texture": "#0"},
				"down": {"uv": [5.125, 4, 5, 4.5], "texture": "#0"}
			}
		},
		{
			"name": "hexadecagon",
			"from": [7.90054, 8.2, 8.4],
			"to": [8.09946, 9.7, 8.5],
			"rotation": {"angle": 22.5, "axis": "y", "origin": [8, 9.2, 8]},
			"faces": {
				"north": {"uv": [2, 4, 2.125, 4.75], "texture": "#0"},
				"east": {"uv": [1.5, 0, 2, 0.75], "texture": "#0"},
				"south": {"uv": [4, 2, 4.125, 2.75], "texture": "#0"},
				"west": {"uv": [1.5, 1, 2, 1.75], "texture": "#0"},
				"up": {"uv": [4.625, 5.5, 4.5, 5], "texture": "#0"},
				"down": {"uv": [5.125, 4.5, 5, 5], "texture": "#0"}
			}
		},
		{
			"name": "hexadecagon",
			"from": [7.90054, 8.2, 8.4],
			"to": [8.09946, 9.7, 8.5],
			"rotation": {"angle": 45, "axis": "y", "origin": [8, 9.2, 8]},
			"faces": {
				"north": {"uv": [2.5, 4, 2.625, 4.75], "texture": "#0"},
				"east": {"uv": [0, 2, 0.5, 2.75], "texture": "#0"},
				"south": {"uv": [3, 4, 3.125, 4.75], "texture": "#0"},
				"west": {"uv": [2, 0, 2.5, 0.75], "texture": "#0"},
				"up": {"uv": [5.125, 5.5, 5, 5], "texture": "#0"},
				"down": {"uv": [0.125, 5.5, 0, 6], "texture": "#0"}
			}
		},
		{
			"name": "hexadecagon",
			"from": [8.4, 8.2, 7.90054],
			"to": [8.5, 9.7, 8.09946],
			"rotation": {"angle": -22.5, "axis": "y", "origin": [8, 9.2, 8]},
			"faces": {
				"north": {"uv": [0.5, 2, 1, 2.75], "texture": "#0"},
				"east": {"uv": [4, 3, 4.125, 3.75], "texture": "#0"},
				"south": {"uv": [1, 2, 1.5, 2.75], "texture": "#0"},
				"west": {"uv": [3.5, 4, 3.625, 4.75], "texture": "#0"},
				"up": {"uv": [6, 0.125, 5.5, 0], "texture": "#0"},
				"down": {"uv": [1, 5.5, 0.5, 5.625], "texture": "#0"}
			}
		},
		{
			"name": "hexadecagon",
			"from": [8.4, 8.2, 7.90054],
			"to": [8.5, 9.7, 8.09946],
			"rotation": {"angle": 0, "axis": "y", "origin": [8, 9.2, 8]},
			"faces": {
				"north": {"uv": [2, 1, 2.5, 1.75], "texture": "#0"},
				"east": {"uv": [4, 4, 4.125, 4.75], "texture": "#0"},
				"south": {"uv": [1.5, 2, 2, 2.75], "texture": "#0"},
				"west": {"uv": [4.5, 0, 4.625, 0.75], "texture": "#0"},
				"up": {"uv": [6, 0.625, 5.5, 0.5], "texture": "#0"},
				"down": {"uv": [1.5, 5.5, 1, 5.625], "texture": "#0"}
			}
		},
		{
			"name": "hexadecagon",
			"from": [8.4, 8.2, 7.90054],
			"to": [8.5, 9.7, 8.09946],
			"rotation": {"angle": 22.5, "axis": "y", "origin": [8, 9.2, 8]},
			"faces": {
				"north": {"uv": [2, 2, 2.5, 2.75], "texture": "#0"},
				"east": {"uv": [4.5, 1, 4.625, 1.75], "texture": "#0"},
				"south": {"uv": [2.5, 0, 3, 0.75], "texture": "#0"},
				"west": {"uv": [4.5, 2, 4.625, 2.75], "texture": "#0"},
				"up": {"uv": [6, 1.125, 5.5, 1], "texture": "#0"},
				"down": {"uv": [2, 5.5, 1.5, 5.625], "texture": "#0"}
			}
		},
		{
			"name": "hexadecagon",
			"from": [7.90054, 8.2, 8.4],
			"to": [8.09946, 9.7, 8.5],
			"rotation": {"angle": -22.5, "axis": "y", "origin": [8, 9.2, 8]},
			"faces": {
				"north": {"uv": [0.5, 4, 0.625, 4.75], "texture": "#0"},
				"east": {"uv": [0, 1, 0.5, 1.75], "texture": "#0"},
				"south": {"uv": [1, 4, 1.125, 4.75], "texture": "#0"},
				"west": {"uv": [1, 0, 1.5, 0.75], "texture": "#0"},
				"up": {"uv": [3.625, 5.5, 3.5, 5], "texture": "#0"},
				"down": {"uv": [5.125, 3.5, 5, 4], "texture": "#0"}
			}
		},
		{
			"name": "hexadecagon",
			"from": [7.90054, 8.2, 8.4],
			"to": [8.09946, 9.7, 8.5],
			"rotation": {"angle": -45, "axis": "y", "origin": [8, 9.2, 8]},
			"faces": {
				"north": {"uv": [0, 4, 0.125, 4.75], "texture": "#0"},
				"east": {"uv": [0, 0, 0.5, 0.75], "texture": "#0"},
				"south": {"uv": [4, 0, 4.125, 0.75], "texture": "#0"},
				"west": {"uv": [0.5, 0, 1, 0.75], "texture": "#0"},
				"up": {"uv": [3.125, 5.5, 3, 5], "texture": "#0"},
				"down": {"uv": [5.125, 3, 5, 3.5], "texture": "#0"}
			}
		},
		{
			"name": "hexadecagon",
			"from": [7.5, 8.2, 7.90054],
			"to": [7.6, 9.7, 8.09946],
			"rotation": {"angle": 22.5, "axis": "y", "origin": [8, 9.2, 8]},
			"faces": {
				"north": {"uv": [2, 2, 2.5, 2.75], "texture": "#0"},
				"east": {"uv": [4.5, 1, 4.625, 1.75], "texture": "#0"},
				"south": {"uv": [2.5, 0, 3, 0.75], "texture": "#0"},
				"west": {"uv": [4.5, 2, 4.625, 2.75], "texture": "#0"},
				"up": {"uv": [6, 1.125, 5.5, 1], "texture": "#0"},
				"down": {"uv": [2, 5.5, 1.5, 5.625], "texture": "#0"}
			}
		},
		{
			"name": "hexadecagon",
			"from": [7.5, 8.2, 7.90054],
			"to": [7.6, 9.7, 8.09946],
			"rotation": {"angle": -22.5, "axis": "y", "origin": [8, 9.2, 8]},
			"faces": {
				"north": {"uv": [0.5, 2, 1, 2.75], "texture": "#0"},
				"east": {"uv": [4, 3, 4.125, 3.75], "texture": "#0"},
				"south": {"uv": [1, 2, 1.5, 2.75], "texture": "#0"},
				"west": {"uv": [3.5, 4, 3.625, 4.75], "texture": "#0"},
				"up": {"uv": [6, 0.125, 5.5, 0], "texture": "#0"},
				"down": {"uv": [1, 5.5, 0.5, 5.625], "texture": "#0"}
			}
		},
		{
			"name": "hexadecagon",
			"from": [7.5, 8.2, 7.90054],
			"to": [7.6, 9.7, 8.09946],
			"rotation": {"angle": 0, "axis": "y", "origin": [8, 9.2, 8]},
			"faces": {
				"north": {"uv": [2, 1, 2.5, 1.75], "texture": "#0"},
				"east": {"uv": [4, 4, 4.125, 4.75], "texture": "#0"},
				"south": {"uv": [1.5, 2, 2, 2.75], "texture": "#0"},
				"west": {"uv": [4.5, 0, 4.625, 0.75], "texture": "#0"},
				"up": {"uv": [6, 0.625, 5.5, 0.5], "texture": "#0"},
				"down": {"uv": [1.5, 5.5, 1, 5.625], "texture": "#0"}
			}
		},
		{
			"name": "hexadecagon",
			"from": [7.90054, 8.2, 7.5],
			"to": [8.09946, 9.7, 7.6],
			"rotation": {"angle": 45, "axis": "y", "origin": [8, 9.2, 8]},
			"faces": {
				"north": {"uv": [2.5, 4, 2.625, 4.75], "texture": "#0"},
				"east": {"uv": [0, 2, 0.5, 2.75], "texture": "#0"},
				"south": {"uv": [3, 4, 3.125, 4.75], "texture": "#0"},
				"west": {"uv": [2, 0, 2.5, 0.75], "texture": "#0"},
				"up": {"uv": [5.125, 5.5, 5, 5], "texture": "#0"},
				"down": {"uv": [0.125, 5.5, 0, 6], "texture": "#0"}
			}
		},
		{
			"name": "hexadecagon",
			"from": [7.90054, 8.2, 7.5],
			"to": [8.09946, 9.7, 7.6],
			"rotation": {"angle": 0, "axis": "y", "origin": [8, 9.2, 8]},
			"faces": {
				"north": {"uv": [4, 1, 4.125, 1.75], "texture": "#0"},
				"east": {"uv": [0.5, 1, 1, 1.75], "texture": "#0"},
				"south": {"uv": [1.5, 4, 1.625, 4.75], "texture": "#0"},
				"west": {"uv": [1, 1, 1.5, 1.75], "texture": "#0"},
				"up": {"uv": [4.125, 5.5, 4, 5], "texture": "#0"},
				"down": {"uv": [5.125, 4, 5, 4.5], "texture": "#0"}
			}
		},
		{
			"name": "hexadecagon",
			"from": [7.90054, 8.2, 7.5],
			"to": [8.09946, 9.7, 7.6],
			"rotation": {"angle": 22.5, "axis": "y", "origin": [8, 9.2, 8]},
			"faces": {
				"north": {"uv": [2, 4, 2.125, 4.75], "texture": "#0"},
				"east": {"uv": [1.5, 0, 2, 0.75], "texture": "#0"},
				"south": {"uv": [4, 2, 4.125, 2.75], "texture": "#0"},
				"west": {"uv": [1.5, 1, 2, 1.75], "texture": "#0"},
				"up": {"uv": [4.625, 5.5, 4.5, 5], "texture": "#0"},
				"down": {"uv": [5.125, 4.5, 5, 5], "texture": "#0"}
			}
		}
	],
	"display": {
		"firstperson_righthand": {
			"translation": [0, 0.5, 0],
			"scale": [2, 2, 1]
		},
		"firstperson_lefthand": {
			"scale": [2, 2, 1]
		},
		"ground": {
			"rotation": [0, 0, 90],
			"translation": [0, -3, 0]
		},
		"gui": {
			"rotation": [-7, 22, 19],
			"translation": [1.25, -4, 0],
			"scale": [4, 4, 1]
		}
	},
	"groups": [
		{
			"name": "hexadecagon",
			"origin": [8, 8, 8],
			"color": 0,
			"children": [0, 1, 2, 3, 4, 5, 6, 7, 8, 9, 10, 11, 12, 13, 14, 15]
		},
		{
			"name": "hexadecagon",
			"origin": [8, 8, 8],
			"color": 0,
			"children": [16, 17, 18, 19, 20, 21, 22, 23]
		},
		{
			"name": "hexadecagon",
			"origin": [8, 8, 8],
			"color": 0,
			"children": [24, 25, 26, 27, 28, 29, 30, 31, 32, 33, 34, 35, 36, 37, 38, 39]
		},
		{
			"name": "hexadecagon",
			"origin": [8, 8, 8],
			"color": 0,
			"children": []
		},
		{
			"name": "hexadecagon",
			"origin": [8, 8, 8],
			"color": 0,
			"children": []
		},
		{
			"name": "hexadecagon",
			"origin": [8, 6.46587, 8],
			"color": 0,
			"children": []
		}
	]
}