{
	"credit": "Made with Blockbench",
	"texture_size": [64, 64],
	"textures": {
		"0": "items/tt",
		"1": "items/rgbsheet1",
		"particle": "items/rgbsheet1"
	},
	"elements": [
		{
			"from": [6.974, 0, -5.167],
			"to": [9.026, 2.052, 9.71],
			"rotation": {"angle": 0, "axis": "y", "origin": [-5.68, 0, -5.68]},
			"faces": {
				"north": {"uv": [0.5, 4.25, 0.8125, 4.5625], "texture": "#0"},
				"east": {"uv": [0, 0, 2.1875, 0.3125], "texture": "#0"},
				"south": {"uv": [1.5, 4.25, 1.8125, 4.5625], "texture": "#0"},
				"west": {"uv": [0, 0.5, 2.1875, 0.8125], "texture": "#0"},
				"up": {"uv": [0.3125, 3.1875, 0, 1], "texture": "#0"},
				"down": {"uv": [0.8125, 1, 0.5, 3.1875], "texture": "#0"}
			}
		},
		{
			"from": [6.974, 2.052, -0.892],
			"to": [9.026, 3.42, 2.528],
			"rotation": {"angle": 0, "axis": "y", "origin": [-5.68, 0, -5.68]},
			"faces": {
				"north": {"uv": [5, 1.25, 5.3125, 1.4375], "texture": "#0"},
				"east": {"uv": [4, 2.75, 4.5, 2.9375], "texture": "#0"},
				"south": {"uv": [5, 1.75, 5.3125, 1.9375], "texture": "#0"},
				"west": {"uv": [4.5, 0.75, 5, 0.9375], "texture": "#0"},
				"up": {"uv": [0.3125, 4.5, 0, 4], "texture": "#0"},
				"down": {"uv": [1.3125, 4, 1, 4.5], "texture": "#0"}
			}
		},
		{
			"from": [6.632, 1.881, 8.342],
			"to": [6.803, 3.249, 8.513],
			"rotation": {"angle": 0, "axis": "y", "origin": [-5.68, 0, -5.68]},
			"faces": {
				"north": {"uv": [7.75, 5.5, 7.8125, 5.6875], "texture": "#0"},
				"east": {"uv": [5.75, 7.75, 5.8125, 7.9375], "texture": "#0"},
				"south": {"uv": [7.75, 5.75, 7.8125, 5.9375], "texture": "#0"},
				"west": {"uv": [6, 7.75, 6.0625, 7.9375], "texture": "#0"},
				"up": {"uv": [5.3125, 9.5625, 5.25, 9.5], "texture": "#0"},
				"down": {"uv": [9.5625, 5.25, 9.5, 5.3125], "texture": "#0"}
			}
		},
		{
			"from": [6.632, 1.881, 7.829],
			"to": [6.803, 3.249, 8],
			"rotation": {"angle": 0, "axis": "y", "origin": [-5.68, 0, -5.68]},
			"faces": {
				"north": {"uv": [7.75, 6, 7.8125, 6.1875], "texture": "#0"},
				"east": {"uv": [6.25, 7.75, 6.3125, 7.9375], "texture": "#0"},
				"south": {"uv": [7.75, 6.25, 7.8125, 6.4375], "texture": "#0"},
				"west": {"uv": [6.5, 7.75, 6.5625, 7.9375], "texture": "#0"},
				"up": {"uv": [5.5625, 9.5625, 5.5, 9.5], "texture": "#0"},
				"down": {"uv": [9.5625, 5.5, 9.5, 5.5625], "texture": "#0"}
			}
		},
		{
			"from": [6.632, 1.881, 6.803],
			"to": [6.803, 3.249, 6.974],
			"rotation": {"angle": 0, "axis": "y", "origin": [-5.68, 0, -5.68]},
			"faces": {
				"north": {"uv": [7.75, 7, 7.8125, 7.1875], "texture": "#0"},
				"east": {"uv": [7.25, 7.75, 7.3125, 7.9375], "texture": "#0"},
				"south": {"uv": [7.75, 7.25, 7.8125, 7.4375], "texture": "#0"},
				"west": {"uv": [7.5, 7.75, 7.5625, 7.9375], "texture": "#0"},
				"up": {"uv": [6.0625, 9.5625, 6, 9.5], "texture": "#0"},
				"down": {"uv": [9.5625, 6, 9.5, 6.0625], "texture": "#0"}
			}
		},
		{
			"from": [6.632, 1.881, 7.316],
			"to": [6.803, 3.249, 7.487],
			"rotation": {"angle": 0, "axis": "y", "origin": [-5.68, 0, -5.68]},
			"faces": {
				"north": {"uv": [7.75, 6.5, 7.8125, 6.6875], "texture": "#0"},
				"east": {"uv": [6.75, 7.75, 6.8125, 7.9375], "texture": "#0"},
				"south": {"uv": [7.75, 6.75, 7.8125, 6.9375], "texture": "#0"},
				"west": {"uv": [7, 7.75, 7.0625, 7.9375], "texture": "#0"},
				"up": {"uv": [5.8125, 9.5625, 5.75, 9.5], "texture": "#0"},
				"down": {"uv": [9.5625, 5.75, 9.5, 5.8125], "texture": "#0"}
			}
		},
		{
			"from": [6.632, 1.881, 4.751],
			"to": [6.803, 3.249, 4.922],
			"rotation": {"angle": 0, "axis": "y", "origin": [-5.68, 0, -5.68]},
			"faces": {
				"north": {"uv": [1.25, 8, 1.3125, 8.1875], "texture": "#0"},
				"east": {"uv": [8, 1.25, 8.0625, 1.4375], "texture": "#0"},
				"south": {"uv": [1.5, 8, 1.5625, 8.1875], "texture": "#0"},
				"west": {"uv": [8, 1.5, 8.0625, 1.6875], "texture": "#0"},
				"up": {"uv": [7.0625, 9.5625, 7, 9.5], "texture": "#0"},
				"down": {"uv": [9.5625, 7, 9.5, 7.0625], "texture": "#0"}
			}
		},
		{
			"from": [6.632, 1.881, 5.264],
			"to": [6.803, 3.249, 5.435],
			"rotation": {"angle": 0, "axis": "y", "origin": [-5.68, 0, -5.68]},
			"faces": {
				"north": {"uv": [0.75, 8, 0.8125, 8.1875], "texture": "#0"},
				"east": {"uv": [8, 0.75, 8.0625, 0.9375], "texture": "#0"},
				"south": {"uv": [1, 8, 1.0625, 8.1875], "texture": "#0"},
				"west": {"uv": [8, 1, 8.0625, 1.1875], "texture": "#0"},
				"up": {"uv": [6.8125, 9.5625, 6.75, 9.5], "texture": "#0"},
				"down": {"uv": [9.5625, 6.75, 9.5, 6.8125], "texture": "#0"}
			}
		},
		{
			"from": [6.632, 1.881, 5.777],
			"to": [6.803, 3.249, 5.948],
			"rotation": {"angle": 0, "axis": "y", "origin": [-5.68, 0, -5.68]},
			"faces": {
				"north": {"uv": [0.25, 8, 0.3125, 8.1875], "texture": "#0"},
				"east": {"uv": [8, 0.25, 8.0625, 0.4375], "texture": "#0"},
				"south": {"uv": [0.5, 8, 0.5625, 8.1875], "texture": "#0"},
				"west": {"uv": [8, 0.5, 8.0625, 0.6875], "texture": "#0"},
				"up": {"uv": [6.5625, 9.5625, 6.5, 9.5], "texture": "#0"},
				"down": {"uv": [9.5625, 6.5, 9.5, 6.5625], "texture": "#0"}
			}
		},
		{
			"from": [6.632, 1.881, 6.29],
			"to": [6.803, 3.249, 6.461],
			"rotation": {"angle": 0, "axis": "y", "origin": [-5.68, 0, -5.68]},
			"faces": {
				"north": {"uv": [7.75, 7.5, 7.8125, 7.6875], "texture": "#0"},
				"east": {"uv": [7.75, 7.75, 7.8125, 7.9375], "texture": "#0"},
				"south": {"uv": [0, 8, 0.0625, 8.1875], "texture": "#0"},
				"west": {"uv": [8, 0, 8.0625, 0.1875], "texture": "#0"},
				"up": {"uv": [6.3125, 9.5625, 6.25, 9.5], "texture": "#0"},
				"down": {"uv": [9.5625, 6.25, 9.5, 6.3125], "texture": "#0"}
			}
		},
		{
			"from": [9.197, 1.881, 4.751],
			"to": [9.368, 3.249, 4.922],
			"rotation": {"angle": 0, "axis": "y", "origin": [21.68, 0, -5.68]},
			"faces": {
				"north": {"uv": [5.25, 8, 5.3125, 8.1875], "texture": "#0"},
				"east": {"uv": [8, 5.25, 8.0625, 5.4375], "texture": "#0"},
				"south": {"uv": [5.5, 8, 5.5625, 8.1875], "texture": "#0"},
				"west": {"uv": [8, 5.5, 8.0625, 5.6875], "texture": "#0"},
				"up": {"uv": [9.0625, 9.5625, 9, 9.5], "texture": "#0"},
				"down": {"uv": [9.5625, 9, 9.5, 9.0625], "texture": "#0"}
			}
		},
		{
			"from": [9.197, 1.881, 5.264],
			"to": [9.368, 3.249, 5.435],
			"rotation": {"angle": 0, "axis": "y", "origin": [21.68, 0, -5.68]},
			"faces": {
				"north": {"uv": [4.75, 8, 4.8125, 8.1875], "texture": "#0"},
				"east": {"uv": [8, 4.75, 8.0625, 4.9375], "texture": "#0"},
				"south": {"uv": [5, 8, 5.0625, 8.1875], "texture": "#0"},
				"west": {"uv": [8, 5, 8.0625, 5.1875], "texture": "#0"},
				"up": {"uv": [8.8125, 9.5625, 8.75, 9.5], "texture": "#0"},
				"down": {"uv": [9.5625, 8.75, 9.5, 8.8125], "texture": "#0"}
			}
		},
		{
			"from": [9.197, 1.881, 5.777],
			"to": [9.368, 3.249, 5.948],
			"rotation": {"angle": 0, "axis": "y", "origin": [21.68, 0, -5.68]},
			"faces": {
				"north": {"uv": [4.25, 8, 4.3125, 8.1875], "texture": "#0"},
				"east": {"uv": [8, 4.25, 8.0625, 4.4375], "texture": "#0"},
				"south": {"uv": [4.5, 8, 4.5625, 8.1875], "texture": "#0"},
				"west": {"uv": [8, 4.5, 8.0625, 4.6875], "texture": "#0"},
				"up": {"uv": [8.5625, 9.5625, 8.5, 9.5], "texture": "#0"},
				"down": {"uv": [9.5625, 8.5, 9.5, 8.5625], "texture": "#0"}
			}
		},
		{
			"from": [9.197, 1.881, 6.29],
			"to": [9.368, 3.249, 6.461],
			"rotation": {"angle": 0, "axis": "y", "origin": [21.68, 0, -5.68]},
			"faces": {
				"north": {"uv": [3.75, 8, 3.8125, 8.1875], "texture": "#0"},
				"east": {"uv": [8, 3.75, 8.0625, 3.9375], "texture": "#0"},
				"south": {"uv": [4, 8, 4.0625, 8.1875], "texture": "#0"},
				"west": {"uv": [8, 4, 8.0625, 4.1875], "texture": "#0"},
				"up": {"uv": [8.3125, 9.5625, 8.25, 9.5], "texture": "#0"},
				"down": {"uv": [9.5625, 8.25, 9.5, 8.3125], "texture": "#0"}
			}
		},
		{
			"from": [9.197, 1.881, 6.803],
			"to": [9.368, 3.249, 6.974],
			"rotation": {"angle": 0, "axis": "y", "origin": [21.68, 0, -5.68]},
			"faces": {
				"north": {"uv": [3.25, 8, 3.3125, 8.1875], "texture": "#0"},
				"east": {"uv": [8, 3.25, 8.0625, 3.4375], "texture": "#0"},
				"south": {"uv": [3.5, 8, 3.5625, 8.1875], "texture": "#0"},
				"west": {"uv": [8, 3.5, 8.0625, 3.6875], "texture": "#0"},
				"up": {"uv": [8.0625, 9.5625, 8, 9.5], "texture": "#0"},
				"down": {"uv": [9.5625, 8, 9.5, 8.0625], "texture": "#0"}
			}
		},
		{
			"from": [9.197, 1.881, 7.316],
			"to": [9.368, 3.249, 7.487],
			"rotation": {"angle": 0, "axis": "y", "origin": [21.68, 0, -5.68]},
			"faces": {
				"north": {"uv": [2.75, 8, 2.8125, 8.1875], "texture": "#0"},
				"east": {"uv": [8, 2.75, 8.0625, 2.9375], "texture": "#0"},
				"south": {"uv": [3, 8, 3.0625, 8.1875], "texture": "#0"},
				"west": {"uv": [8, 3, 8.0625, 3.1875], "texture": "#0"},
				"up": {"uv": [7.8125, 9.5625, 7.75, 9.5], "texture": "#0"},
				"down": {"uv": [9.5625, 7.75, 9.5, 7.8125], "texture": "#0"}
			}
		},
		{
			"from": [9.197, 1.881, 7.829],
			"to": [9.368, 3.249, 8],
			"rotation": {"angle": 0, "axis": "y", "origin": [21.68, 0, -5.68]},
			"faces": {
				"north": {"uv": [2.25, 8, 2.3125, 8.1875], "texture": "#0"},
				"east": {"uv": [8, 2.25, 8.0625, 2.4375], "texture": "#0"},
				"south": {"uv": [2.5, 8, 2.5625, 8.1875], "texture": "#0"},
				"west": {"uv": [8, 2.5, 8.0625, 2.6875], "texture": "#0"},
				"up": {"uv": [7.5625, 9.5625, 7.5, 9.5], "texture": "#0"},
				"down": {"uv": [9.5625, 7.5, 9.5, 7.5625], "texture": "#0"}
			}
		},
		{
			"from": [9.197, 1.881, 8.342],
			"to": [9.368, 3.249, 8.513],
			"rotation": {"angle": 0, "axis": "y", "origin": [21.68, 0, -5.68]},
			"faces": {
				"north": {"uv": [1.75, 8, 1.8125, 8.1875], "texture": "#0"},
				"east": {"uv": [8, 1.75, 8.0625, 1.9375], "texture": "#0"},
				"south": {"uv": [2, 8, 2.0625, 8.1875], "texture": "#0"},
				"west": {"uv": [8, 2, 8.0625, 2.1875], "texture": "#0"},
				"up": {"uv": [7.3125, 9.5625, 7.25, 9.5], "texture": "#0"},
				"down": {"uv": [9.5625, 7.25, 9.5, 7.3125], "texture": "#0"}
			}
		},
		{
			"from": [7.145, 0.171, -8.416],
			"to": [8.855, 1.881, -5.167],
			"rotation": {"angle": 0, "axis": "y", "origin": [-5.68, 0, -5.68]},
			"faces": {
				"north": {"uv": [2.75, 0.75, 3, 1], "texture": "#0"},
				"east": {"uv": [2, 4, 2.5, 4.25], "texture": "#0"},
				"south": {"uv": [4.75, 1.25, 5, 1.5], "texture": "#0"},
				"west": {"uv": [4, 2.5, 4.5, 2.75], "texture": "#0"},
				"up": {"uv": [3.25, 4.5, 3, 4], "texture": "#0"},
				"down": {"uv": [3.5, 4, 3.25, 4.5], "texture": "#0"}
			}
		},
		{
			"from": [6.803, 2.052, 2.528],
			"to": [9.197, 3.249, 8.855],
			"rotation": {"angle": 0, "axis": "y", "origin": [-5.68, 0, -5.68]},
			"faces": {
				"north": {"uv": [4.5, 3.25, 4.875, 3.4375], "texture": "#0"},
				"east": {"uv": [3, 3.25, 3.9375, 3.4375], "texture": "#0"},
				"south": {"uv": [3.5, 4.5, 3.875, 4.6875], "texture": "#0"},
				"west": {"uv": [3.5, 0.75, 4.4375, 0.9375], "texture": "#0"},
				"up": {"uv": [2.375, 3.1875, 2, 2.25], "texture": "#0"},
				"down": {"uv": [2.875, 1, 2.5, 1.9375], "texture": "#0"}
			}
		},
		{
			"from": [9.026, 2.052, -0.892],
			"to": [9.197, 2.394, 2.528],
			"rotation": {"angle": 0, "axis": "y", "origin": [-5.68, 0, -5.68]},
			"faces": {
				"north": {"uv": [9.75, 3.25, 9.8125, 3.3125], "texture": "#0"},
				"east": {"uv": [6.75, 5, 7.25, 5.0625], "texture": "#0"},
				"south": {"uv": [3.5, 9.75, 3.5625, 9.8125], "texture": "#0"},
				"west": {"uv": [6.75, 5.25, 7.25, 5.3125], "texture": "#0"},
				"up": {"uv": [6.8125, 6, 6.75, 5.5], "texture": "#0"},
				"down": {"uv": [6.0625, 6.75, 6, 7.25], "texture": "#0"}
			}
		},
		{
			"from": [6.803, 2.052, -0.892],
			"to": [6.974, 3.249, 2.528],
			"rotation": {"angle": 0, "axis": "y", "origin": [-5.68, 0, -5.68]},
			"faces": {
				"north": {"uv": [8.25, 1, 8.3125, 1.1875], "texture": "#0"},
				"east": {"uv": [1, 4.5, 1.5, 4.6875], "texture": "#0"},
				"south": {"uv": [1.25, 8.25, 1.3125, 8.4375], "texture": "#0"},
				"west": {"uv": [4.5, 1, 5, 1.1875], "texture": "#0"},
				"up": {"uv": [6.8125, 7, 6.75, 6.5], "texture": "#0"},
				"down": {"uv": [7.0625, 0, 7, 0.5], "texture": "#0"}
			}
		},
		{
			"from": [6.803, 1.881, 1.502],
			"to": [9.197, 2.052, 2.015],
			"rotation": {"angle": 0, "axis": "y", "origin": [-5.68, 0, -5.68]},
			"faces": {
				"north": {"uv": [7.25, 0.75, 7.625, 0.8125], "texture": "#0"},
				"east": {"uv": [9.75, 3.5, 9.8125, 3.5625], "texture": "#0"},
				"south": {"uv": [7.25, 1, 7.625, 1.0625], "texture": "#0"},
				"west": {"uv": [3.75, 9.75, 3.8125, 9.8125], "texture": "#0"},
				"up": {"uv": [7.625, 1.3125, 7.25, 1.25], "texture": "#0"},
				"down": {"uv": [7.625, 1.5, 7.25, 1.5625], "texture": "#0"}
			}
		},
		{
			"from": [6.803, 2.052, -6.022],
			"to": [9.197, 3.249, -0.892],
			"rotation": {"angle": 0, "axis": "y", "origin": [-5.68, 0, -5.68]},
			"faces": {
				"north": {"uv": [4.75, 0.25, 5.125, 0.4375], "texture": "#0"},
				"east": {"uv": [4, 2, 4.75, 2.1875], "texture": "#0"},
				"south": {"uv": [1, 4.75, 1.375, 4.9375], "texture": "#0"},
				"west": {"uv": [4, 2.25, 4.75, 2.4375], "texture": "#0"},
				"up": {"uv": [1.875, 3.75, 1.5, 3], "texture": "#0"},
				"down": {"uv": [3.375, 1.75, 3, 2.5], "texture": "#0"}
			}
		},
		{
			"from": [6.803, 1.881, -6.022],
			"to": [9.197, 2.052, 1.502],
			"rotation": {"angle": 0, "axis": "y", "origin": [-5.68, 0, -5.68]},
			"faces": {
				"north": {"uv": [7, 6.75, 7.375, 6.8125], "texture": "#0"},
				"east": {"uv": [4.5, 4, 5.625, 4.0625], "texture": "#0"},
				"south": {"uv": [7.25, 0, 7.625, 0.0625], "texture": "#0"},
				"west": {"uv": [4.5, 4.25, 5.625, 4.3125], "texture": "#0"},
				"up": {"uv": [1.375, 3.125, 1, 2], "texture": "#0"},
				"down": {"uv": [2.375, 1, 2, 2.125], "texture": "#0"}
			}
		},
		{
			"from": [6.803, 1.881, 2.015],
			"to": [9.197, 2.052, 8.855],
			"rotation": {"angle": 0, "axis": "y", "origin": [-5.68, 0, -5.68]},
			"faces": {
				"north": {"uv": [0.25, 7.25, 0.625, 7.3125], "texture": "#0"},
				"east": {"uv": [1.5, 4.75, 2.5, 4.8125], "texture": "#0"},
				"south": {"uv": [7.25, 0.25, 7.625, 0.3125], "texture": "#0"},
				"west": {"uv": [4.75, 1.5, 5.75, 1.5625], "texture": "#0"},
				"up": {"uv": [1.875, 3, 1.5, 2], "texture": "#0"},
				"down": {"uv": [2.625, 0, 2.25, 1], "texture": "#0"}
			}
		},
		{
			"from": [6.803, 0.513, 0.305],
			"to": [6.974, 1.026, 1.844],
			"rotation": {"angle": 0, "axis": "y", "origin": [-5.68, 0, -5.68]},
			"faces": {
				"north": {"uv": [0, 9.5, 0.0625, 9.5625], "texture": "#0"},
				"east": {"uv": [7.75, 1.5, 8, 1.5625], "texture": "#0"},
				"south": {"uv": [9.5, 0, 9.5625, 0.0625], "texture": "#0"},
				"west": {"uv": [1.75, 7.75, 2, 7.8125], "texture": "#0"},
				"up": {"uv": [7.8125, 2, 7.75, 1.75], "texture": "#0"},
				"down": {"uv": [2.0625, 7.75, 2, 8], "texture": "#0"}
			}
		},
		{
			"from": [6.803, 0.684, 0.134],
			"to": [6.974, 0.855, 0.305],
			"rotation": {"angle": 0, "axis": "y", "origin": [-5.68, 0, -5.68]},
			"faces": {
				"north": {"uv": [0.75, 9.5, 0.8125, 9.5625], "texture": "#0"},
				"east": {"uv": [9.5, 0.75, 9.5625, 0.8125], "texture": "#0"},
				"south": {"uv": [1, 9.5, 1.0625, 9.5625], "texture": "#0"},
				"west": {"uv": [9.5, 1, 9.5625, 1.0625], "texture": "#0"},
				"up": {"uv": [1.3125, 9.5625, 1.25, 9.5], "texture": "#0"},
				"down": {"uv": [9.5625, 1.25, 9.5, 1.3125], "texture": "#0"}
			}
		},
		{
			"from": [6.803, 4.70857, -0.86119],
			"to": [6.974, 5.05057, -0.69019],
			"rotation": {"angle": 45, "axis": "x", "origin": [-5.68, 1.63057, -5.13619]},
			"faces": {
				"north": {"uv": [3, 9.5, 3.0625, 9.5625], "texture": "#0"},
				"east": {"uv": [9.5, 3, 9.5625, 3.0625], "texture": "#0"},
				"south": {"uv": [3.25, 9.5, 3.3125, 9.5625], "texture": "#0"},
				"west": {"uv": [9.5, 3.25, 9.5625, 3.3125], "texture": "#0"},
				"up": {"uv": [3.5625, 9.5625, 3.5, 9.5], "texture": "#0"},
				"down": {"uv": [9.5625, 3.5, 9.5, 3.5625], "texture": "#0"}
			}
		},
		{
			"from": [6.803, 6.16164, -4.86797],
			"to": [6.974, 6.50364, -4.69697],
			"rotation": {"angle": -45, "axis": "x", "origin": [-5.68, 9.58164, 4.53703]},
			"faces": {
				"north": {"uv": [4.5, 9.5, 4.5625, 9.5625], "texture": "#0"},
				"east": {"uv": [9.5, 4.5, 9.5625, 4.5625], "texture": "#0"},
				"south": {"uv": [4.75, 9.5, 4.8125, 9.5625], "texture": "#0"},
				"west": {"uv": [9.5, 4.75, 9.5625, 4.8125], "texture": "#0"},
				"up": {"uv": [5.0625, 9.5625, 5, 9.5], "texture": "#0"},
				"down": {"uv": [9.5625, 5, 9.5, 5.0625], "texture": "#0"}
			}
		},
		{
			"from": [6.803, 0.684, 1.844],
			"to": [6.974, 1.026, 2.87],
			"rotation": {"angle": 0, "axis": "y", "origin": [-5.68, 0, -5.68]},
			"faces": {
				"north": {"uv": [0.5, 9.5, 0.5625, 9.5625], "texture": "#0"},
				"east": {"uv": [8.75, 4.75, 8.875, 4.8125], "texture": "#0"},
				"south": {"uv": [9.5, 0.5, 9.5625, 0.5625], "texture": "#0"},
				"west": {"uv": [5, 8.75, 5.125, 8.8125], "texture": "#0"},
				"up": {"uv": [8.8125, 5.125, 8.75, 5], "texture": "#0"},
				"down": {"uv": [5.3125, 8.75, 5.25, 8.875], "texture": "#0"}
			}
		},
		{
			"from": [6.632, 0.855, 1.673],
			"to": [6.803, 1.026, 2.87],
			"rotation": {"angle": 0, "axis": "y", "origin": [-5.68, 0, -5.68]},
			"faces": {
				"north": {"uv": [0.25, 9.5, 0.3125, 9.5625], "texture": "#0"},
				"east": {"uv": [7.75, 4, 7.9375, 4.0625], "texture": "#0"},
				"south": {"uv": [9.5, 0.25, 9.5625, 0.3125], "texture": "#0"},
				"west": {"uv": [4.25, 7.75, 4.4375, 7.8125], "texture": "#0"},
				"up": {"uv": [7.8125, 4.4375, 7.75, 4.25], "texture": "#0"},
				"down": {"uv": [4.5625, 7.75, 4.5, 7.9375], "texture": "#0"}
			}
		},
		{
			"from": [9.2364, 0.855, -4.95658],
			"to": [9.4074, 1.026, -4.61458],
			"rotation": {"angle": -45, "axis": "y", "origin": [0.3444, 0, -4.61458]},
			"faces": {
				"north": {"uv": [2.25, 9.5, 2.3125, 9.5625], "texture": "#0"},
				"east": {"uv": [9.5, 2.25, 9.5625, 2.3125], "texture": "#0"},
				"south": {"uv": [2.5, 9.5, 2.5625, 9.5625], "texture": "#0"},
				"west": {"uv": [9.5, 2.5, 9.5625, 2.5625], "texture": "#0"},
				"up": {"uv": [2.8125, 9.5625, 2.75, 9.5], "texture": "#0"},
				"down": {"uv": [9.5625, 2.75, 9.5, 2.8125], "texture": "#0"}
			}
		},
		{
			"from": [6.632, 1.026, 2.528],
			"to": [6.803, 1.197, 2.87],
			"rotation": {"angle": 0, "axis": "y", "origin": [-5.68, 0, -5.68]},
			"faces": {
				"north": {"uv": [1.5, 9.5, 1.5625, 9.5625], "texture": "#0"},
				"east": {"uv": [9.5, 1.5, 9.5625, 1.5625], "texture": "#0"},
				"south": {"uv": [1.75, 9.5, 1.8125, 9.5625], "texture": "#0"},
				"west": {"uv": [9.5, 1.75, 9.5625, 1.8125], "texture": "#0"},
				"up": {"uv": [2.0625, 9.5625, 2, 9.5], "texture": "#0"},
				"down": {"uv": [9.5625, 2, 9.5, 2.0625], "texture": "#0"}
			}
		},
		{
			"from": [6.974, 1.881, -8.416],
			"to": [9.026, 2.565, -6.022],
			"rotation": {"angle": 0, "axis": "y", "origin": [-5.68, 0, -5.68]},
			"faces": {
				"north": {"uv": [5.5, 2.75, 5.8125, 2.875], "texture": "#0"},
				"east": {"uv": [5, 3.25, 5.375, 3.375], "texture": "#0"},
				"south": {"uv": [5.75, 0.25, 6.0625, 0.375], "texture": "#0"},
				"west": {"uv": [3.5, 5, 3.875, 5.125], "texture": "#0"},
				"up": {"uv": [4.3125, 3.625, 4, 3.25], "texture": "#0"},
				"down": {"uv": [3.8125, 4, 3.5, 4.375], "texture": "#0"}
			}
		},
		{
			"from": [8.73479, -2.52979, -8.416],
			"to": [8.90579, -2.01679, -6.022],
			"rotation": {"angle": 22.5, "axis": "z", "origin": [-3.74821, -4.58179, -5.68]},
			"faces": {
				"north": {"uv": [0.25, 9, 0.3125, 9.0625], "texture": "#0"},
				"east": {"uv": [7, 0.5, 7.375, 0.5625], "texture": "#0"},
				"south": {"uv": [9, 0.25, 9.0625, 0.3125], "texture": "#0"},
				"west": {"uv": [7, 2.75, 7.375, 2.8125], "texture": "#0"},
				"up": {"uv": [3.0625, 7.375, 3, 7], "texture": "#0"},
				"down": {"uv": [7.0625, 3, 7, 3.375], "texture": "#0"}
			}
		},
		{
			"from": [7.09421, -2.52979, -8.416],
			"to": [7.26521, -2.01679, -6.022],
			"rotation": {"angle": -22.5, "axis": "z", "origin": [19.74821, -4.58179, -5.68]},
			"faces": {
				"north": {"uv": [0.5, 9, 0.5625, 9.0625], "texture": "#0"},
				"east": {"uv": [7, 3.5, 7.375, 3.5625], "texture": "#0"},
				"south": {"uv": [9, 0.5, 9.0625, 0.5625], "texture": "#0"},
				"west": {"uv": [3.75, 7, 4.125, 7.0625], "texture": "#0"},
				"up": {"uv": [4.3125, 7.375, 4.25, 7], "texture": "#0"},
				"down": {"uv": [7.0625, 4.25, 7, 4.625], "texture": "#0"}
			}
		},
		{
			"from": [6.803, 2.565, -8.416],
			"to": [9.197, 3.249, -6.022],
			"rotation": {"angle": 0, "axis": "y", "origin": [-5.68, 0, -5.68]},
			"faces": {
				"north": {"uv": [5, 3.5, 5.375, 3.625], "texture": "#0"},
				"east": {"uv": [5, 3.75, 5.375, 3.875], "texture": "#0"},
				"south": {"uv": [4, 5, 4.375, 5.125], "texture": "#0"},
				"west": {"uv": [4.5, 5, 4.875, 5.125], "texture": "#0"},
				"up": {"uv": [4.375, 1.375, 4, 1], "texture": "#0"},
				"down": {"uv": [4.375, 1.5, 4, 1.875], "texture": "#0"}
			}
		},
		{
			"from": [7.145, 3.249, 2.528],
			"to": [8.855, 3.591, 8.855],
			"rotation": {"angle": 0, "axis": "y", "origin": [-5.68, 0, -5.68]},
			"faces": {
				"north": {"uv": [7.75, 1.25, 8, 1.3125], "texture": "#0"},
				"east": {"uv": [4, 4.75, 4.9375, 4.8125], "texture": "#0"},
				"south": {"uv": [1.5, 7.75, 1.75, 7.8125], "texture": "#0"},
				"west": {"uv": [5, 0.75, 5.9375, 0.8125], "texture": "#0"},
				"up": {"uv": [0.75, 4.1875, 0.5, 3.25], "texture": "#0"},
				"down": {"uv": [1, 3.25, 0.75, 4.1875], "texture": "#0"}
			}
		},
		{
			"from": [7.145, 3.249, -6.022],
			"to": [8.855, 3.591, -0.892],
			"rotation": {"angle": 0, "axis": "y", "origin": [-5.68, 0, -5.68]},
			"faces": {
				"north": {"uv": [7.75, 2, 8, 2.0625], "texture": "#0"},
				"east": {"uv": [6.25, 4.5, 7, 4.5625], "texture": "#0"},
				"south": {"uv": [2.25, 7.75, 2.5, 7.8125], "texture": "#0"},
				"west": {"uv": [6.25, 4.75, 7, 4.8125], "texture": "#0"},
				"up": {"uv": [2.25, 4, 2, 3.25], "texture": "#0"},
				"down": {"uv": [2.5, 3.25, 2.25, 4], "texture": "#0"}
			}
		},
		{
			"from": [7.145, 3.249, -0.892],
			"to": [7.829, 3.591, 2.528],
			"rotation": {"angle": 0, "axis": "y", "origin": [-5.68, 0, -5.68]},
			"faces": {
				"north": {"uv": [8.75, 5.75, 8.875, 5.8125], "texture": "#0"},
				"east": {"uv": [4.5, 6.75, 5, 6.8125], "texture": "#0"},
				"south": {"uv": [6, 8.75, 6.125, 8.8125], "texture": "#0"},
				"west": {"uv": [5, 6.75, 5.5, 6.8125], "texture": "#0"},
				"up": {"uv": [4.875, 2.5, 4.75, 2], "texture": "#0"},
				"down": {"uv": [4.875, 2.5, 4.75, 3], "texture": "#0"}
			}
		},
		{
			"from": [7.145, 3.249, -8.416],
			"to": [8.855, 3.591, -6.022],
			"rotation": {"angle": 0, "axis": "y", "origin": [-5.68, 0, -5.68]},
			"faces": {
				"north": {"uv": [7.75, 1, 8, 1.0625], "texture": "#0"},
				"east": {"uv": [7, 6.5, 7.375, 6.5625], "texture": "#0"},
				"south": {"uv": [1.25, 7.75, 1.5, 7.8125], "texture": "#0"},
				"west": {"uv": [6.75, 7, 7.125, 7.0625], "texture": "#0"},
				"up": {"uv": [0.25, 4.875, 0, 4.5], "texture": "#0"},
				"down": {"uv": [0.5, 4.5, 0.25, 4.875], "texture": "#0"}
			}
		},
		{
			"from": [13.09857, -5.10987, -8.416],
			"to": [13.61157, -4.76787, 8.855],
			"rotation": {"angle": 45, "axis": "z", "origin": [0.27357, -8.35887, -5.68]},
			"faces": {
				"north": {"uv": [9.25, 8.75, 9.3125, 8.8125], "texture": "#0"},
				"east": {"uv": [3.5, 3, 6, 3.0625], "texture": "#0"},
				"south": {"uv": [9, 9.25, 9.0625, 9.3125], "texture": "#0"},
				"west": {"uv": [3.75, 0.5, 6.25, 0.5625], "texture": "#0"},
				"up": {"uv": [2.5625, 6.25, 2.5, 3.75], "texture": "#0"},
				"down": {"uv": [2.8125, 3.75, 2.75, 6.25], "texture": "#0"}
			}
		},
		{
			"from": [2.38843, -5.10987, 2.528],
			"to": [2.90143, -4.76787, 8.855],
			"rotation": {"angle": -45, "axis": "z", "origin": [15.72643, -8.35887, -5.68]},
			"faces": {
				"north": {"uv": [9.25, 9, 9.3125, 9.0625], "texture": "#0"},
				"east": {"uv": [1, 5, 1.9375, 5.0625], "texture": "#0"},
				"south": {"uv": [9.25, 9.25, 9.3125, 9.3125], "texture": "#0"},
				"west": {"uv": [5, 1, 5.9375, 1.0625], "texture": "#0"},
				"up": {"uv": [0.0625, 5.9375, 0, 5], "texture": "#0"},
				"down": {"uv": [0.3125, 5, 0.25, 5.9375], "texture": "#0"}
			}
		},
		{
			"from": [2.38843, -5.10987, -8.416],
			"to": [2.90143, -4.76787, -0.892],
			"rotation": {"angle": -45, "axis": "z", "origin": [15.72643, -8.35887, -5.68]},
			"faces": {
				"north": {"uv": [9.75, 3, 9.8125, 3.0625], "texture": "#0"},
				"east": {"uv": [4.5, 4.5, 5.625, 4.5625], "texture": "#0"},
				"south": {"uv": [3.25, 9.75, 3.3125, 9.8125], "texture": "#0"},
				"west": {"uv": [4.75, 0, 5.875, 0.0625], "texture": "#0"},
				"up": {"uv": [0.5625, 5.875, 0.5, 4.75], "texture": "#0"},
				"down": {"uv": [0.8125, 4.75, 0.75, 5.875], "texture": "#0"}
			}
		},
		{
			"from": [7.829, 3.591, -8.245],
			"to": [8.171, 3.933, -6.364],
			"rotation": {"angle": 0, "axis": "y", "origin": [-5.68, 0, -5.68]},
			"faces": {
				"north": {"uv": [0.75, 9, 0.8125, 9.0625], "texture": "#0"},
				"east": {"uv": [7.5, 6.5, 7.75, 6.5625], "texture": "#0"},
				"south": {"uv": [9, 0.75, 9.0625, 0.8125], "texture": "#0"},
				"west": {"uv": [6.75, 7.5, 7, 7.5625], "texture": "#0"},
				"up": {"uv": [7.5625, 7, 7.5, 6.75], "texture": "#0"},
				"down": {"uv": [7.0625, 7.5, 7, 7.75], "texture": "#0"}
			}
		},
		{
			"from": [7.145, 3.591, 5.093],
			"to": [8.855, 3.933, 5.777],
			"rotation": {"angle": 0, "axis": "y", "origin": [-5.68, 0, -5.68]},
			"faces": {
				"north": {"uv": [7.25, 7.5, 7.5, 7.5625], "texture": "#0"},
				"east": {"uv": [8.25, 1.25, 8.375, 1.3125], "texture": "#0"},
				"south": {"uv": [7.5, 7.5, 7.75, 7.5625], "texture": "#0"},
				"west": {"uv": [1.5, 8.25, 1.625, 8.3125], "texture": "#0"},
				"up": {"uv": [7, 2.375, 6.75, 2.25], "texture": "#0"},
				"down": {"uv": [7, 2.5, 6.75, 2.625], "texture": "#0"}
			}
		},
		{
			"from": [8.142, 3.933, 5.093],
			"to": [8.684, 4.275, 5.777],
			"rotation": {"angle": 0, "axis": "y", "origin": [-5.68, 0, -5.68]},
			"faces": {
				"north": {"uv": [1, 9, 1.0625, 9.0625], "texture": "#0"},
				"east": {"uv": [8.25, 1.5, 8.375, 1.5625], "texture": "#0"},
				"south": {"uv": [9, 1, 9.0625, 1.0625], "texture": "#0"},
				"west": {"uv": [1.75, 8.25, 1.875, 8.3125], "texture": "#0"},
				"up": {"uv": [8.3125, 1.875, 8.25, 1.75], "texture": "#0"},
				"down": {"uv": [2.0625, 8.25, 2, 8.375], "texture": "#0"}
			}
		},
		{
			"from": [7.842, -4.467, 9.193],
			"to": [8.184, -3.925, 10.277],
			"rotation": {"angle": -22.5, "axis": "x", "origin": [-5.68, 0, -5.68]},
			"faces": {
				"north": {"uv": [1, 9, 1.0625, 9.0625], "texture": "#0"},
				"east": {"uv": [8.25, 1.5, 8.375, 1.5625], "texture": "#0"},
				"south": {"uv": [9, 1, 9.0625, 1.0625], "texture": "#0"},
				"west": {"uv": [1.75, 8.25, 1.875, 8.3125], "texture": "#0"},
				"up": {"uv": [8.3125, 1.875, 8.25, 1.75], "texture": "#0"},
				"down": {"uv": [2.0625, 8.25, 2, 8.375], "texture": "#0"}
			}
		},
		{
			"from": [7.842, 7.533, 7.593],
			"to": [8.184, 8.075, 7.977],
			"rotation": {"angle": 22.5, "axis": "x", "origin": [-5.68, 0, -5.68]},
			"faces": {
				"north": {"uv": [1, 9, 1.0625, 9.0625], "texture": "#0"},
				"east": {"uv": [8.25, 1.5, 8.375, 1.5625], "texture": "#0"},
				"south": {"uv": [9, 1, 9.0625, 1.0625], "texture": "#0"},
				"west": {"uv": [1.75, 8.25, 1.875, 8.3125], "texture": "#0"},
				"up": {"uv": [8.3125, 1.875, 8.25, 1.75], "texture": "#0"},
				"down": {"uv": [2.0625, 8.25, 2, 8.375], "texture": "#0"}
			}
		},
		{
			"from": [7.316, 3.933, 5.093],
			"to": [7.858, 4.275, 5.777],
			"rotation": {"angle": 0, "axis": "y", "origin": [-5.68, 0, -5.68]},
			"faces": {
				"north": {"uv": [1.25, 9, 1.3125, 9.0625], "texture": "#0"},
				"east": {"uv": [8.25, 2, 8.375, 2.0625], "texture": "#0"},
				"south": {"uv": [9, 1.25, 9.0625, 1.3125], "texture": "#0"},
				"west": {"uv": [2.25, 8.25, 2.375, 8.3125], "texture": "#0"},
				"up": {"uv": [8.3125, 2.375, 8.25, 2.25], "texture": "#0"},
				"down": {"uv": [2.5625, 8.25, 2.5, 8.375], "texture": "#0"}
			}
		},
		{
			"from": [6.803, 1.881, 8.855],
			"to": [9.197, 2.736, 9.71],
			"rotation": {"angle": 0, "axis": "y", "origin": [-5.68, 0, -5.68]},
			"faces": {
				"north": {"uv": [5, 4.75, 5.375, 4.875], "texture": "#0"},
				"east": {"uv": [0, 7.75, 0.125, 7.875], "texture": "#0"},
				"south": {"uv": [5, 5, 5.375, 5.125], "texture": "#0"},
				"west": {"uv": [7.75, 0, 7.875, 0.125], "texture": "#0"},
				"up": {"uv": [5.625, 0.375, 5.25, 0.25], "texture": "#0"},
				"down": {"uv": [1.375, 5.25, 1, 5.375], "texture": "#0"}
			}
		},
		{
			"from": [7.203, -6.83201, 14.96743],
			"to": [8.797, -5.63501, 15.65143],
			"rotation": {"angle": -45, "axis": "x", "origin": [-5.68, -9.22601, 1.11643]},
			"faces": {
				"north": {"uv": [4.5, 3.5, 4.875, 3.6875], "texture": "#0"},
				"east": {"uv": [7, 3.75, 7.125, 3.9375], "texture": "#0"},
				"south": {"uv": [4.5, 3.75, 4.875, 3.9375], "texture": "#0"},
				"west": {"uv": [4.5, 7, 4.625, 7.1875], "texture": "#0"},
				"up": {"uv": [1.875, 5.375, 1.5, 5.25], "texture": "#0"},
				"down": {"uv": [2.375, 5.25, 2, 5.375], "texture": "#0"}
			}
		},
		{
			"from": [7.316, 1.881, -8.758],
			"to": [8.684, 3.249, -8.416],
			"rotation": {"angle": 0, "axis": "y", "origin": [-5.68, 0, -5.68]},
			"faces": {
				"north": {"uv": [5.5, 1.25, 5.6875, 1.4375], "texture": "#0"},
				"east": {"uv": [7.75, 2.5, 7.8125, 2.6875], "texture": "#0"},
				"south": {"uv": [5.5, 2.5, 5.6875, 2.6875], "texture": "#0"},
				"west": {"uv": [2.75, 7.75, 2.8125, 7.9375], "texture": "#0"},
				"up": {"uv": [3.1875, 7.8125, 3, 7.75], "texture": "#0"},
				"down": {"uv": [7.9375, 3, 7.75, 3.0625], "texture": "#0"}
			}
		},
		{
			"from": [7.487, 0.513, -8.587],
			"to": [8.513, 1.539, -8.416],
			"rotation": {"angle": 0, "axis": "y", "origin": [-5.68, 0, -5.68]},
			"faces": {
				"north": {"uv": [0.25, 7.75, 0.375, 7.875], "texture": "#0"},
				"east": {"uv": [8.25, 2.5, 8.3125, 2.625], "texture": "#0"},
				"south": {"uv": [7.75, 0.25, 7.875, 0.375], "texture": "#0"},
				"west": {"uv": [2.75, 8.25, 2.8125, 8.375], "texture": "#0"},
				"up": {"uv": [8.375, 2.8125, 8.25, 2.75], "texture": "#0"},
				"down": {"uv": [3.125, 8.25, 3, 8.3125], "texture": "#0"}
			}
		},
		{
			"from": [6.974, -7.011, 4.922],
			"to": [9.026, 0, 8.513],
			"rotation": {"angle": 0, "axis": "y", "origin": [-5.68, -1.197, -5.68]},
			"faces": {
				"north": {"uv": [2.5, 2.75, 2.8125, 3.75], "texture": "#0"},
				"east": {"uv": [1, 1, 1.5, 2], "texture": "#0"},
				"south": {"uv": [3, 0.75, 3.3125, 1.75], "texture": "#0"},
				"west": {"uv": [1.5, 1, 2, 2], "texture": "#0"},
				"up": {"uv": [3.8125, 1.5, 3.5, 1], "texture": "#0"},
				"down": {"uv": [3.8125, 1.5, 3.5, 2], "texture": "#0"}
			}
		},
		{
			"from": [6.803, -5.13, 5.264],
			"to": [6.974, -0.684, 8.171],
			"rotation": {"angle": 0, "axis": "y", "origin": [-5.68, -1.197, -5.68]},
			"faces": {
				"north": {"uv": [5.75, 6.25, 5.8125, 6.875], "texture": "#0"},
				"east": {"uv": [3, 2.5, 3.4375, 3.125], "texture": "#0"},
				"south": {"uv": [6.25, 5.75, 6.3125, 6.375], "texture": "#0"},
				"west": {"uv": [0, 3.25, 0.4375, 3.875], "texture": "#0"},
				"up": {"uv": [0.8125, 7.4375, 0.75, 7], "texture": "#0"},
				"down": {"uv": [1.0625, 7, 1, 7.4375], "texture": "#0"}
			}
		},
		{
			"from": [6.803, -5.814, 5.264],
			"to": [6.974, -5.13, 7.145],
			"rotation": {"angle": 0, "axis": "y", "origin": [-5.68, -1.197, -5.68]},
			"faces": {
				"north": {"uv": [8.75, 7.5, 8.8125, 7.625], "texture": "#0"},
				"east": {"uv": [6.75, 6, 7, 6.125], "texture": "#0"},
				"south": {"uv": [7.75, 8.75, 7.8125, 8.875], "texture": "#0"},
				"west": {"uv": [6.75, 6.25, 7, 6.375], "texture": "#0"},
				"up": {"uv": [7.8125, 2.5, 7.75, 2.25], "texture": "#0"},
				"down": {"uv": [2.5625, 7.75, 2.5, 8], "texture": "#0"}
			}
		},
		{
			"from": [6.461, -3.933, 6.119],
			"to": [6.803, -2.736, 7.316],
			"rotation": {"angle": 0, "axis": "y", "origin": [-5.68, -1.197, -5.68]},
			"faces": {
				"north": {"uv": [7.75, 4.5, 7.8125, 4.6875], "texture": "#0"},
				"east": {"uv": [6, 0, 6.1875, 0.1875], "texture": "#0"},
				"south": {"uv": [4.75, 7.75, 4.8125, 7.9375], "texture": "#0"},
				"west": {"uv": [0.75, 6.75, 0.9375, 6.9375], "texture": "#0"},
				"up": {"uv": [5.0625, 7.9375, 5, 7.75], "texture": "#0"},
				"down": {"uv": [7.8125, 5.25, 7.75, 5.4375], "texture": "#0"}
			}
		},
		{
			"from": [9.197, -3.933, 6.119],
			"to": [9.539, -2.736, 7.316],
			"rotation": {"angle": 0, "axis": "y", "origin": [21.68, -1.197, -5.68]},
			"faces": {
				"north": {"uv": [7.8125, 4.5, 7.75, 4.6875], "texture": "#0"},
				"east": {"uv": [0.9375, 6.75, 0.75, 6.9375], "texture": "#0"},
				"south": {"uv": [4.8125, 7.75, 4.75, 7.9375], "texture": "#0"},
				"west": {"uv": [6.1875, 0, 6, 0.1875], "texture": "#0"},
				"up": {"uv": [5, 7.9375, 5.0625, 7.75], "texture": "#0"},
				"down": {"uv": [7.75, 5.25, 7.8125, 5.4375], "texture": "#0"}
			}
		},
		{
			"from": [6.632, -5.814, 5.264],
			"to": [6.803, -0.684, 5.435],
			"rotation": {"angle": 0, "axis": "y", "origin": [-5.68, -1.197, -5.68]},
			"faces": {
				"north": {"uv": [3, 5.25, 3.0625, 6], "texture": "#0"},
				"east": {"uv": [3.25, 5.25, 3.3125, 6], "texture": "#0"},
				"south": {"uv": [3.5, 5.25, 3.5625, 6], "texture": "#0"},
				"west": {"uv": [3.75, 5.25, 3.8125, 6], "texture": "#0"},
				"up": {"uv": [1.5625, 9.0625, 1.5, 9], "texture": "#0"},
				"down": {"uv": [9.0625, 1.5, 9, 1.5625], "texture": "#0"}
			}
		},
		{
			"from": [6.632, -4.788, 8],
			"to": [6.803, -0.684, 8.171],
			"rotation": {"angle": 0, "axis": "y", "origin": [-5.68, -1.197, -5.68]},
			"faces": {
				"north": {"uv": [6.5, 0, 6.5625, 0.625], "texture": "#0"},
				"east": {"uv": [6.5, 0.75, 6.5625, 1.375], "texture": "#0"},
				"south": {"uv": [6.5, 1.5, 6.5625, 2.125], "texture": "#0"},
				"west": {"uv": [6.5, 2.25, 6.5625, 2.875], "texture": "#0"},
				"up": {"uv": [1.8125, 9.0625, 1.75, 9], "texture": "#0"},
				"down": {"uv": [9.0625, 1.75, 9, 1.8125], "texture": "#0"}
			}
		},
		{
			"from": [6.632, -4.788, 7.658],
			"to": [6.803, -0.684, 7.829],
			"rotation": {"angle": 0, "axis": "y", "origin": [-5.68, -1.197, -5.68]},
			"faces": {
				"north": {"uv": [6.5, 3, 6.5625, 3.625], "texture": "#0"},
				"east": {"uv": [6.5, 3.75, 6.5625, 4.375], "texture": "#0"},
				"south": {"uv": [6.5, 5, 6.5625, 5.625], "texture": "#0"},
				"west": {"uv": [6.5, 5.75, 6.5625, 6.375], "texture": "#0"},
				"up": {"uv": [2.0625, 9.0625, 2, 9], "texture": "#0"},
				"down": {"uv": [9.0625, 2, 9, 2.0625], "texture": "#0"}
			}
		},
		{
			"from": [6.632, -4.788, 7.316],
			"to": [6.803, -0.684, 7.487],
			"rotation": {"angle": 0, "axis": "y", "origin": [-5.68, -1.197, -5.68]},
			"faces": {
				"north": {"uv": [6.25, 6.5, 6.3125, 7.125], "texture": "#0"},
				"east": {"uv": [6.5, 6.5, 6.5625, 7.125], "texture": "#0"},
				"south": {"uv": [0, 6.75, 0.0625, 7.375], "texture": "#0"},
				"west": {"uv": [6.75, 0, 6.8125, 0.625], "texture": "#0"},
				"up": {"uv": [2.3125, 9.0625, 2.25, 9], "texture": "#0"},
				"down": {"uv": [9.0625, 2.25, 9, 2.3125], "texture": "#0"}
			}
		},
		{
			"from": [6.632, -5.814, 6.29],
			"to": [6.803, -0.684, 6.461],
			"rotation": {"angle": 0, "axis": "y", "origin": [-5.68, -1.197, -5.68]},
			"faces": {
				"north": {"uv": [4, 5.25, 4.0625, 6], "texture": "#0"},
				"east": {"uv": [4.25, 5.25, 4.3125, 6], "texture": "#0"},
				"south": {"uv": [4.5, 5.25, 4.5625, 6], "texture": "#0"},
				"west": {"uv": [4.75, 5.25, 4.8125, 6], "texture": "#0"},
				"up": {"uv": [2.5625, 9.0625, 2.5, 9], "texture": "#0"},
				"down": {"uv": [9.0625, 2.5, 9, 2.5625], "texture": "#0"}
			}
		},
		{
			"from": [6.632, -5.814, 6.632],
			"to": [6.803, -0.684, 6.803],
			"rotation": {"angle": 0, "axis": "y", "origin": [-5.68, -1.197, -5.68]},
			"faces": {
				"north": {"uv": [5, 5.25, 5.0625, 6], "texture": "#0"},
				"east": {"uv": [5.25, 5.25, 5.3125, 6], "texture": "#0"},
				"south": {"uv": [1, 5.5, 1.0625, 6.25], "texture": "#0"},
				"west": {"uv": [1.25, 5.5, 1.3125, 6.25], "texture": "#0"},
				"up": {"uv": [2.8125, 9.0625, 2.75, 9], "texture": "#0"},
				"down": {"uv": [9.0625, 2.75, 9, 2.8125], "texture": "#0"}
			}
		},
		{
			"from": [6.632, -5.814, 6.974],
			"to": [6.803, -0.684, 7.145],
			"rotation": {"angle": 0, "axis": "y", "origin": [-5.68, -1.197, -5.68]},
			"faces": {
				"north": {"uv": [1.5, 5.5, 1.5625, 6.25], "texture": "#0"},
				"east": {"uv": [1.75, 5.5, 1.8125, 6.25], "texture": "#0"},
				"south": {"uv": [5.5, 1.75, 5.5625, 2.5], "texture": "#0"},
				"west": {"uv": [2, 5.5, 2.0625, 6.25], "texture": "#0"},
				"up": {"uv": [3.0625, 9.0625, 3, 9], "texture": "#0"},
				"down": {"uv": [9.0625, 3, 9, 3.0625], "texture": "#0"}
			}
		},
		{
			"from": [6.632, -5.814, 5.606],
			"to": [6.803, -0.684, 5.777],
			"rotation": {"angle": 0, "axis": "y", "origin": [-5.68, -1.197, -5.68]},
			"faces": {
				"north": {"uv": [2.25, 5.5, 2.3125, 6.25], "texture": "#0"},
				"east": {"uv": [5.5, 3.25, 5.5625, 4], "texture": "#0"},
				"south": {"uv": [5.5, 4.75, 5.5625, 5.5], "texture": "#0"},
				"west": {"uv": [5.5, 5.5, 5.5625, 6.25], "texture": "#0"},
				"up": {"uv": [3.3125, 9.0625, 3.25, 9], "texture": "#0"},
				"down": {"uv": [9.0625, 3.25, 9, 3.3125], "texture": "#0"}
			}
		},
		{
			"from": [6.632, -5.814, 5.948],
			"to": [6.803, -0.684, 6.119],
			"rotation": {"angle": 0, "axis": "y", "origin": [-5.68, -1.197, -5.68]},
			"faces": {
				"north": {"uv": [5.75, 1.25, 5.8125, 2], "texture": "#0"},
				"east": {"uv": [5.75, 2, 5.8125, 2.75], "texture": "#0"},
				"south": {"uv": [5.75, 3.25, 5.8125, 4], "texture": "#0"},
				"west": {"uv": [5.75, 4, 5.8125, 4.75], "texture": "#0"},
				"up": {"uv": [3.5625, 9.0625, 3.5, 9], "texture": "#0"},
				"down": {"uv": [9.0625, 3.5, 9, 3.5625], "texture": "#0"}
			}
		},
		{
			"from": [5.8692, -10.35819, 5.948],
			"to": [6.0402, -9.50319, 6.119],
			"rotation": {"angle": 22.5, "axis": "z", "origin": [-3.0228, -5.74119, -5.68]},
			"faces": {
				"north": {"uv": [8.25, 3, 8.3125, 3.125], "texture": "#0"},
				"east": {"uv": [3.25, 8.25, 3.3125, 8.375], "texture": "#0"},
				"south": {"uv": [8.25, 3.25, 8.3125, 3.375], "texture": "#0"},
				"west": {"uv": [3.5, 8.25, 3.5625, 8.375], "texture": "#0"},
				"up": {"uv": [3.8125, 9.0625, 3.75, 9], "texture": "#0"},
				"down": {"uv": [9.0625, 3.75, 9, 3.8125], "texture": "#0"}
			}
		},
		{
			"from": [5.8692, -10.35819, 5.606],
			"to": [6.0402, -9.50319, 5.777],
			"rotation": {"angle": 22.5, "axis": "z", "origin": [-3.0228, -5.74119, -5.68]},
			"faces": {
				"north": {"uv": [8.25, 3.5, 8.3125, 3.625], "texture": "#0"},
				"east": {"uv": [3.75, 8.25, 3.8125, 8.375], "texture": "#0"},
				"south": {"uv": [8.25, 3.75, 8.3125, 3.875], "texture": "#0"},
				"west": {"uv": [4, 8.25, 4.0625, 8.375], "texture": "#0"},
				"up": {"uv": [4.0625, 9.0625, 4, 9], "texture": "#0"},
				"down": {"uv": [9.0625, 4, 9, 4.0625], "texture": "#0"}
			}
		},
		{
			"from": [5.8692, -10.35819, 5.264],
			"to": [6.0402, -9.50319, 5.435],
			"rotation": {"angle": 22.5, "axis": "z", "origin": [-3.0228, -5.74119, -5.68]},
			"faces": {
				"north": {"uv": [8.25, 4, 8.3125, 4.125], "texture": "#0"},
				"east": {"uv": [4.25, 8.25, 4.3125, 8.375], "texture": "#0"},
				"south": {"uv": [8.25, 4.25, 8.3125, 4.375], "texture": "#0"},
				"west": {"uv": [4.5, 8.25, 4.5625, 8.375], "texture": "#0"},
				"up": {"uv": [4.3125, 9.0625, 4.25, 9], "texture": "#0"},
				"down": {"uv": [9.0625, 4.25, 9, 4.3125], "texture": "#0"}
			}
		},
		{
			"from": [5.8692, -10.35819, 6.29],
			"to": [6.0402, -9.50319, 6.461],
			"rotation": {"angle": 22.5, "axis": "z", "origin": [-3.0228, -5.74119, -5.68]},
			"faces": {
				"north": {"uv": [8.25, 4.5, 8.3125, 4.625], "texture": "#0"},
				"east": {"uv": [4.75, 8.25, 4.8125, 8.375], "texture": "#0"},
				"south": {"uv": [8.25, 4.75, 8.3125, 4.875], "texture": "#0"},
				"west": {"uv": [5, 8.25, 5.0625, 8.375], "texture": "#0"},
				"up": {"uv": [4.5625, 9.0625, 4.5, 9], "texture": "#0"},
				"down": {"uv": [9.0625, 4.5, 9, 4.5625], "texture": "#0"}
			}
		},
		{
			"from": [5.8692, -10.35819, 6.632],
			"to": [6.0402, -9.50319, 6.803],
			"rotation": {"angle": 22.5, "axis": "z", "origin": [-3.0228, -5.74119, -5.68]},
			"faces": {
				"north": {"uv": [8.25, 5, 8.3125, 5.125], "texture": "#0"},
				"east": {"uv": [5.25, 8.25, 5.3125, 8.375], "texture": "#0"},
				"south": {"uv": [8.25, 5.25, 8.3125, 5.375], "texture": "#0"},
				"west": {"uv": [5.5, 8.25, 5.5625, 8.375], "texture": "#0"},
				"up": {"uv": [4.8125, 9.0625, 4.75, 9], "texture": "#0"},
				"down": {"uv": [9.0625, 4.75, 9, 4.8125], "texture": "#0"}
			}
		},
		{
			"from": [5.8692, -10.35819, 6.974],
			"to": [6.0402, -9.50319, 7.145],
			"rotation": {"angle": 22.5, "axis": "z", "origin": [-3.0228, -5.74119, -5.68]},
			"faces": {
				"north": {"uv": [8.25, 5.5, 8.3125, 5.625], "texture": "#0"},
				"east": {"uv": [5.75, 8.25, 5.8125, 8.375], "texture": "#0"},
				"south": {"uv": [8.25, 5.75, 8.3125, 5.875], "texture": "#0"},
				"west": {"uv": [6, 8.25, 6.0625, 8.375], "texture": "#0"},
				"up": {"uv": [5.0625, 9.0625, 5, 9], "texture": "#0"},
				"down": {"uv": [9.0625, 5, 9, 5.0625], "texture": "#0"}
			}
		},
		{
			"from": [5.8692, -9.33219, 7.316],
			"to": [6.0402, -8.47719, 7.487],
			"rotation": {"angle": 22.5, "axis": "z", "origin": [-3.0228, -4.71519, -5.68]},
			"faces": {
				"north": {"uv": [8.75, 6.5, 8.8125, 6.625], "texture": "#0"},
				"east": {"uv": [6.75, 8.75, 6.8125, 8.875], "texture": "#0"},
				"south": {"uv": [8.75, 6.75, 8.8125, 6.875], "texture": "#0"},
				"west": {"uv": [7, 8.75, 7.0625, 8.875], "texture": "#0"},
				"up": {"uv": [9.8125, 4.0625, 9.75, 4], "texture": "#0"},
				"down": {"uv": [4.3125, 9.75, 4.25, 9.8125], "texture": "#0"}
			}
		},
		{
			"from": [5.8692, -9.33219, 7.658],
			"to": [6.0402, -8.47719, 7.829],
			"rotation": {"angle": 22.5, "axis": "z", "origin": [-3.0228, -4.71519, -5.68]},
			"faces": {
				"north": {"uv": [8.75, 6, 8.8125, 6.125], "texture": "#0"},
				"east": {"uv": [6.25, 8.75, 6.3125, 8.875], "texture": "#0"},
				"south": {"uv": [8.75, 6.25, 8.8125, 6.375], "texture": "#0"},
				"west": {"uv": [6.5, 8.75, 6.5625, 8.875], "texture": "#0"},
				"up": {"uv": [9.8125, 3.8125, 9.75, 3.75], "texture": "#0"},
				"down": {"uv": [4.0625, 9.75, 4, 9.8125], "texture": "#0"}
			}
		},
		{
			"from": [5.8692, -9.33219, 8],
			"to": [6.0402, -8.47719, 8.171],
			"rotation": {"angle": 22.5, "axis": "z", "origin": [-3.0228, -4.71519, -5.68]},
			"faces": {
				"north": {"uv": [8.75, 7, 8.8125, 7.125], "texture": "#0"},
				"east": {"uv": [7.25, 8.75, 7.3125, 8.875], "texture": "#0"},
				"south": {"uv": [8.75, 7.25, 8.8125, 7.375], "texture": "#0"},
				"west": {"uv": [7.5, 8.75, 7.5625, 8.875], "texture": "#0"},
				"up": {"uv": [9.8125, 4.3125, 9.75, 4.25], "texture": "#0"},
				"down": {"uv": [4.5625, 9.75, 4.5, 9.8125], "texture": "#0"}
			}
		},
		{
			"from": [20.66713, 4.21141, 5.264],
			"to": [20.83813, 5.06641, 5.435],
			"rotation": {"angle": -22.5, "axis": "z", "origin": [1.34413, 37.04341, -5.68]},
			"faces": {
				"north": {"uv": [8.25, 6, 8.3125, 6.125], "texture": "#0"},
				"east": {"uv": [6.25, 8.25, 6.3125, 8.375], "texture": "#0"},
				"south": {"uv": [8.25, 6.25, 8.3125, 6.375], "texture": "#0"},
				"west": {"uv": [6.5, 8.25, 6.5625, 8.375], "texture": "#0"},
				"up": {"uv": [5.3125, 9.0625, 5.25, 9], "texture": "#0"},
				"down": {"uv": [9.0625, 5.25, 9, 5.3125], "texture": "#0"}
			}
		},
		{
			"from": [20.66713, 4.21141, 5.606],
			"to": [20.83813, 5.06641, 5.777],
			"rotation": {"angle": -22.5, "axis": "z", "origin": [1.34413, 37.04341, -5.68]},
			"faces": {
				"north": {"uv": [8.25, 6.5, 8.3125, 6.625], "texture": "#0"},
				"east": {"uv": [6.75, 8.25, 6.8125, 8.375], "texture": "#0"},
				"south": {"uv": [8.25, 6.75, 8.3125, 6.875], "texture": "#0"},
				"west": {"uv": [7, 8.25, 7.0625, 8.375], "texture": "#0"},
				"up": {"uv": [5.5625, 9.0625, 5.5, 9], "texture": "#0"},
				"down": {"uv": [9.0625, 5.5, 9, 5.5625], "texture": "#0"}
			}
		},
		{
			"from": [20.66713, 4.21141, 5.948],
			"to": [20.83813, 5.06641, 6.119],
			"rotation": {"angle": -22.5, "axis": "z", "origin": [1.34413, 37.04341, -5.68]},
			"faces": {
				"north": {"uv": [8.25, 7, 8.3125, 7.125], "texture": "#0"},
				"east": {"uv": [7.25, 8.25, 7.3125, 8.375], "texture": "#0"},
				"south": {"uv": [8.25, 7.25, 8.3125, 7.375], "texture": "#0"},
				"west": {"uv": [7.5, 8.25, 7.5625, 8.375], "texture": "#0"},
				"up": {"uv": [5.8125, 9.0625, 5.75, 9], "texture": "#0"},
				"down": {"uv": [9.0625, 5.75, 9, 5.8125], "texture": "#0"}
			}
		},
		{
			"from": [20.66713, 4.21141, 6.29],
			"to": [20.83813, 5.06641, 6.461],
			"rotation": {"angle": -22.5, "axis": "z", "origin": [1.34413, 37.04341, -5.68]},
			"faces": {
				"north": {"uv": [8.25, 7.5, 8.3125, 7.625], "texture": "#0"},
				"east": {"uv": [7.75, 8.25, 7.8125, 8.375], "texture": "#0"},
				"south": {"uv": [8.25, 7.75, 8.3125, 7.875], "texture": "#0"},
				"west": {"uv": [8, 8.25, 8.0625, 8.375], "texture": "#0"},
				"up": {"uv": [6.0625, 9.0625, 6, 9], "texture": "#0"},
				"down": {"uv": [9.0625, 6, 9, 6.0625], "texture": "#0"}
			}
		},
		{
			"from": [20.66713, 4.21141, 6.632],
			"to": [20.83813, 5.06641, 6.803],
			"rotation": {"angle": -22.5, "axis": "z", "origin": [1.34413, 37.04341, -5.68]},
			"faces": {
				"north": {"uv": [8.25, 8, 8.3125, 8.125], "texture": "#0"},
				"east": {"uv": [8.25, 8.25, 8.3125, 8.375], "texture": "#0"},
				"south": {"uv": [0, 8.5, 0.0625, 8.625], "texture": "#0"},
				"west": {"uv": [8.5, 0, 8.5625, 0.125], "texture": "#0"},
				"up": {"uv": [6.3125, 9.0625, 6.25, 9], "texture": "#0"},
				"down": {"uv": [9.0625, 6.25, 9, 6.3125], "texture": "#0"}
			}
		},
		{
			"from": [20.66713, 4.21141, 6.974],
			"to": [20.83813, 5.06641, 7.145],
			"rotation": {"angle": -22.5, "axis": "z", "origin": [1.34413, 37.04341, -5.68]},
			"faces": {
				"north": {"uv": [0.25, 8.5, 0.3125, 8.625], "texture": "#0"},
				"east": {"uv": [8.5, 0.25, 8.5625, 0.375], "texture": "#0"},
				"south": {"uv": [0.5, 8.5, 0.5625, 8.625], "texture": "#0"},
				"west": {"uv": [8.5, 0.5, 8.5625, 0.625], "texture": "#0"},
				"up": {"uv": [6.5625, 9.0625, 6.5, 9], "texture": "#0"},
				"down": {"uv": [9.0625, 6.5, 9, 6.5625], "texture": "#0"}
			}
		},
		{
			"from": [20.66713, 4.21141, 7.316],
			"to": [20.83813, 5.06641, 7.487],
			"rotation": {"angle": -22.5, "axis": "z", "origin": [1.34413, 37.04341, -5.68]},
			"faces": {
				"north": {"uv": [0.75, 8.5, 0.8125, 8.625], "texture": "#0"},
				"east": {"uv": [8.5, 0.75, 8.5625, 0.875], "texture": "#0"},
				"south": {"uv": [1, 8.5, 1.0625, 8.625], "texture": "#0"},
				"west": {"uv": [8.5, 1, 8.5625, 1.125], "texture": "#0"},
				"up": {"uv": [6.8125, 9.0625, 6.75, 9], "texture": "#0"},
				"down": {"uv": [9.0625, 6.75, 9, 6.8125], "texture": "#0"}
			}
		},
		{
			"from": [20.66713, 4.21141, 7.658],
			"to": [20.83813, 5.06641, 7.829],
			"rotation": {"angle": -22.5, "axis": "z", "origin": [1.34413, 37.04341, -5.68]},
			"faces": {
				"north": {"uv": [1.25, 8.5, 1.3125, 8.625], "texture": "#0"},
				"east": {"uv": [8.5, 1.25, 8.5625, 1.375], "texture": "#0"},
				"south": {"uv": [1.5, 8.5, 1.5625, 8.625], "texture": "#0"},
				"west": {"uv": [8.5, 1.5, 8.5625, 1.625], "texture": "#0"},
				"up": {"uv": [7.0625, 9.0625, 7, 9], "texture": "#0"},
				"down": {"uv": [9.0625, 7, 9, 7.0625], "texture": "#0"}
			}
		},
		{
			"from": [20.66713, 4.21141, 8],
			"to": [20.83813, 5.06641, 8.171],
			"rotation": {"angle": -22.5, "axis": "z", "origin": [1.34413, 37.04341, -5.68]},
			"faces": {
				"north": {"uv": [1.75, 8.5, 1.8125, 8.625], "texture": "#0"},
				"east": {"uv": [8.5, 1.75, 8.5625, 1.875], "texture": "#0"},
				"south": {"uv": [2, 8.5, 2.0625, 8.625], "texture": "#0"},
				"west": {"uv": [8.5, 2, 8.5625, 2.125], "texture": "#0"},
				"up": {"uv": [7.3125, 9.0625, 7.25, 9], "texture": "#0"},
				"down": {"uv": [9.0625, 7.25, 9, 7.3125], "texture": "#0"}
			}
		},
		{
			"from": [7.94952, -11.57798, 5.264],
			"to": [8.12052, -10.55198, 7.145],
			"rotation": {"angle": 22.5, "axis": "z", "origin": [-4.53348, -11.06498, -5.68]},
			"faces": {
				"north": {"uv": [2.25, 8.5, 2.3125, 8.625], "texture": "#0"},
				"east": {"uv": [6.75, 2.75, 7, 2.875], "texture": "#0"},
				"south": {"uv": [8.5, 2.25, 8.5625, 2.375], "texture": "#0"},
				"west": {"uv": [3, 6.75, 3.25, 6.875], "texture": "#0"},
				"up": {"uv": [0.5625, 8, 0.5, 7.75], "texture": "#0"},
				"down": {"uv": [0.8125, 7.75, 0.75, 8], "texture": "#0"}
			}
		},
		{
			"from": [7.94952, -10.38098, 7.145],
			"to": [8.12052, -9.86798, 8.171],
			"rotation": {"angle": 22.5, "axis": "z", "origin": [-4.53348, -10.38098, -4.654]},
			"faces": {
				"north": {"uv": [9.75, 4.5, 9.8125, 4.5625], "texture": "#0"},
				"east": {"uv": [8.75, 7.75, 8.875, 7.8125], "texture": "#0"},
				"south": {"uv": [4.75, 9.75, 4.8125, 9.8125], "texture": "#0"},
				"west": {"uv": [8, 8.75, 8.125, 8.8125], "texture": "#0"},
				"up": {"uv": [8.8125, 8.125, 8.75, 8], "texture": "#0"},
				"down": {"uv": [8.3125, 8.75, 8.25, 8.875], "texture": "#0"}
			}
		},
		{
			"from": [21.29407, 6.16156, 5.264],
			"to": [21.46507, 7.18756, 8.171],
			"rotation": {"angle": -22.5, "axis": "z", "origin": [-3.15893, 39.16456, -5.68]},
			"faces": {
				"north": {"uv": [2.5, 8.5, 2.5625, 8.625], "texture": "#0"},
				"east": {"uv": [2, 5, 2.4375, 5.125], "texture": "#0"},
				"south": {"uv": [8.5, 2.5, 8.5625, 2.625], "texture": "#0"},
				"west": {"uv": [5, 2, 5.4375, 2.125], "texture": "#0"},
				"up": {"uv": [1.3125, 7.4375, 1.25, 7], "texture": "#0"},
				"down": {"uv": [1.5625, 7, 1.5, 7.4375], "texture": "#0"}
			}
		},
		{
			"from": [9.197, -5.814, 5.264],
			"to": [9.368, -0.684, 5.435],
			"rotation": {"angle": 0, "axis": "y", "origin": [21.68, -1.197, -5.68]},
			"faces": {
				"north": {"uv": [5.75, 4.75, 5.8125, 5.5], "texture": "#0"},
				"east": {"uv": [5.75, 5.5, 5.8125, 6.25], "texture": "#0"},
				"south": {"uv": [0, 6, 0.0625, 6.75], "texture": "#0"},
				"west": {"uv": [0.25, 6, 0.3125, 6.75], "texture": "#0"},
				"up": {"uv": [7.5625, 9.0625, 7.5, 9], "texture": "#0"},
				"down": {"uv": [9.0625, 7.5, 9, 7.5625], "texture": "#0"}
			}
		},
		{
			"from": [-4.83813, 4.21141, 5.264],
			"to": [-4.66713, 5.06641, 5.435],
			"rotation": {"angle": 22.5, "axis": "z", "origin": [14.65587, 37.04341, -5.68]},
			"faces": {
				"north": {"uv": [2.75, 8.5, 2.8125, 8.625], "texture": "#0"},
				"east": {"uv": [8.5, 2.75, 8.5625, 2.875], "texture": "#0"},
				"south": {"uv": [3, 8.5, 3.0625, 8.625], "texture": "#0"},
				"west": {"uv": [8.5, 3, 8.5625, 3.125], "texture": "#0"},
				"up": {"uv": [7.8125, 9.0625, 7.75, 9], "texture": "#0"},
				"down": {"uv": [9.0625, 7.75, 9, 7.8125], "texture": "#0"}
			}
		},
		{
			"from": [-4.83813, 4.21141, 5.606],
			"to": [-4.66713, 5.06641, 5.777],
			"rotation": {"angle": 22.5, "axis": "z", "origin": [14.65587, 37.04341, -5.68]},
			"faces": {
				"north": {"uv": [3.25, 8.5, 3.3125, 8.625], "texture": "#0"},
				"east": {"uv": [8.5, 3.25, 8.5625, 3.375], "texture": "#0"},
				"south": {"uv": [3.5, 8.5, 3.5625, 8.625], "texture": "#0"},
				"west": {"uv": [8.5, 3.5, 8.5625, 3.625], "texture": "#0"},
				"up": {"uv": [8.0625, 9.0625, 8, 9], "texture": "#0"},
				"down": {"uv": [9.0625, 8, 9, 8.0625], "texture": "#0"}
			}
		},
		{
			"from": [9.197, -5.814, 5.606],
			"to": [9.368, -0.684, 5.777],
			"rotation": {"angle": 0, "axis": "y", "origin": [21.68, -1.197, -5.68]},
			"faces": {
				"north": {"uv": [0.5, 6, 0.5625, 6.75], "texture": "#0"},
				"east": {"uv": [0.75, 6, 0.8125, 6.75], "texture": "#0"},
				"south": {"uv": [6, 0.75, 6.0625, 1.5], "texture": "#0"},
				"west": {"uv": [6, 1.5, 6.0625, 2.25], "texture": "#0"},
				"up": {"uv": [8.3125, 9.0625, 8.25, 9], "texture": "#0"},
				"down": {"uv": [9.0625, 8.25, 9, 8.3125], "texture": "#0"}
			}
		},
		{
			"from": [-4.83813, 4.21141, 5.948],
			"to": [-4.66713, 5.06641, 6.119],
			"rotation": {"angle": 22.5, "axis": "z", "origin": [14.65587, 37.04341, -5.68]},
			"faces": {
				"north": {"uv": [3.75, 8.5, 3.8125, 8.625], "texture": "#0"},
				"east": {"uv": [8.5, 3.75, 8.5625, 3.875], "texture": "#0"},
				"south": {"uv": [4, 8.5, 4.0625, 8.625], "texture": "#0"},
				"west": {"uv": [8.5, 4, 8.5625, 4.125], "texture": "#0"},
				"up": {"uv": [8.5625, 9.0625, 8.5, 9], "texture": "#0"},
				"down": {"uv": [9.0625, 8.5, 9, 8.5625], "texture": "#0"}
			}
		},
		{
			"from": [9.197, -5.814, 5.948],
			"to": [9.368, -0.684, 6.119],
			"rotation": {"angle": 0, "axis": "y", "origin": [21.68, -1.197, -5.68]},
			"faces": {
				"north": {"uv": [6, 2.25, 6.0625, 3], "texture": "#0"},
				"east": {"uv": [3, 6, 3.0625, 6.75], "texture": "#0"},
				"south": {"uv": [6, 3, 6.0625, 3.75], "texture": "#0"},
				"west": {"uv": [3.25, 6, 3.3125, 6.75], "texture": "#0"},
				"up": {"uv": [8.8125, 9.0625, 8.75, 9], "texture": "#0"},
				"down": {"uv": [9.0625, 8.75, 9, 8.8125], "texture": "#0"}
			}
		},
		{
			"from": [-4.83813, 4.21141, 6.29],
			"to": [-4.66713, 5.06641, 6.461],
			"rotation": {"angle": 22.5, "axis": "z", "origin": [14.65587, 37.04341, -5.68]},
			"faces": {
				"north": {"uv": [4.25, 8.5, 4.3125, 8.625], "texture": "#0"},
				"east": {"uv": [8.5, 4.25, 8.5625, 4.375], "texture": "#0"},
				"south": {"uv": [4.5, 8.5, 4.5625, 8.625], "texture": "#0"},
				"west": {"uv": [8.5, 4.5, 8.5625, 4.625], "texture": "#0"},
				"up": {"uv": [9.0625, 9.0625, 9, 9], "texture": "#0"},
				"down": {"uv": [0.0625, 9.25, 0, 9.3125], "texture": "#0"}
			}
		},
		{
			"from": [9.197, -5.814, 6.29],
			"to": [9.368, -0.684, 6.461],
			"rotation": {"angle": 0, "axis": "y", "origin": [21.68, -1.197, -5.68]},
			"faces": {
				"north": {"uv": [3.5, 6, 3.5625, 6.75], "texture": "#0"},
				"east": {"uv": [3.75, 6, 3.8125, 6.75], "texture": "#0"},
				"south": {"uv": [6, 3.75, 6.0625, 4.5], "texture": "#0"},
				"west": {"uv": [4, 6, 4.0625, 6.75], "texture": "#0"},
				"up": {"uv": [9.3125, 0.0625, 9.25, 0], "texture": "#0"},
				"down": {"uv": [0.3125, 9.25, 0.25, 9.3125], "texture": "#0"}
			}
		},
		{
			"from": [-4.83813, 4.21141, 6.632],
			"to": [-4.66713, 5.06641, 6.803],
			"rotation": {"angle": 22.5, "axis": "z", "origin": [14.65587, 37.04341, -5.68]},
			"faces": {
				"north": {"uv": [4.75, 8.5, 4.8125, 8.625], "texture": "#0"},
				"east": {"uv": [8.5, 4.75, 8.5625, 4.875], "texture": "#0"},
				"south": {"uv": [5, 8.5, 5.0625, 8.625], "texture": "#0"},
				"west": {"uv": [8.5, 5, 8.5625, 5.125], "texture": "#0"},
				"up": {"uv": [9.3125, 0.3125, 9.25, 0.25], "texture": "#0"},
				"down": {"uv": [0.5625, 9.25, 0.5, 9.3125], "texture": "#0"}
			}
		},
		{
			"from": [9.197, -5.814, 6.632],
			"to": [9.368, -0.684, 6.803],
			"rotation": {"angle": 0, "axis": "y", "origin": [21.68, -1.197, -5.68]},
			"faces": {
				"north": {"uv": [4.25, 6, 4.3125, 6.75], "texture": "#0"},
				"east": {"uv": [4.5, 6, 4.5625, 6.75], "texture": "#0"},
				"south": {"uv": [6, 4.5, 6.0625, 5.25], "texture": "#0"},
				"west": {"uv": [4.75, 6, 4.8125, 6.75], "texture": "#0"},
				"up": {"uv": [9.3125, 0.5625, 9.25, 0.5], "texture": "#0"},
				"down": {"uv": [0.8125, 9.25, 0.75, 9.3125], "texture": "#0"}
			}
		},
		{
			"from": [-4.83813, 4.21141, 6.974],
			"to": [-4.66713, 5.06641, 7.145],
			"rotation": {"angle": 22.5, "axis": "z", "origin": [14.65587, 37.04341, -5.68]},
			"faces": {
				"north": {"uv": [5.25, 8.5, 5.3125, 8.625], "texture": "#0"},
				"east": {"uv": [8.5, 5.25, 8.5625, 5.375], "texture": "#0"},
				"south": {"uv": [5.5, 8.5, 5.5625, 8.625], "texture": "#0"},
				"west": {"uv": [8.5, 5.5, 8.5625, 5.625], "texture": "#0"},
				"up": {"uv": [9.3125, 0.8125, 9.25, 0.75], "texture": "#0"},
				"down": {"uv": [1.0625, 9.25, 1, 9.3125], "texture": "#0"}
			}
		},
		{
			"from": [9.197, -5.814, 6.974],
			"to": [9.368, -0.684, 7.145],
			"rotation": {"angle": 0, "axis": "y", "origin": [21.68, -1.197, -5.68]},
			"faces": {
				"north": {"uv": [5, 6, 5.0625, 6.75], "texture": "#0"},
				"east": {"uv": [5.25, 6, 5.3125, 6.75], "texture": "#0"},
				"south": {"uv": [6, 5.25, 6.0625, 6], "texture": "#0"},
				"west": {"uv": [6, 6, 6.0625, 6.75], "texture": "#0"},
				"up": {"uv": [9.3125, 1.0625, 9.25, 1], "texture": "#0"},
				"down": {"uv": [1.3125, 9.25, 1.25, 9.3125], "texture": "#0"}
			}
		},
		{
			"from": [-4.83813, 4.21141, 7.316],
			"to": [-4.66713, 5.06641, 7.487],
			"rotation": {"angle": 22.5, "axis": "z", "origin": [14.65587, 37.04341, -5.68]},
			"faces": {
				"north": {"uv": [5.75, 8.5, 5.8125, 8.625], "texture": "#0"},
				"east": {"uv": [8.5, 5.75, 8.5625, 5.875], "texture": "#0"},
				"south": {"uv": [6, 8.5, 6.0625, 8.625], "texture": "#0"},
				"west": {"uv": [8.5, 6, 8.5625, 6.125], "texture": "#0"},
				"up": {"uv": [9.3125, 1.3125, 9.25, 1.25], "texture": "#0"},
				"down": {"uv": [1.5625, 9.25, 1.5, 9.3125], "texture": "#0"}
			}
		},
		{
			"from": [9.197, -5.814, 7.316],
			"to": [9.368, -0.684, 7.487],
			"rotation": {"angle": 0, "axis": "y", "origin": [21.68, -1.197, -5.68]},
			"faces": {
				"north": {"uv": [6.25, 0, 6.3125, 0.75], "texture": "#0"},
				"east": {"uv": [6.25, 0.75, 6.3125, 1.5], "texture": "#0"},
				"south": {"uv": [1, 6.25, 1.0625, 7], "texture": "#0"},
				"west": {"uv": [1.25, 6.25, 1.3125, 7], "texture": "#0"},
				"up": {"uv": [9.3125, 1.5625, 9.25, 1.5], "texture": "#0"},
				"down": {"uv": [1.8125, 9.25, 1.75, 9.3125], "texture": "#0"}
			}
		},
		{
			"from": [-4.83813, 4.21141, 7.658],
			"to": [-4.66713, 5.06641, 7.829],
			"rotation": {"angle": 22.5, "axis": "z", "origin": [14.65587, 37.04341, -5.68]},
			"faces": {
				"north": {"uv": [6.25, 8.5, 6.3125, 8.625], "texture": "#0"},
				"east": {"uv": [8.5, 6.25, 8.5625, 6.375], "texture": "#0"},
				"south": {"uv": [6.5, 8.5, 6.5625, 8.625], "texture": "#0"},
				"west": {"uv": [8.5, 6.5, 8.5625, 6.625], "texture": "#0"},
				"up": {"uv": [9.3125, 1.8125, 9.25, 1.75], "texture": "#0"},
				"down": {"uv": [2.0625, 9.25, 2, 9.3125], "texture": "#0"}
			}
		},
		{
			"from": [9.197, -5.814, 7.658],
			"to": [9.368, -0.684, 7.829],
			"rotation": {"angle": 0, "axis": "y", "origin": [21.68, -1.197, -5.68]},
			"faces": {
				"north": {"uv": [1.5, 6.25, 1.5625, 7], "texture": "#0"},
				"east": {"uv": [6.25, 1.5, 6.3125, 2.25], "texture": "#0"},
				"south": {"uv": [1.75, 6.25, 1.8125, 7], "texture": "#0"},
				"west": {"uv": [2, 6.25, 2.0625, 7], "texture": "#0"},
				"up": {"uv": [9.3125, 2.0625, 9.25, 2], "texture": "#0"},
				"down": {"uv": [2.3125, 9.25, 2.25, 9.3125], "texture": "#0"}
			}
		},
		{
			"from": [9.9598, -10.35819, 8],
			"to": [10.1308, -9.50319, 8.171],
			"rotation": {"angle": -22.5, "axis": "z", "origin": [19.0228, -5.74119, -5.68]},
			"faces": {
				"north": {"uv": [6.75, 8.5, 6.8125, 8.625], "texture": "#0"},
				"east": {"uv": [8.5, 6.75, 8.5625, 6.875], "texture": "#0"},
				"south": {"uv": [7, 8.5, 7.0625, 8.625], "texture": "#0"},
				"west": {"uv": [8.5, 7, 8.5625, 7.125], "texture": "#0"},
				"up": {"uv": [9.3125, 2.3125, 9.25, 2.25], "texture": "#0"},
				"down": {"uv": [2.5625, 9.25, 2.5, 9.3125], "texture": "#0"}
			}
		},
		{
			"from": [9.197, -5.814, 8],
			"to": [9.368, -0.684, 8.171],
			"rotation": {"angle": 0, "axis": "y", "origin": [21.68, -1.197, -5.68]},
			"faces": {
				"north": {"uv": [2.25, 6.25, 2.3125, 7], "texture": "#0"},
				"east": {"uv": [6.25, 2.25, 6.3125, 3], "texture": "#0"},
				"south": {"uv": [2.5, 6.25, 2.5625, 7], "texture": "#0"},
				"west": {"uv": [2.75, 6.25, 2.8125, 7], "texture": "#0"},
				"up": {"uv": [9.3125, 2.5625, 9.25, 2.5], "texture": "#0"},
				"down": {"uv": [2.8125, 9.25, 2.75, 9.3125], "texture": "#0"}
			}
		},
		{
			"from": [-4.83813, 4.21141, 8],
			"to": [-4.66713, 5.06641, 8.171],
			"rotation": {"angle": 22.5, "axis": "z", "origin": [14.65587, 37.04341, -5.68]},
			"faces": {
				"north": {"uv": [7.25, 8.5, 7.3125, 8.625], "texture": "#0"},
				"east": {"uv": [8.5, 7.25, 8.5625, 7.375], "texture": "#0"},
				"south": {"uv": [7.5, 8.5, 7.5625, 8.625], "texture": "#0"},
				"west": {"uv": [8.5, 7.5, 8.5625, 7.625], "texture": "#0"},
				"up": {"uv": [9.3125, 2.8125, 9.25, 2.75], "texture": "#0"},
				"down": {"uv": [3.0625, 9.25, 3, 9.3125], "texture": "#0"}
			}
		},
		{
			"from": [9.9598, -10.35819, 7.658],
			"to": [10.1308, -9.50319, 7.829],
			"rotation": {"angle": -22.5, "axis": "z", "origin": [19.0228, -5.74119, -5.68]},
			"faces": {
				"north": {"uv": [7.75, 8.5, 7.8125, 8.625], "texture": "#0"},
				"east": {"uv": [8.5, 7.75, 8.5625, 7.875], "texture": "#0"},
				"south": {"uv": [8, 8.5, 8.0625, 8.625], "texture": "#0"},
				"west": {"uv": [8.5, 8, 8.5625, 8.125], "texture": "#0"},
				"up": {"uv": [9.3125, 3.0625, 9.25, 3], "texture": "#0"},
				"down": {"uv": [3.3125, 9.25, 3.25, 9.3125], "texture": "#0"}
			}
		},
		{
			"from": [9.9598, -10.35819, 7.316],
			"to": [10.1308, -9.50319, 7.487],
			"rotation": {"angle": -22.5, "axis": "z", "origin": [19.0228, -5.74119, -5.68]},
			"faces": {
				"north": {"uv": [8.25, 8.5, 8.3125, 8.625], "texture": "#0"},
				"east": {"uv": [8.5, 8.25, 8.5625, 8.375], "texture": "#0"},
				"south": {"uv": [8.5, 8.5, 8.5625, 8.625], "texture": "#0"},
				"west": {"uv": [0, 8.75, 0.0625, 8.875], "texture": "#0"},
				"up": {"uv": [9.3125, 3.3125, 9.25, 3.25], "texture": "#0"},
				"down": {"uv": [3.5625, 9.25, 3.5, 9.3125], "texture": "#0"}
			}
		},
		{
			"from": [9.9598, -10.35819, 6.974],
			"to": [10.1308, -9.50319, 7.145],
			"rotation": {"angle": -22.5, "axis": "z", "origin": [19.0228, -5.74119, -5.68]},
			"faces": {
				"north": {"uv": [8.75, 0, 8.8125, 0.125], "texture": "#0"},
				"east": {"uv": [0.25, 8.75, 0.3125, 8.875], "texture": "#0"},
				"south": {"uv": [8.75, 0.25, 8.8125, 0.375], "texture": "#0"},
				"west": {"uv": [0.5, 8.75, 0.5625, 8.875], "texture": "#0"},
				"up": {"uv": [9.3125, 3.5625, 9.25, 3.5], "texture": "#0"},
				"down": {"uv": [3.8125, 9.25, 3.75, 9.3125], "texture": "#0"}
			}
		},
		{
			"from": [9.9598, -10.35819, 6.632],
			"to": [10.1308, -9.50319, 6.803],
			"rotation": {"angle": -22.5, "axis": "z", "origin": [19.0228, -5.74119, -5.68]},
			"faces": {
				"north": {"uv": [8.75, 0.5, 8.8125, 0.625], "texture": "#0"},
				"east": {"uv": [0.75, 8.75, 0.8125, 8.875], "texture": "#0"},
				"south": {"uv": [8.75, 0.75, 8.8125, 0.875], "texture": "#0"},
				"west": {"uv": [1, 8.75, 1.0625, 8.875], "texture": "#0"},
				"up": {"uv": [9.3125, 3.8125, 9.25, 3.75], "texture": "#0"},
				"down": {"uv": [4.0625, 9.25, 4, 9.3125], "texture": "#0"}
			}
		},
		{
			"from": [7.87948, -11.57798, 5.264],
			"to": [8.05048, -10.55198, 8.171],
			"rotation": {"angle": -22.5, "axis": "z", "origin": [20.53348, -11.06498, -5.68]},
			"faces": {
				"north": {"uv": [8.75, 1, 8.8125, 1.125], "texture": "#0"},
				"east": {"uv": [5, 2.25, 5.4375, 2.375], "texture": "#0"},
				"south": {"uv": [1.25, 8.75, 1.3125, 8.875], "texture": "#0"},
				"west": {"uv": [5, 2.5, 5.4375, 2.625], "texture": "#0"},
				"up": {"uv": [1.8125, 7.4375, 1.75, 7], "texture": "#0"},
				"down": {"uv": [2.0625, 7, 2, 7.4375], "texture": "#0"}
			}
		},
		{
			"from": [9.9598, -10.35819, 6.29],
			"to": [10.1308, -9.50319, 6.461],
			"rotation": {"angle": -22.5, "axis": "z", "origin": [19.0228, -5.74119, -5.68]},
			"faces": {
				"north": {"uv": [8.75, 1.25, 8.8125, 1.375], "texture": "#0"},
				"east": {"uv": [1.5, 8.75, 1.5625, 8.875], "texture": "#0"},
				"south": {"uv": [8.75, 1.5, 8.8125, 1.625], "texture": "#0"},
				"west": {"uv": [1.75, 8.75, 1.8125, 8.875], "texture": "#0"},
				"up": {"uv": [9.3125, 4.0625, 9.25, 4], "texture": "#0"},
				"down": {"uv": [4.3125, 9.25, 4.25, 9.3125], "texture": "#0"}
			}
		},
		{
			"from": [9.9598, -10.35819, 5.948],
			"to": [10.1308, -9.50319, 6.119],
			"rotation": {"angle": -22.5, "axis": "z", "origin": [19.0228, -5.74119, -5.68]},
			"faces": {
				"north": {"uv": [8.75, 1.75, 8.8125, 1.875], "texture": "#0"},
				"east": {"uv": [2, 8.75, 2.0625, 8.875], "texture": "#0"},
				"south": {"uv": [8.75, 2, 8.8125, 2.125], "texture": "#0"},
				"west": {"uv": [2.25, 8.75, 2.3125, 8.875], "texture": "#0"},
				"up": {"uv": [9.3125, 4.3125, 9.25, 4.25], "texture": "#0"},
				"down": {"uv": [4.5625, 9.25, 4.5, 9.3125], "texture": "#0"}
			}
		},
		{
			"from": [9.9598, -10.35819, 5.606],
			"to": [10.1308, -9.50319, 5.777],
			"rotation": {"angle": -22.5, "axis": "z", "origin": [19.0228, -5.74119, -5.68]},
			"faces": {
				"north": {"uv": [8.75, 2.25, 8.8125, 2.375], "texture": "#0"},
				"east": {"uv": [2.5, 8.75, 2.5625, 8.875], "texture": "#0"},
				"south": {"uv": [8.75, 2.5, 8.8125, 2.625], "texture": "#0"},
				"west": {"uv": [2.75, 8.75, 2.8125, 8.875], "texture": "#0"},
				"up": {"uv": [9.3125, 4.5625, 9.25, 4.5], "texture": "#0"},
				"down": {"uv": [4.8125, 9.25, 4.75, 9.3125], "texture": "#0"}
			}
		},
		{
			"from": [9.9598, -10.35819, 5.264],
			"to": [10.1308, -9.50319, 5.435],
			"rotation": {"angle": -22.5, "axis": "z", "origin": [19.0228, -5.74119, -5.68]},
			"faces": {
				"north": {"uv": [8.75, 2.75, 8.8125, 2.875], "texture": "#0"},
				"east": {"uv": [3, 8.75, 3.0625, 8.875], "texture": "#0"},
				"south": {"uv": [8.75, 3, 8.8125, 3.125], "texture": "#0"},
				"west": {"uv": [3.25, 8.75, 3.3125, 8.875], "texture": "#0"},
				"up": {"uv": [9.3125, 4.8125, 9.25, 4.75], "texture": "#0"},
				"down": {"uv": [5.0625, 9.25, 5, 9.3125], "texture": "#0"}
			}
		},
		{
			"from": [9.026, -5.814, 5.264],
			"to": [9.197, -0.684, 8.171],
			"rotation": {"angle": 0, "axis": "y", "origin": [21.68, -1.197, -5.68]},
			"faces": {
				"north": {"uv": [6.25, 3, 6.3125, 3.75], "texture": "#0"},
				"east": {"uv": [2.5, 2, 2.9375, 2.75], "texture": "#0"},
				"south": {"uv": [6.25, 3.75, 6.3125, 4.5], "texture": "#0"},
				"west": {"uv": [2.75, 0, 3.1875, 0.75], "texture": "#0"},
				"up": {"uv": [2.3125, 7.4375, 2.25, 7], "texture": "#0"},
				"down": {"uv": [7.0625, 2.25, 7, 2.6875], "texture": "#0"}
			}
		},
		{
			"from": [-5.46507, 6.16156, 5.264],
			"to": [-5.29407, 7.18756, 8.171],
			"rotation": {"angle": 22.5, "axis": "z", "origin": [19.15893, 39.16456, -5.68]},
			"faces": {
				"north": {"uv": [8.75, 3.25, 8.8125, 3.375], "texture": "#0"},
				"east": {"uv": [5, 2.75, 5.4375, 2.875], "texture": "#0"},
				"south": {"uv": [3.5, 8.75, 3.5625, 8.875], "texture": "#0"},
				"west": {"uv": [3, 5, 3.4375, 5.125], "texture": "#0"},
				"up": {"uv": [2.5625, 7.4375, 2.5, 7], "texture": "#0"},
				"down": {"uv": [2.8125, 7, 2.75, 7.4375], "texture": "#0"}
			}
		},
		{
			"from": [6.974, -3.42, 4.58],
			"to": [9.026, 0, 4.751],
			"rotation": {"angle": 0, "axis": "y", "origin": [-5.68, -1.197, -5.68]},
			"faces": {
				"north": {"uv": [3.5, 2, 3.8125, 2.5], "texture": "#0"},
				"east": {"uv": [6.75, 3, 6.8125, 3.5], "texture": "#0"},
				"south": {"uv": [3.5, 2.5, 3.8125, 3], "texture": "#0"},
				"west": {"uv": [3.25, 6.75, 3.3125, 7.25], "texture": "#0"},
				"up": {"uv": [7.5625, 1.8125, 7.25, 1.75], "texture": "#0"},
				"down": {"uv": [7.5625, 2, 7.25, 2.0625], "texture": "#0"}
			}
		},
		{
			"from": [6.974, -7.76573, 3.43758],
			"to": [9.026, -7.25273, 3.60858],
			"rotation": {"angle": -22.5, "axis": "x", "origin": [-5.68, -2.46473, -5.62542]},
			"faces": {
				"north": {"uv": [7.25, 2.25, 7.5625, 2.3125], "texture": "#0"},
				"east": {"uv": [9.25, 5, 9.3125, 5.0625], "texture": "#0"},
				"south": {"uv": [7.25, 2.5, 7.5625, 2.5625], "texture": "#0"},
				"west": {"uv": [5.25, 9.25, 5.3125, 9.3125], "texture": "#0"},
				"up": {"uv": [7.5625, 3.0625, 7.25, 3], "texture": "#0"},
				"down": {"uv": [3.5625, 7.25, 3.25, 7.3125], "texture": "#0"}
			}
		},
		{
			"from": [6.974, -8.63553, 3.5435],
			"to": [9.026, -8.12253, 3.7145],
			"rotation": {"angle": -22.5, "axis": "x", "origin": [-5.68, -3.33453, -4.6645]},
			"faces": {
				"north": {"uv": [7.25, 3.25, 7.5625, 3.3125], "texture": "#0"},
				"east": {"uv": [9.25, 5.25, 9.3125, 5.3125], "texture": "#0"},
				"south": {"uv": [3.75, 7.25, 4.0625, 7.3125], "texture": "#0"},
				"west": {"uv": [5.5, 9.25, 5.5625, 9.3125], "texture": "#0"},
				"up": {"uv": [7.5625, 3.8125, 7.25, 3.75], "texture": "#0"},
				"down": {"uv": [7.5625, 4, 7.25, 4.0625], "texture": "#0"}
			}
		},
		{
			"from": [6.974, -7.011, 8.513],
			"to": [9.026, -3.42, 8.684],
			"rotation": {"angle": 0, "axis": "y", "origin": [-5.68, -1.197, -5.68]},
			"faces": {
				"north": {"uv": [3, 3.5, 3.3125, 4], "texture": "#0"},
				"east": {"uv": [3.5, 6.75, 3.5625, 7.25], "texture": "#0"},
				"south": {"uv": [3.5, 3.5, 3.8125, 4], "texture": "#0"},
				"west": {"uv": [6.75, 3.5, 6.8125, 4], "texture": "#0"},
				"up": {"uv": [7.5625, 4.3125, 7.25, 4.25], "texture": "#0"},
				"down": {"uv": [7.5625, 4.5, 7.25, 4.5625], "texture": "#0"}
			}
		},
		{
			"from": [6.974, -7.011, 8.684],
			"to": [9.026, -4.959, 8.855],
			"rotation": {"angle": 0, "axis": "y", "origin": [-5.68, -1.197, -5.68]},
			"faces": {
				"north": {"uv": [2, 4.25, 2.3125, 4.5625], "texture": "#0"},
				"east": {"uv": [4.5, 7.25, 4.5625, 7.5625], "texture": "#0"},
				"south": {"uv": [4, 4.25, 4.3125, 4.5625], "texture": "#0"},
				"west": {"uv": [7.25, 4.75, 7.3125, 5.0625], "texture": "#0"},
				"up": {"uv": [5.5625, 7.3125, 5.25, 7.25], "texture": "#0"},
				"down": {"uv": [7.5625, 5.25, 7.25, 5.3125], "texture": "#0"}
			}
		},
		{
			"from": [6.974, -9.42487, 7.39449],
			"to": [9.026, -8.91187, 7.56549],
			"rotation": {"angle": -22.5, "axis": "x", "origin": [-5.68, -3.61087, -6.96951]},
			"faces": {
				"north": {"uv": [7.25, 5.5, 7.5625, 5.5625], "texture": "#0"},
				"east": {"uv": [9.25, 5.5, 9.3125, 5.5625], "texture": "#0"},
				"south": {"uv": [5.75, 7.25, 6.0625, 7.3125], "texture": "#0"},
				"west": {"uv": [5.75, 9.25, 5.8125, 9.3125], "texture": "#0"},
				"up": {"uv": [7.5625, 5.8125, 7.25, 5.75], "texture": "#0"},
				"down": {"uv": [7.5625, 6, 7.25, 6.0625], "texture": "#0"}
			}
		},
		{
			"from": [6.974, -10.96387, 7.56549],
			"to": [9.026, -10.45087, 7.73649],
			"rotation": {"angle": -22.5, "axis": "x", "origin": [-5.68, -5.14987, -6.79851]},
			"faces": {
				"north": {"uv": [6.25, 7.25, 6.5625, 7.3125], "texture": "#0"},
				"east": {"uv": [9.25, 5.75, 9.3125, 5.8125], "texture": "#0"},
				"south": {"uv": [7.25, 6.25, 7.5625, 6.3125], "texture": "#0"},
				"west": {"uv": [6, 9.25, 6.0625, 9.3125], "texture": "#0"},
				"up": {"uv": [7.0625, 7.3125, 6.75, 7.25], "texture": "#0"},
				"down": {"uv": [7.5625, 7, 7.25, 7.0625], "texture": "#0"}
			}
		},
		{
			"from": [6.974, -4.617, 4.751],
			"to": [9.026, 0, 4.922],
			"rotation": {"angle": 0, "axis": "y", "origin": [-5.68, -1.197, -5.68]},
			"faces": {
				"north": {"uv": [3.25, 0, 3.5625, 0.6875], "texture": "#0"},
				"east": {"uv": [6.25, 5, 6.3125, 5.6875], "texture": "#0"},
				"south": {"uv": [1, 3.25, 1.3125, 3.9375], "texture": "#0"},
				"west": {"uv": [5.5, 6.25, 5.5625, 6.9375], "texture": "#0"},
				"up": {"uv": [7.5625, 7.3125, 7.25, 7.25], "texture": "#0"},
				"down": {"uv": [0.3125, 7.5, 0, 7.5625], "texture": "#0"}
			}
		},
		{
			"from": [6.974, -7.353, 5.264],
			"to": [9.026, -7.011, 8.513],
			"rotation": {"angle": 0, "axis": "y", "origin": [-5.68, -1.197, -5.338]},
			"faces": {
				"north": {"uv": [0.5, 7.5, 0.8125, 7.5625], "texture": "#0"},
				"east": {"uv": [3.75, 6.75, 4.25, 6.8125], "texture": "#0"},
				"south": {"uv": [7.5, 0.5, 7.8125, 0.5625], "texture": "#0"},
				"west": {"uv": [6.75, 4, 7.25, 4.0625], "texture": "#0"},
				"up": {"uv": [4.0625, 0.5, 3.75, 0], "texture": "#0"},
				"down": {"uv": [1.8125, 3.75, 1.5, 4.25], "texture": "#0"}
			}
		},
		{
			"from": [6.974, -15.71776, -2.07599],
			"to": [9.026, -15.20476, -1.56299],
			"rotation": {"angle": -45, "axis": "x", "origin": [-5.68, 1.21124, -6.86399]},
			"faces": {
				"north": {"uv": [1, 7.5, 1.3125, 7.5625], "texture": "#0"},
				"east": {"uv": [9.25, 6, 9.3125, 6.0625], "texture": "#0"},
				"south": {"uv": [1.5, 7.5, 1.8125, 7.5625], "texture": "#0"},
				"west": {"uv": [6.25, 9.25, 6.3125, 9.3125], "texture": "#0"},
				"up": {"uv": [2.3125, 7.5625, 2, 7.5], "texture": "#0"},
				"down": {"uv": [2.8125, 7.5, 2.5, 7.5625], "texture": "#0"}
			}
		},
		{
			"from": [6.974, -15.71776, 15.33999],
			"to": [9.026, -15.20476, 15.85299],
			"rotation": {"angle": 45, "axis": "x", "origin": [-5.68, 1.21124, 20.64099]},
			"faces": {
				"north": {"uv": [7.5, 2.75, 7.8125, 2.8125], "texture": "#0"},
				"east": {"uv": [9.25, 6.25, 9.3125, 6.3125], "texture": "#0"},
				"south": {"uv": [3, 7.5, 3.3125, 7.5625], "texture": "#0"},
				"west": {"uv": [6.5, 9.25, 6.5625, 9.3125], "texture": "#0"},
				"up": {"uv": [3.8125, 7.5625, 3.5, 7.5], "texture": "#0"},
				"down": {"uv": [7.8125, 3.5, 7.5, 3.5625], "texture": "#0"}
			}
		},
		{
			"from": [6.974, -2.565, 4.067],
			"to": [9.026, 0, 4.58],
			"rotation": {"angle": 0, "axis": "y", "origin": [-5.68, 0, -5.68]},
			"faces": {
				"north": {"uv": [4, 3.75, 4.3125, 4.125], "texture": "#0"},
				"east": {"uv": [4.75, 7, 4.8125, 7.375], "texture": "#0"},
				"south": {"uv": [4.25, 0, 4.5625, 0.375], "texture": "#0"},
				"west": {"uv": [5, 7, 5.0625, 7.375], "texture": "#0"},
				"up": {"uv": [4.3125, 7.5625, 4, 7.5], "texture": "#0"},
				"down": {"uv": [5.0625, 7.5, 4.75, 7.5625], "texture": "#0"}
			}
		},
		{
			"from": [6.803, -2.223, 4.238],
			"to": [6.974, -1.881, 4.58],
			"rotation": {"angle": 0, "axis": "y", "origin": [-5.68, 0, -5.68]},
			"faces": {
				"north": {"uv": [9.25, 6.5, 9.3125, 6.5625], "texture": "#0"},
				"east": {"uv": [6.75, 9.25, 6.8125, 9.3125], "texture": "#0"},
				"south": {"uv": [9.25, 6.75, 9.3125, 6.8125], "texture": "#0"},
				"west": {"uv": [7, 9.25, 7.0625, 9.3125], "texture": "#0"},
				"up": {"uv": [9.3125, 7.0625, 9.25, 7], "texture": "#0"},
				"down": {"uv": [7.3125, 9.25, 7.25, 9.3125], "texture": "#0"}
			}
		},
		{
			"from": [9.026, -2.223, 4.238],
			"to": [9.197, -1.881, 4.58],
			"rotation": {"angle": 0, "axis": "y", "origin": [21.68, 0, -5.68]},
			"faces": {
				"north": {"uv": [3.75, 9.5, 3.8125, 9.5625], "texture": "#0"},
				"east": {"uv": [9.5, 3.75, 9.5625, 3.8125], "texture": "#0"},
				"south": {"uv": [4, 9.5, 4.0625, 9.5625], "texture": "#0"},
				"west": {"uv": [9.5, 4, 9.5625, 4.0625], "texture": "#0"},
				"up": {"uv": [4.3125, 9.5625, 4.25, 9.5], "texture": "#0"},
				"down": {"uv": [9.5625, 4.25, 9.5, 4.3125], "texture": "#0"}
			}
		},
		{
			"from": [9.026, 0.684, 4.238],
			"to": [9.197, 1.026, 4.58],
			"rotation": {"angle": 0, "axis": "y", "origin": [21.68, 0, -5.68]},
			"faces": {
				"north": {"uv": [9.75, 1.5, 9.8125, 1.5625], "texture": "#0"},
				"east": {"uv": [1.75, 9.75, 1.8125, 9.8125], "texture": "#0"},
				"south": {"uv": [9.75, 1.75, 9.8125, 1.8125], "texture": "#0"},
				"west": {"uv": [2, 9.75, 2.0625, 9.8125], "texture": "#0"},
				"up": {"uv": [9.8125, 2.0625, 9.75, 2], "texture": "#0"},
				"down": {"uv": [2.3125, 9.75, 2.25, 9.8125], "texture": "#0"}
			}
		},
		{
			"from": [9.026, 0.684, 1.673],
			"to": [9.197, 1.026, 2.015],
			"rotation": {"angle": 0, "axis": "y", "origin": [21.68, 0, -5.68]},
			"faces": {
				"north": {"uv": [9.75, 2.25, 9.8125, 2.3125], "texture": "#0"},
				"east": {"uv": [2.5, 9.75, 2.5625, 9.8125], "texture": "#0"},
				"south": {"uv": [9.75, 2.5, 9.8125, 2.5625], "texture": "#0"},
				"west": {"uv": [2.75, 9.75, 2.8125, 9.8125], "texture": "#0"},
				"up": {"uv": [9.8125, 2.8125, 9.75, 2.75], "texture": "#0"},
				"down": {"uv": [3.0625, 9.75, 3, 9.8125], "texture": "#0"}
			}
		},
		{
			"from": [7.487, -2.565, 1.844],
			"to": [8.513, -2.052, 4.067],
			"rotation": {"angle": 0, "axis": "y", "origin": [-5.68, 0, -5.68]},
			"faces": {
				"north": {"uv": [8.75, 3.5, 8.875, 3.5625], "texture": "#0"},
				"east": {"uv": [7.5, 4.75, 7.8125, 4.8125], "texture": "#0"},
				"south": {"uv": [3.75, 8.75, 3.875, 8.8125], "texture": "#0"},
				"west": {"uv": [7.5, 5, 7.8125, 5.0625], "texture": "#0"},
				"up": {"uv": [0.375, 7.0625, 0.25, 6.75], "texture": "#0"},
				"down": {"uv": [0.625, 6.75, 0.5, 7.0625], "texture": "#0"}
			}
		},
		{
			"from": [7.829, -2.052, 2.357],
			"to": [8.171, 0, 4.067],
			"rotation": {"angle": 0, "axis": "y", "origin": [-5.68, 0, -6.877]},
			"faces": {
				"north": {"uv": [5.25, 7.5, 5.3125, 7.8125], "texture": "#0"},
				"east": {"uv": [4.5, 1.25, 4.75, 1.5625], "texture": "#0"},
				"south": {"uv": [5.5, 7.5, 5.5625, 7.8125], "texture": "#0"},
				"west": {"uv": [4.5, 2.5, 4.75, 2.8125], "texture": "#0"},
				"up": {"uv": [7.8125, 1, 7.75, 0.75], "texture": "#0"},
				"down": {"uv": [1.0625, 7.75, 1, 8], "texture": "#0"}
			}
		},
		{
			"from": [7.829, 3.0207, 3.0599],
			"to": [8.171, 3.5337, 3.4019],
			"rotation": {"angle": 22.5, "axis": "x", "origin": [-5.68, 3.5337, -6.1741]},
			"faces": {
				"north": {"uv": [9.25, 7.25, 9.3125, 7.3125], "texture": "#0"},
				"east": {"uv": [7.5, 9.25, 7.5625, 9.3125], "texture": "#0"},
				"south": {"uv": [9.25, 7.5, 9.3125, 7.5625], "texture": "#0"},
				"west": {"uv": [7.75, 9.25, 7.8125, 9.3125], "texture": "#0"},
				"up": {"uv": [9.3125, 7.8125, 9.25, 7.75], "texture": "#0"},
				"down": {"uv": [8.0625, 9.25, 8, 9.3125], "texture": "#0"}
			}
		},
		{
			"from": [7.829, 1.4817, 3.7439],
			"to": [8.171, 1.9947, 3.9149],
			"rotation": {"angle": 22.5, "axis": "x", "origin": [-5.68, 3.5337, -6.1741]},
			"faces": {
				"north": {"uv": [8.75, 8.25, 8.8125, 8.3125], "texture": "#0"},
				"east": {"uv": [8.5, 8.75, 8.5625, 8.8125], "texture": "#0"},
				"south": {"uv": [8.75, 8.5, 8.8125, 8.5625], "texture": "#0"},
				"west": {"uv": [8.75, 8.75, 8.8125, 8.8125], "texture": "#0"},
				"up": {"uv": [0.0625, 9.0625, 0, 9], "texture": "#0"},
				"down": {"uv": [9.0625, 0, 9, 0.0625], "texture": "#0"}
			}
		},
		{
			"from": [7.829, -4.52064, 2.86359],
			"to": [8.171, -4.00764, 3.20559],
			"rotation": {"angle": -22.5, "axis": "x", "origin": [-5.68, -4.00764, -6.37041]},
			"faces": {
				"north": {"uv": [9.25, 8, 9.3125, 8.0625], "texture": "#0"},
				"east": {"uv": [8.25, 9.25, 8.3125, 9.3125], "texture": "#0"},
				"south": {"uv": [9.25, 8.25, 9.3125, 8.3125], "texture": "#0"},
				"west": {"uv": [8.5, 9.25, 8.5625, 9.3125], "texture": "#0"},
				"up": {"uv": [9.3125, 8.5625, 9.25, 8.5], "texture": "#0"},
				"down": {"uv": [8.8125, 9.25, 8.75, 9.3125], "texture": "#0"}
			}
		},
		{
			"from": [7.487, 0.96976, 2.37053],
			"to": [8.513, 1.48276, 3.56753],
			"rotation": {"angle": 22.5, "axis": "x", "origin": [-5.68, 3.53476, -6.17947]},
			"faces": {
				"north": {"uv": [8.75, 3.75, 8.875, 3.8125], "texture": "#0"},
				"east": {"uv": [3.25, 7.75, 3.4375, 7.8125], "texture": "#0"},
				"south": {"uv": [4, 8.75, 4.125, 8.8125], "texture": "#0"},
				"west": {"uv": [7.75, 3.25, 7.9375, 3.3125], "texture": "#0"},
				"up": {"uv": [7.125, 4.9375, 7, 4.75], "texture": "#0"},
				"down": {"uv": [5.375, 7, 5.25, 7.1875], "texture": "#0"}
			}
		},
		{
			"from": [7.487, -1.86729, -3.18714],
			"to": [8.513, -0.67029, -2.67414],
			"rotation": {"angle": -22.5, "axis": "x", "origin": [-5.68, 7.87971, -0.62214]},
			"faces": {
				"north": {"uv": [5.5, 7, 5.625, 7.1875], "texture": "#0"},
				"east": {"uv": [3.5, 7.75, 3.5625, 7.9375], "texture": "#0"},
				"south": {"uv": [7, 5.5, 7.125, 5.6875], "texture": "#0"},
				"west": {"uv": [3.75, 7.75, 3.8125, 7.9375], "texture": "#0"},
				"up": {"uv": [8.875, 4.0625, 8.75, 4], "texture": "#0"},
				"down": {"uv": [4.375, 8.75, 4.25, 8.8125], "texture": "#0"}
			}
		},
		{
			"from": [7.487, -1.00105, 0.28005],
			"to": [8.513, 0.19595, 0.79305],
			"rotation": {"angle": 0, "axis": "x", "origin": [-5.68, 8.74595, 2.84505]},
			"faces": {
				"north": {"uv": [5.75, 7, 5.875, 7.1875], "texture": "#0"},
				"east": {"uv": [7.75, 3.75, 7.8125, 3.9375], "texture": "#0"},
				"south": {"uv": [7, 5.75, 7.125, 5.9375], "texture": "#0"},
				"west": {"uv": [4, 7.75, 4.0625, 7.9375], "texture": "#0"},
				"up": {"uv": [8.875, 4.3125, 8.75, 4.25], "texture": "#0"},
				"down": {"uv": [4.625, 8.75, 4.5, 8.8125], "texture": "#0"}
			}
		},
		{
			"from": [6.974, -8.6881, 0.58267],
			"to": [9.026, -7.8331, 1.09567],
			"rotation": {"angle": -45, "axis": "x", "origin": [-5.68, -0.9931, -4.03433]},
			"faces": {
				"north": {"uv": [6.75, 0.75, 7.0625, 0.875], "texture": "#0"},
				"east": {"uv": [8.75, 4.5, 8.8125, 4.625], "texture": "#0"},
				"south": {"uv": [6.75, 1, 7.0625, 1.125], "texture": "#0"},
				"west": {"uv": [4.75, 8.75, 4.8125, 8.875], "texture": "#0"},
				"up": {"uv": [6.0625, 7.5625, 5.75, 7.5], "texture": "#0"},
				"down": {"uv": [6.5625, 7.5, 6.25, 7.5625], "texture": "#0"}
			}
		},
		{
			"from": [6.974, 8.83897, 13.01203],
			"to": [9.026, 10.03597, 13.86703],
			"rotation": {"angle": 45, "axis": "x", "origin": [-5.851, 10.03597, -0.32597]},
			"faces": {
				"north": {"uv": [3, 4.75, 3.3125, 4.9375], "texture": "#0"},
				"east": {"uv": [7, 6, 7.125, 6.1875], "texture": "#0"},
				"south": {"uv": [3.5, 4.75, 3.8125, 4.9375], "texture": "#0"},
				"west": {"uv": [7, 6.25, 7.125, 6.4375], "texture": "#0"},
				"up": {"uv": [7.0625, 1.375, 6.75, 1.25], "texture": "#0"},
				"down": {"uv": [7.0625, 1.5, 6.75, 1.625], "texture": "#0"}
			}
		},
		{
			"from": [6.974, 3.28785, 9.50181],
			"to": [9.026, 4.82685, 10.18581],
			"rotation": {"angle": 22.5, "axis": "x", "origin": [-5.851, 4.82685, -4.00719]},
			"faces": {
				"north": {"uv": [4.5, 1.75, 4.8125, 2], "texture": "#0"},
				"east": {"uv": [4.25, 6.75, 4.375, 7], "texture": "#0"},
				"south": {"uv": [3, 4.5, 3.3125, 4.75], "texture": "#0"},
				"west": {"uv": [6.75, 4.25, 6.875, 4.5], "texture": "#0"},
				"up": {"uv": [7.0625, 1.875, 6.75, 1.75], "texture": "#0"},
				"down": {"uv": [7.0625, 2, 6.75, 2.125], "texture": "#0"}
			}
		}
	],
	"display": {
		"thirdperson_righthand": {
			"translation": [0, 4.75, 3.25],
			"scale": [0.5, 0.5, 0.5]
		},
		"thirdperson_lefthand": {
			"translation": [0, 4.75, 3.5],
			"scale": [0.5, 0.5, 0.5]
		},
		"firstperson_righthand": {
			"translation": [2.5, 8.5, -1]
		},
		"firstperson_lefthand": {
			"translation": [-9, 9.5, 8],
			"scale": [0.5, 0.5, 0.5]
		},
		"ground": {
			"rotation": [0, 0, 90],
			"translation": [-5.25, 0.75, 4.5],
			"scale": [0.6, 0.6, 0.6]
		},
		"gui": {
			"rotation": [38, 46, 0],
			"translation": [5.25, 4, 0],
			"scale": [0.9, 0.9, 0.9]
		},
		"head": {
			"translation": [0, 12.25, -6.75]
		}
	}
}