{
	"credit": "Made with Blockbench",
	"texture_size": [32, 32],
	"textures": {
		"1": "items/berdan",
		"particle": "items/rgbsheet1"
	},
	"elements": [
		{
			"from": [7.5, 0, 9],
			"to": [8.5, 1, 14],
			"rotation": {"angle": 0, "axis": "y", "origin": [0, 0, 14]},
			"faces": {
				"north": {"uv": [6.5, 5, 7, 5.5], "texture": "#1"},
				"east": {"uv": [4.5, 3, 7, 3.5], "texture": "#1"},
				"south": {"uv": [7.5, 3.5, 8, 4], "texture": "#1"},
				"west": {"uv": [4.5, 3.5, 7, 4], "texture": "#1"},
				"up": {"uv": [3.5, 7.5, 3, 5], "texture": "#1"},
				"down": {"uv": [4, 5, 3.5, 7.5], "texture": "#1"}
			}
		},
		{
			"from": [7.5, 0.1, 6.7],
			"to": [8.5, 1, 9],
			"rotation": {"angle": 0, "axis": "y", "origin": [0, 0, 14]},
			"faces": {
				"north": {"uv": [8, 5.5, 8.5, 6], "texture": "#1"},
				"east": {"uv": [5.5, 5.5, 6.625, 6], "texture": "#1"},
				"south": {"uv": [1, 8.5, 1.5, 9], "texture": "#1"},
				"west": {"uv": [6, 0, 7.125, 0.5], "texture": "#1"},
				"up": {"uv": [6.5, 1.625, 6, 0.5], "texture": "#1"},
				"down": {"uv": [6.5, 4, 6, 5.125], "texture": "#1"}
			}
		},
		{
			"from": [7.5, 0.2, 3.9],
			"to": [8.5, 1, 6.7],
			"rotation": {"angle": 0, "axis": "y", "origin": [0, 0, 14]},
			"faces": {
				"north": {"uv": [8.5, 3.5, 9, 3.875], "texture": "#1"},
				"east": {"uv": [5.5, 6, 6.875, 6.375], "texture": "#1"},
				"south": {"uv": [4.5, 8.5, 5, 8.875], "texture": "#1"},
				"west": {"uv": [6.5, 0.5, 7.875, 0.875], "texture": "#1"},
				"up": {"uv": [5, 6.375, 4.5, 5], "texture": "#1"},
				"down": {"uv": [6, 4, 5.5, 5.375], "texture": "#1"}
			}
		},
		{
			"from": [7.8, 0.7, 0.9],
			"to": [8.2, 1.1, 3.9],
			"rotation": {"angle": 0, "axis": "y", "origin": [0, 0, 14]},
			"faces": {
				"north": {"uv": [1.5, 10, 1.75, 10.25], "texture": "#1"},
				"east": {"uv": [7, 7, 8.5, 7.25], "texture": "#1"},
				"south": {"uv": [10, 2, 10.25, 2.25], "texture": "#1"},
				"west": {"uv": [7.5, 0, 9, 0.25], "texture": "#1"},
				"up": {"uv": [7.75, 3.5, 7.5, 2], "texture": "#1"},
				"down": {"uv": [3.25, 7.5, 3, 9], "texture": "#1"}
			}
		},
		{
			"from": [7.9, 0.2, 2.2],
			"to": [8.1, 0.4, 3.9],
			"rotation": {"angle": 0, "axis": "y", "origin": [0, 0, 14]},
			"faces": {
				"north": {"uv": [10.5, 12, 10.625, 12.125], "texture": "#1"},
				"east": {"uv": [3.5, 9, 4.375, 9.125], "texture": "#1"},
				"south": {"uv": [12, 10.5, 12.125, 10.625], "texture": "#1"},
				"west": {"uv": [9, 3.5, 9.875, 3.625], "texture": "#1"},
				"up": {"uv": [4.625, 9.875, 4.5, 9], "texture": "#1"},
				"down": {"uv": [5.125, 9, 5, 9.875], "texture": "#1"}
			}
		},
		{
			"from": [7.8, 0.1, 1.9],
			"to": [8.2, 0.5, 2.2],
			"rotation": {"angle": 0, "axis": "y", "origin": [0, 0, 14]},
			"faces": {
				"north": {"uv": [2.5, 10, 2.75, 10.25], "texture": "#1"},
				"east": {"uv": [10.5, 7.5, 10.625, 7.75], "texture": "#1"},
				"south": {"uv": [10, 2.5, 10.25, 2.75], "texture": "#1"},
				"west": {"uv": [8, 10.5, 8.125, 10.75], "texture": "#1"},
				"up": {"uv": [10.75, 8.125, 10.5, 8], "texture": "#1"},
				"down": {"uv": [8.75, 10.5, 8.5, 10.625], "texture": "#1"}
			}
		},
		{
			"from": [7.7, 0.6, 0.2],
			"to": [8.3, 1.2, 0.9],
			"rotation": {"angle": 0, "axis": "y", "origin": [0, 0, 14]},
			"faces": {
				"north": {"uv": [3, 10, 3.25, 10.25], "texture": "#1"},
				"east": {"uv": [8, 9, 8.375, 9.25], "texture": "#1"},
				"south": {"uv": [10, 3.5, 10.25, 3.75], "texture": "#1"},
				"west": {"uv": [8.5, 9, 8.875, 9.25], "texture": "#1"},
				"up": {"uv": [9.25, 9.375, 9, 9], "texture": "#1"},
				"down": {"uv": [0.25, 9.5, 0, 9.875], "texture": "#1"}
			}
		},
		{
			"from": [7.8, 1, 15],
			"to": [8.2, 1.4, 19],
			"rotation": {"angle": 0, "axis": "y", "origin": [0, 0, 14]},
			"faces": {
				"north": {"uv": [10, 4, 10.25, 4.25], "texture": "#1"},
				"east": {"uv": [6.5, 1, 8.5, 1.25], "texture": "#1"},
				"south": {"uv": [4.5, 10, 4.75, 10.25], "texture": "#1"},
				"west": {"uv": [6.5, 1.5, 8.5, 1.75], "texture": "#1"},
				"up": {"uv": [4.75, 8.5, 4.5, 6.5], "texture": "#1"},
				"down": {"uv": [5.75, 6.5, 5.5, 8.5], "texture": "#1"}
			}
		},
		{
			"from": [7.8, 1, 11],
			"to": [8.2, 1.3, 15],
			"rotation": {"angle": 0, "axis": "y", "origin": [0, 0, 14]},
			"faces": {
				"north": {"uv": [10.5, 8.5, 10.75, 8.625], "texture": "#1"},
				"east": {"uv": [8.5, 1, 10.5, 1.125], "texture": "#1"},
				"south": {"uv": [9, 10.5, 9.25, 10.625], "texture": "#1"},
				"west": {"uv": [8.5, 1.5, 10.5, 1.625], "texture": "#1"},
				"up": {"uv": [6.25, 8.5, 6, 6.5], "texture": "#1"},
				"down": {"uv": [6.75, 6.5, 6.5, 8.5], "texture": "#1"}
			}
		},
		{
			"from": [7.8, 1, 3.9],
			"to": [8.2, 1.2, 11],
			"rotation": {"angle": 0, "axis": "y", "origin": [0, 0, 14]},
			"faces": {
				"north": {"uv": [10.5, 9, 10.75, 9.125], "texture": "#1"},
				"east": {"uv": [7, 6, 10.5, 6.125], "texture": "#1"},
				"south": {"uv": [9.5, 10.5, 9.75, 10.625], "texture": "#1"},
				"west": {"uv": [7, 6.5, 10.5, 6.625], "texture": "#1"},
				"up": {"uv": [4.25, 8.5, 4, 5], "texture": "#1"},
				"down": {"uv": [5.25, 4, 5, 7.5], "texture": "#1"}
			}
		},
		{
			"from": [7.8, 1.4, 17.5],
			"to": [8.2, 1.5, 18.3],
			"rotation": {"angle": 0, "axis": "y", "origin": [0, 0, 14]},
			"faces": {
				"north": {"uv": [10.5, 9.5, 10.75, 9.625], "texture": "#1"},
				"east": {"uv": [10.5, 2.5, 10.875, 2.625], "texture": "#1"},
				"south": {"uv": [10, 10.5, 10.25, 10.625], "texture": "#1"},
				"west": {"uv": [3, 10.5, 3.375, 10.625], "texture": "#1"},
				"up": {"uv": [9.75, 0.375, 9.5, 0], "texture": "#1"},
				"down": {"uv": [0.75, 9.5, 0.5, 9.875], "texture": "#1"}
			}
		},
		{
			"from": [7.8, 1.5, 17.8],
			"to": [8.2, 1.6, 18.3],
			"rotation": {"angle": 0, "axis": "y", "origin": [0, 0, 14]},
			"faces": {
				"north": {"uv": [10.5, 10, 10.75, 10.125], "texture": "#1"},
				"east": {"uv": [10.5, 10.5, 10.75, 10.625], "texture": "#1"},
				"south": {"uv": [0, 11, 0.25, 11.125], "texture": "#1"},
				"west": {"uv": [11, 0, 11.25, 0.125], "texture": "#1"},
				"up": {"uv": [10.25, 4.75, 10, 4.5], "texture": "#1"},
				"down": {"uv": [5.25, 10, 5, 10.25], "texture": "#1"}
			}
		},
		{
			"from": [7.7, 1.5, 17.7],
			"to": [8.3, 1.6, 17.8],
			"rotation": {"angle": 0, "axis": "y", "origin": [0, 0, 14]},
			"faces": {
				"north": {"uv": [0.5, 11, 0.75, 11.125], "texture": "#1"},
				"east": {"uv": [11, 12, 11.125, 12.125], "texture": "#1"},
				"south": {"uv": [11, 0.5, 11.25, 0.625], "texture": "#1"},
				"west": {"uv": [12, 11, 12.125, 11.125], "texture": "#1"},
				"up": {"uv": [1.25, 11.125, 1, 11], "texture": "#1"},
				"down": {"uv": [11.25, 1, 11, 1.125], "texture": "#1"}
			}
		},
		{
			"from": [7.8, 1.6, 18],
			"to": [8.2, 1.7, 18.6],
			"rotation": {"angle": 0, "axis": "y", "origin": [0, 0, 14]},
			"faces": {
				"north": {"uv": [1.5, 11, 1.75, 11.125], "texture": "#1"},
				"east": {"uv": [11, 1.5, 11.25, 1.625], "texture": "#1"},
				"south": {"uv": [2, 11, 2.25, 11.125], "texture": "#1"},
				"west": {"uv": [11, 2, 11.25, 2.125], "texture": "#1"},
				"up": {"uv": [10.25, 5.25, 10, 5], "texture": "#1"},
				"down": {"uv": [5.75, 10, 5.5, 10.25], "texture": "#1"}
			}
		},
		{
			"from": [7.8, -0.03855, 19.16245],
			"to": [8.2, 0.16145, 19.56245],
			"rotation": {"angle": -22.5, "axis": "x", "origin": [0, -1.63855, 14.96245]},
			"faces": {
				"north": {"uv": [2.5, 11, 2.75, 11.125], "texture": "#1"},
				"east": {"uv": [11, 2.5, 11.25, 2.625], "texture": "#1"},
				"south": {"uv": [3, 11, 3.25, 11.125], "texture": "#1"},
				"west": {"uv": [11, 3, 11.25, 3.125], "texture": "#1"},
				"up": {"uv": [10.25, 5.75, 10, 5.5], "texture": "#1"},
				"down": {"uv": [6.25, 10, 6, 10.25], "texture": "#1"}
			}
		},
		{
			"from": [8.1, 1.7, 18.2],
			"to": [8.2, 1.8, 18.6],
			"rotation": {"angle": 0, "axis": "y", "origin": [0, 0, 14]},
			"faces": {
				"north": {"uv": [11.5, 12, 11.625, 12.125], "texture": "#1"},
				"east": {"uv": [3.5, 11, 3.75, 11.125], "texture": "#1"},
				"south": {"uv": [12, 11.5, 12.125, 11.625], "texture": "#1"},
				"west": {"uv": [11, 3.5, 11.25, 3.625], "texture": "#1"},
				"up": {"uv": [4.125, 11.25, 4, 11], "texture": "#1"},
				"down": {"uv": [11.125, 4, 11, 4.25], "texture": "#1"}
			}
		},
		{
			"from": [7.8, 1.7, 18.2],
			"to": [7.9, 1.8, 18.6],
			"rotation": {"angle": 0, "axis": "y", "origin": [0, 0, 14]},
			"faces": {
				"north": {"uv": [12, 12, 12.125, 12.125], "texture": "#1"},
				"east": {"uv": [4.5, 11, 4.75, 11.125], "texture": "#1"},
				"south": {"uv": [0, 12.5, 0.125, 12.625], "texture": "#1"},
				"west": {"uv": [11, 4.5, 11.25, 4.625], "texture": "#1"},
				"up": {"uv": [5.125, 11.25, 5, 11], "texture": "#1"},
				"down": {"uv": [11.125, 5, 11, 5.25], "texture": "#1"}
			}
		},
		{
			"from": [7.8, 1, 21],
			"to": [8.2, 1.4, 22],
			"rotation": {"angle": 0, "axis": "y", "origin": [0, 0, 14]},
			"faces": {
				"north": {"uv": [6.5, 10, 6.75, 10.25], "texture": "#1"},
				"east": {"uv": [7.5, 8.5, 8, 8.75], "texture": "#1"},
				"south": {"uv": [7, 10, 7.25, 10.25], "texture": "#1"},
				"west": {"uv": [8.5, 7.5, 9, 7.75], "texture": "#1"},
				"up": {"uv": [8.25, 9, 8, 8.5], "texture": "#1"},
				"down": {"uv": [8.75, 8, 8.5, 8.5], "texture": "#1"}
			}
		},
		{
			"from": [7.8, 1.1, 19],
			"to": [8.2, 1.3, 21],
			"rotation": {"angle": 0, "axis": "y", "origin": [0, 0, 14]},
			"faces": {
				"north": {"uv": [5.5, 11, 5.75, 11.125], "texture": "#1"},
				"east": {"uv": [8.5, 8.5, 9.5, 8.625], "texture": "#1"},
				"south": {"uv": [11, 5.5, 11.25, 5.625], "texture": "#1"},
				"west": {"uv": [0, 9, 1, 9.125], "texture": "#1"},
				"up": {"uv": [1.75, 9.5, 1.5, 8.5], "texture": "#1"},
				"down": {"uv": [8.75, 2, 8.5, 3], "texture": "#1"}
			}
		},
		{
			"from": [7.9, 1.3, 19.7],
			"to": [8.1, 1.4, 21],
			"rotation": {"angle": 0, "axis": "y", "origin": [0, 0, 14]},
			"faces": {
				"north": {"uv": [12.5, 0, 12.625, 0.125], "texture": "#1"},
				"east": {"uv": [8.5, 9.5, 9.125, 9.625], "texture": "#1"},
				"south": {"uv": [0.5, 12.5, 0.625, 12.625], "texture": "#1"},
				"west": {"uv": [9.5, 8.5, 10.125, 8.625], "texture": "#1"},
				"up": {"uv": [9.625, 9.625, 9.5, 9], "texture": "#1"},
				"down": {"uv": [0.125, 10, 0, 10.625], "texture": "#1"}
			}
		},
		{
			"from": [7.9, 1.4, 20.5],
			"to": [8.1, 1.5, 20.7],
			"rotation": {"angle": 0, "axis": "y", "origin": [0, 0, 14]},
			"faces": {
				"north": {"uv": [12.5, 0.5, 12.625, 0.625], "texture": "#1"},
				"east": {"uv": [1, 12.5, 1.125, 12.625], "texture": "#1"},
				"south": {"uv": [12.5, 1, 12.625, 1.125], "texture": "#1"},
				"west": {"uv": [1.5, 12.5, 1.625, 12.625], "texture": "#1"},
				"up": {"uv": [12.625, 1.625, 12.5, 1.5], "texture": "#1"},
				"down": {"uv": [2.125, 12.5, 2, 12.625], "texture": "#1"}
			}
		},
		{
			"from": [7.8, 1.5, 20.4],
			"to": [8.2, 1.7, 20.8],
			"rotation": {"angle": 0, "axis": "y", "origin": [0, 0, 14]},
			"faces": {
				"north": {"uv": [6, 11, 6.25, 11.125], "texture": "#1"},
				"east": {"uv": [11, 6, 11.25, 6.125], "texture": "#1"},
				"south": {"uv": [6.5, 11, 6.75, 11.125], "texture": "#1"},
				"west": {"uv": [11, 6.5, 11.25, 6.625], "texture": "#1"},
				"up": {"uv": [10.25, 7.25, 10, 7], "texture": "#1"},
				"down": {"uv": [7.75, 10, 7.5, 10.25], "texture": "#1"}
			}
		},
		{
			"from": [7.9, 1.4, 19.3],
			"to": [8.1, 1.5, 19.7],
			"rotation": {"angle": 0, "axis": "y", "origin": [0, 0, 14]},
			"faces": {
				"north": {"uv": [12.5, 2, 12.625, 2.125], "texture": "#1"},
				"east": {"uv": [7, 11, 7.25, 11.125], "texture": "#1"},
				"south": {"uv": [2.5, 12.5, 2.625, 12.625], "texture": "#1"},
				"west": {"uv": [11, 7, 11.25, 7.125], "texture": "#1"},
				"up": {"uv": [7.625, 11.25, 7.5, 11], "texture": "#1"},
				"down": {"uv": [11.125, 7.5, 11, 7.75], "texture": "#1"}
			}
		},
		{
			"from": [7.7, 1, 21],
			"to": [7.8, 1.3, 22.5],
			"rotation": {"angle": 0, "axis": "y", "origin": [0, 0, 14]},
			"faces": {
				"north": {"uv": [12.5, 2.5, 12.625, 2.625], "texture": "#1"},
				"east": {"uv": [9.5, 0.5, 10.25, 0.625], "texture": "#1"},
				"south": {"uv": [3, 12.5, 3.125, 12.625], "texture": "#1"},
				"west": {"uv": [1, 9.5, 1.75, 9.625], "texture": "#1"},
				"up": {"uv": [2.125, 10.25, 2, 9.5], "texture": "#1"},
				"down": {"uv": [9.625, 2, 9.5, 2.75], "texture": "#1"}
			}
		},
		{
			"from": [8.2, 1, 21],
			"to": [8.3, 1.3, 22.5],
			"rotation": {"angle": 0, "axis": "y", "origin": [0, 0, 14]},
			"faces": {
				"north": {"uv": [12.5, 3, 12.625, 3.125], "texture": "#1"},
				"east": {"uv": [2.5, 9.5, 3.25, 9.625], "texture": "#1"},
				"south": {"uv": [3.5, 12.5, 3.625, 12.625], "texture": "#1"},
				"west": {"uv": [9.5, 3, 10.25, 3.125], "texture": "#1"},
				"up": {"uv": [3.625, 10.25, 3.5, 9.5], "texture": "#1"},
				"down": {"uv": [4.125, 9.5, 4, 10.25], "texture": "#1"}
			}
		},
		{
			"from": [8.2, 1, 19.3],
			"to": [8.3, 1.1, 21],
			"rotation": {"angle": 0, "axis": "y", "origin": [0, 0, 14]},
			"faces": {
				"north": {"uv": [12.5, 3.5, 12.625, 3.625], "texture": "#1"},
				"east": {"uv": [9, 4, 9.875, 4.125], "texture": "#1"},
				"south": {"uv": [4, 12.5, 4.125, 12.625], "texture": "#1"},
				"west": {"uv": [9, 5, 9.875, 5.125], "texture": "#1"},
				"up": {"uv": [5.625, 9.875, 5.5, 9], "texture": "#1"},
				"down": {"uv": [7.125, 9, 7, 9.875], "texture": "#1"}
			}
		},
		{
			"from": [7.7, 1, 19.3],
			"to": [7.8, 1.1, 21],
			"rotation": {"angle": 0, "axis": "y", "origin": [0, 0, 14]},
			"faces": {
				"north": {"uv": [12.5, 4, 12.625, 4.125], "texture": "#1"},
				"east": {"uv": [9, 5.5, 9.875, 5.625], "texture": "#1"},
				"south": {"uv": [4.5, 12.5, 4.625, 12.625], "texture": "#1"},
				"west": {"uv": [9, 7, 9.875, 7.125], "texture": "#1"},
				"up": {"uv": [7.625, 9.875, 7.5, 9], "texture": "#1"},
				"down": {"uv": [9.125, 7.5, 9, 8.375], "texture": "#1"}
			}
		},
		{
			"from": [8.2, 1, 19],
			"to": [8.3, 1.4, 19.3],
			"rotation": {"angle": 0, "axis": "y", "origin": [0, 0, 14]},
			"faces": {
				"north": {"uv": [8, 11, 8.125, 11.25], "texture": "#1"},
				"east": {"uv": [11, 8, 11.125, 8.25], "texture": "#1"},
				"south": {"uv": [8.5, 11, 8.625, 11.25], "texture": "#1"},
				"west": {"uv": [11, 8.5, 11.125, 8.75], "texture": "#1"},
				"up": {"uv": [12.625, 4.625, 12.5, 4.5], "texture": "#1"},
				"down": {"uv": [5.125, 12.5, 5, 12.625], "texture": "#1"}
			}
		},
		{
			"from": [7.7, 1.4, 19],
			"to": [8.3, 1.5, 19.3],
			"rotation": {"angle": 0, "axis": "y", "origin": [0, 0, 14]},
			"faces": {
				"north": {"uv": [9, 11, 9.25, 11.125], "texture": "#1"},
				"east": {"uv": [12.5, 5, 12.625, 5.125], "texture": "#1"},
				"south": {"uv": [11, 9, 11.25, 9.125], "texture": "#1"},
				"west": {"uv": [5.5, 12.5, 5.625, 12.625], "texture": "#1"},
				"up": {"uv": [9.75, 11.125, 9.5, 11], "texture": "#1"},
				"down": {"uv": [11.25, 9.5, 11, 9.625], "texture": "#1"}
			}
		},
		{
			"from": [7.7, 1, 19],
			"to": [7.8, 1.4, 19.3],
			"rotation": {"angle": 0, "axis": "y", "origin": [0, 0, 14]},
			"faces": {
				"north": {"uv": [10, 11, 10.125, 11.25], "texture": "#1"},
				"east": {"uv": [11, 10, 11.125, 10.25], "texture": "#1"},
				"south": {"uv": [10.5, 11, 10.625, 11.25], "texture": "#1"},
				"west": {"uv": [11, 10.5, 11.125, 10.75], "texture": "#1"},
				"up": {"uv": [12.625, 5.625, 12.5, 5.5], "texture": "#1"},
				"down": {"uv": [6.125, 12.5, 6, 12.625], "texture": "#1"}
			}
		},
		{
			"from": [7.9, 1.1, 22],
			"to": [8.1, 1.3, 22.7],
			"rotation": {"angle": 0, "axis": "y", "origin": [0, 0, 14]},
			"faces": {
				"north": {"uv": [12.5, 6, 12.625, 6.125], "texture": "#1"},
				"east": {"uv": [10.5, 3, 10.875, 3.125], "texture": "#1"},
				"south": {"uv": [6.5, 12.5, 6.625, 12.625], "texture": "#1"},
				"west": {"uv": [3.5, 10.5, 3.875, 10.625], "texture": "#1"},
				"up": {"uv": [10.625, 3.875, 10.5, 3.5], "texture": "#1"},
				"down": {"uv": [4.125, 10.5, 4, 10.875], "texture": "#1"}
			}
		},
		{
			"from": [7.8, 1, 22.7],
			"to": [8.2, 1.4, 22.9],
			"rotation": {"angle": 0, "axis": "y", "origin": [0, 0, 14]},
			"faces": {
				"north": {"uv": [10, 7.5, 10.25, 7.75], "texture": "#1"},
				"east": {"uv": [11, 11, 11.125, 11.25], "texture": "#1"},
				"south": {"uv": [8, 10, 8.25, 10.25], "texture": "#1"},
				"west": {"uv": [0, 11.5, 0.125, 11.75], "texture": "#1"},
				"up": {"uv": [11.75, 0.125, 11.5, 0], "texture": "#1"},
				"down": {"uv": [0.75, 11.5, 0.5, 11.625], "texture": "#1"}
			}
		},
		{
			"from": [7.3, -0.1, 13.8],
			"to": [8.7, 1.1, 14.2],
			"rotation": {"angle": 0, "axis": "y", "origin": [0, 0, 14]},
			"faces": {
				"north": {"uv": [7, 4, 7.75, 4.625], "texture": "#1"},
				"east": {"uv": [6, 8.5, 6.25, 9.125], "texture": "#1"},
				"south": {"uv": [7, 5, 7.75, 5.625], "texture": "#1"},
				"west": {"uv": [6.5, 8.5, 6.75, 9.125], "texture": "#1"},
				"up": {"uv": [9.25, 4.75, 8.5, 4.5], "texture": "#1"},
				"down": {"uv": [5.75, 8.5, 5, 8.75], "texture": "#1"}
			}
		},
		{
			"from": [7.61716, 1.08284, 13.8],
			"to": [8.41716, 1.38284, 14.2],
			"rotation": {"angle": 0, "axis": "y", "origin": [0.01716, -0.01716, 14]},
			"faces": {
				"north": {"uv": [10.5, 4, 10.875, 4.125], "texture": "#1"},
				"east": {"uv": [11.5, 0.5, 11.75, 0.625], "texture": "#1"},
				"south": {"uv": [4.5, 10.5, 4.875, 10.625], "texture": "#1"},
				"west": {"uv": [1, 11.5, 1.25, 11.625], "texture": "#1"},
				"up": {"uv": [9.875, 4.75, 9.5, 4.5], "texture": "#1"},
				"down": {"uv": [6.375, 9.5, 6, 9.75], "texture": "#1"}
			}
		},
		{
			"from": [3.82477, 6.79584, 13.8],
			"to": [4.22477, 7.09584, 14.2],
			"rotation": {"angle": -45, "axis": "z", "origin": [-0.77523, -1.30416, 14]},
			"faces": {
				"north": {"uv": [11.5, 1, 11.75, 1.125], "texture": "#1"},
				"east": {"uv": [1.5, 11.5, 1.75, 11.625], "texture": "#1"},
				"south": {"uv": [11.5, 1.5, 11.75, 1.625], "texture": "#1"},
				"west": {"uv": [2, 11.5, 2.25, 11.625], "texture": "#1"},
				"up": {"uv": [10.25, 8.25, 10, 8], "texture": "#1"},
				"down": {"uv": [8.75, 10, 8.5, 10.25], "texture": "#1"}
			}
		},
		{
			"from": [11.77523, 6.79584, 13.8],
			"to": [12.17523, 7.09584, 14.2],
			"rotation": {"angle": 45, "axis": "z", "origin": [16.77523, -1.30416, 14]},
			"faces": {
				"north": {"uv": [11.5, 2, 11.75, 2.125], "texture": "#1"},
				"east": {"uv": [2.5, 11.5, 2.75, 11.625], "texture": "#1"},
				"south": {"uv": [11.5, 2.5, 11.75, 2.625], "texture": "#1"},
				"west": {"uv": [3, 11.5, 3.25, 11.625], "texture": "#1"},
				"up": {"uv": [9.25, 10.25, 9, 10], "texture": "#1"},
				"down": {"uv": [10.25, 9, 10, 9.25], "texture": "#1"}
			}
		},
		{
			"from": [4.11704, 6.32013, 5.861],
			"to": [4.48904, 6.59913, 6.14],
			"rotation": {"angle": -45, "axis": "z", "origin": [-0.16096, -1.21287, 6.047]},
			"faces": {
				"north": {"uv": [12.5, 6.5, 12.625, 6.625], "texture": "#1"},
				"east": {"uv": [7, 12.5, 7.125, 12.625], "texture": "#1"},
				"south": {"uv": [12.5, 7, 12.625, 7.125], "texture": "#1"},
				"west": {"uv": [7.5, 12.5, 7.625, 12.625], "texture": "#1"},
				"up": {"uv": [12.625, 7.625, 12.5, 7.5], "texture": "#1"},
				"down": {"uv": [8.125, 12.5, 8, 12.625], "texture": "#1"}
			}
		},
		{
			"from": [7.64396, 1.00704, 5.861],
			"to": [8.38796, 1.28604, 6.14],
			"rotation": {"angle": 0, "axis": "y", "origin": [0.57596, -0.01596, 6.047]},
			"faces": {
				"north": {"uv": [10.5, 4.5, 10.875, 4.625], "texture": "#1"},
				"east": {"uv": [12.5, 8, 12.625, 8.125], "texture": "#1"},
				"south": {"uv": [5, 10.5, 5.375, 10.625], "texture": "#1"},
				"west": {"uv": [8.5, 12.5, 8.625, 12.625], "texture": "#1"},
				"up": {"uv": [10.875, 5.125, 10.5, 5], "texture": "#1"},
				"down": {"uv": [5.875, 10.5, 5.5, 10.625], "texture": "#1"}
			}
		},
		{
			"from": [11.51096, 6.32013, 5.861],
			"to": [11.88296, 6.59913, 6.14],
			"rotation": {"angle": 45, "axis": "z", "origin": [16.16096, -1.21287, 6.047]},
			"faces": {
				"north": {"uv": [12.5, 8.5, 12.625, 8.625], "texture": "#1"},
				"east": {"uv": [9, 12.5, 9.125, 12.625], "texture": "#1"},
				"south": {"uv": [12.5, 9, 12.625, 9.125], "texture": "#1"},
				"west": {"uv": [9.5, 12.5, 9.625, 12.625], "texture": "#1"},
				"up": {"uv": [12.625, 9.625, 12.5, 9.5], "texture": "#1"},
				"down": {"uv": [10.125, 12.5, 10, 12.625], "texture": "#1"}
			}
		},
		{
			"from": [4.11704, -5.29713, 5.861],
			"to": [4.48904, -5.01813, 6.14],
			"rotation": {"angle": 45, "axis": "z", "origin": [-0.16096, 2.51487, 6.047]},
			"faces": {
				"north": {"uv": [12.5, 10, 12.625, 10.125], "texture": "#1"},
				"east": {"uv": [10.5, 12.5, 10.625, 12.625], "texture": "#1"},
				"south": {"uv": [12.5, 10.5, 12.625, 10.625], "texture": "#1"},
				"west": {"uv": [11, 12.5, 11.125, 12.625], "texture": "#1"},
				"up": {"uv": [12.625, 11.125, 12.5, 11], "texture": "#1"},
				"down": {"uv": [11.625, 12.5, 11.5, 12.625], "texture": "#1"}
			}
		},
		{
			"from": [7.64396, 0.01596, 5.861],
			"to": [8.38796, 0.29496, 6.14],
			"rotation": {"angle": 0, "axis": "y", "origin": [0.57596, 1.31796, 6.047]},
			"faces": {
				"north": {"uv": [10.5, 5.5, 10.875, 5.625], "texture": "#1"},
				"east": {"uv": [12.5, 11.5, 12.625, 11.625], "texture": "#1"},
				"south": {"uv": [6, 10.5, 6.375, 10.625], "texture": "#1"},
				"west": {"uv": [12, 12.5, 12.125, 12.625], "texture": "#1"},
				"up": {"uv": [10.875, 6.125, 10.5, 6], "texture": "#1"},
				"down": {"uv": [6.875, 10.5, 6.5, 10.625], "texture": "#1"}
			}
		},
		{
			"from": [11.51096, -5.29713, 5.861],
			"to": [11.88296, -5.01813, 6.14],
			"rotation": {"angle": -45, "axis": "z", "origin": [16.16096, 2.51487, 6.047]},
			"faces": {
				"north": {"uv": [12.5, 12, 12.625, 12.125], "texture": "#1"},
				"east": {"uv": [12.5, 12.5, 12.625, 12.625], "texture": "#1"},
				"south": {"uv": [0, 13, 0.125, 13.125], "texture": "#1"},
				"west": {"uv": [13, 0, 13.125, 0.125], "texture": "#1"},
				"up": {"uv": [0.625, 13.125, 0.5, 13], "texture": "#1"},
				"down": {"uv": [13.125, 0.5, 13, 0.625], "texture": "#1"}
			}
		},
		{
			"from": [11.77523, -6.09584, 13.8],
			"to": [12.17523, -5.79584, 14.2],
			"rotation": {"angle": -45, "axis": "z", "origin": [16.77523, 2.30416, 14]},
			"faces": {
				"north": {"uv": [11.5, 3, 11.75, 3.125], "texture": "#1"},
				"east": {"uv": [3.5, 11.5, 3.75, 11.625], "texture": "#1"},
				"south": {"uv": [11.5, 3.5, 11.75, 3.625], "texture": "#1"},
				"west": {"uv": [4, 11.5, 4.25, 11.625], "texture": "#1"},
				"up": {"uv": [9.75, 10.25, 9.5, 10], "texture": "#1"},
				"down": {"uv": [10.25, 9.5, 10, 9.75], "texture": "#1"}
			}
		},
		{
			"from": [7.61716, -0.38284, 13.8],
			"to": [8.41716, -0.08284, 14.2],
			"rotation": {"angle": 0, "axis": "y", "origin": [0.01716, 1.01716, 14]},
			"faces": {
				"north": {"uv": [10.5, 6.5, 10.875, 6.625], "texture": "#1"},
				"east": {"uv": [11.5, 4, 11.75, 4.125], "texture": "#1"},
				"south": {"uv": [7, 10.5, 7.375, 10.625], "texture": "#1"},
				"west": {"uv": [4.5, 11.5, 4.75, 11.625], "texture": "#1"},
				"up": {"uv": [6.875, 9.75, 6.5, 9.5], "texture": "#1"},
				"down": {"uv": [9.875, 7.5, 9.5, 7.75], "texture": "#1"}
			}
		},
		{
			"from": [3.82477, -6.09584, 13.8],
			"to": [4.22477, -5.79584, 14.2],
			"rotation": {"angle": 45, "axis": "z", "origin": [-0.77523, 2.30416, 14]},
			"faces": {
				"north": {"uv": [11.5, 4.5, 11.75, 4.625], "texture": "#1"},
				"east": {"uv": [5, 11.5, 5.25, 11.625], "texture": "#1"},
				"south": {"uv": [11.5, 5, 11.75, 5.125], "texture": "#1"},
				"west": {"uv": [5.5, 11.5, 5.75, 11.625], "texture": "#1"},
				"up": {"uv": [10.25, 10.25, 10, 10], "texture": "#1"},
				"down": {"uv": [0.75, 10.5, 0.5, 10.75], "texture": "#1"}
			}
		},
		{
			"from": [7.349, 0.279, 5.861],
			"to": [8.651, 1.023, 6.14],
			"rotation": {"angle": 0, "axis": "y", "origin": [0.56, 0, 13.58]},
			"faces": {
				"north": {"uv": [8.5, 3, 9.125, 3.375], "texture": "#1"},
				"east": {"uv": [10.5, 7, 10.625, 7.375], "texture": "#1"},
				"south": {"uv": [3.5, 8.5, 4.125, 8.875], "texture": "#1"},
				"west": {"uv": [7.5, 10.5, 7.625, 10.875], "texture": "#1"},
				"up": {"uv": [10.625, 0.125, 10, 0], "texture": "#1"},
				"down": {"uv": [1.125, 10, 0.5, 10.125], "texture": "#1"}
			}
		},
		{
			"from": [7.5, -0.2, 14],
			"to": [8.5, 1, 23],
			"rotation": {"angle": 0, "axis": "y", "origin": [0, 0, 14]},
			"faces": {
				"north": {"uv": [2, 8, 2.5, 8.625], "texture": "#1"},
				"east": {"uv": [0, 2, 4.5, 2.625], "texture": "#1"},
				"south": {"uv": [8, 2, 8.5, 2.625], "texture": "#1"},
				"west": {"uv": [0, 3, 4.5, 3.625], "texture": "#1"},
				"up": {"uv": [1.5, 8.5, 1, 4], "texture": "#1"},
				"down": {"uv": [2, 4, 1.5, 8.5], "texture": "#1"}
			}
		},
		{
			"from": [7.7, -4.1, 21.1],
			"to": [8.3, -3.1, 21.3],
			"rotation": {"angle": -22.5, "axis": "x", "origin": [0, 0.1, 14]},
			"faces": {
				"north": {"uv": [9, 0, 9.25, 0.5], "texture": "#1"},
				"east": {"uv": [10.5, 0.5, 10.625, 1], "texture": "#1"},
				"south": {"uv": [9, 0.5, 9.25, 1], "texture": "#1"},
				"west": {"uv": [1, 10.5, 1.125, 11], "texture": "#1"},
				"up": {"uv": [11.75, 5.625, 11.5, 5.5], "texture": "#1"},
				"down": {"uv": [6.25, 11.5, 6, 11.625], "texture": "#1"}
			}
		},
		{
			"from": [7.8, -0.3, 22.6],
			"to": [8.2, -0.2, 23],
			"rotation": {"angle": 0, "axis": "x", "origin": [0, 0.1, 14]},
			"faces": {
				"north": {"uv": [11.5, 8, 11.75, 8.125], "texture": "#1"},
				"east": {"uv": [8.5, 11.5, 8.75, 11.625], "texture": "#1"},
				"south": {"uv": [11.5, 8.5, 11.75, 8.625], "texture": "#1"},
				"west": {"uv": [9, 11.5, 9.25, 11.625], "texture": "#1"},
				"up": {"uv": [10.75, 2.25, 10.5, 2], "texture": "#1"},
				"down": {"uv": [2.75, 10.5, 2.5, 10.75], "texture": "#1"}
			}
		},
		{
			"from": [7.8, 3.18117, 22.39897],
			"to": [8.2, 3.28117, 22.69897],
			"rotation": {"angle": 22.5, "axis": "x", "origin": [0, 0.18117, 13.89897]},
			"faces": {
				"north": {"uv": [11.5, 9, 11.75, 9.125], "texture": "#1"},
				"east": {"uv": [3, 13, 3.125, 13.125], "texture": "#1"},
				"south": {"uv": [9.5, 11.5, 9.75, 11.625], "texture": "#1"},
				"west": {"uv": [13, 3, 13.125, 3.125], "texture": "#1"},
				"up": {"uv": [11.75, 9.625, 11.5, 9.5], "texture": "#1"},
				"down": {"uv": [10.25, 11.5, 10, 11.625], "texture": "#1"}
			}
		},
		{
			"from": [7.9, 2.9, 22.4],
			"to": [8.1, 3.2, 22.6],
			"rotation": {"angle": 22.5, "axis": "x", "origin": [0, 0.2, 14]},
			"faces": {
				"north": {"uv": [1, 13, 1.125, 13.125], "texture": "#1"},
				"east": {"uv": [13, 1, 13.125, 1.125], "texture": "#1"},
				"south": {"uv": [1.5, 13, 1.625, 13.125], "texture": "#1"},
				"west": {"uv": [13, 1.5, 13.125, 1.625], "texture": "#1"},
				"up": {"uv": [2.125, 13.125, 2, 13], "texture": "#1"},
				"down": {"uv": [13.125, 2, 13, 2.125], "texture": "#1"}
			}
		},
		{
			"from": [7.9, 5.99248, 23.10546],
			"to": [8.1, 6.39248, 23.30546],
			"rotation": {"angle": 45, "axis": "x", "origin": [0, 3.29248, 14.70546]},
			"faces": {
				"north": {"uv": [11.5, 7, 11.625, 7.25], "texture": "#1"},
				"east": {"uv": [7.5, 11.5, 7.625, 11.75], "texture": "#1"},
				"south": {"uv": [11.5, 7.5, 11.625, 7.75], "texture": "#1"},
				"west": {"uv": [8, 11.5, 8.125, 11.75], "texture": "#1"},
				"up": {"uv": [2.625, 13.125, 2.5, 13], "texture": "#1"},
				"down": {"uv": [13.125, 2.5, 13, 2.625], "texture": "#1"}
			}
		},
		{
			"from": [7.7, -3.50584, 24.68702],
			"to": [8.3, -3.30584, 25.58702],
			"rotation": {"angle": -22.5, "axis": "x", "origin": [0, -6.10584, 17.78702]},
			"faces": {
				"north": {"uv": [11.5, 6, 11.75, 6.125], "texture": "#1"},
				"east": {"uv": [10.5, 1, 11, 1.125], "texture": "#1"},
				"south": {"uv": [6.5, 11.5, 6.75, 11.625], "texture": "#1"},
				"west": {"uv": [1.5, 10.5, 2, 10.625], "texture": "#1"},
				"up": {"uv": [1.25, 9.5, 1, 9], "texture": "#1"},
				"down": {"uv": [2.25, 9, 2, 9.5], "texture": "#1"}
			}
		},
		{
			"from": [7.7, -1.06324, 22.16681],
			"to": [8.3, -0.86324, 23.16681],
			"rotation": {"angle": 0, "axis": "x", "origin": [0, -5.56324, 16.26681]},
			"faces": {
				"north": {"uv": [11.5, 6.5, 11.75, 6.625], "texture": "#1"},
				"east": {"uv": [10.5, 1.5, 11, 1.625], "texture": "#1"},
				"south": {"uv": [7, 11.5, 7.25, 11.625], "texture": "#1"},
				"west": {"uv": [2, 10.5, 2.5, 10.625], "texture": "#1"},
				"up": {"uv": [9.25, 2.5, 9, 2], "texture": "#1"},
				"down": {"uv": [2.75, 9, 2.5, 9.5], "texture": "#1"}
			}
		},
		{
			"from": [7.5, -0.12388, 22.61732],
			"to": [8.5, 1.07612, 31.91732],
			"rotation": {"angle": 22.5, "axis": "x", "origin": [0, 0.07612, 22.61732]},
			"faces": {
				"north": {"uv": [2.5, 8, 3, 8.625], "texture": "#1"},
				"east": {"uv": [0, 0, 4.625, 0.625], "texture": "#1"},
				"south": {"uv": [8, 3, 8.5, 3.625], "texture": "#1"},
				"west": {"uv": [0, 1, 4.625, 1.625], "texture": "#1"},
				"up": {"uv": [0.5, 8.625, 0, 4], "texture": "#1"},
				"down": {"uv": [1, 4, 0.5, 8.625], "texture": "#1"}
			}
		},
		{
			"from": [7.5, -1.12388, 26.01732],
			"to": [8.5, 0.27612, 31.61732],
			"rotation": {"angle": 0, "axis": "x", "origin": [0, 0.07612, 22.61732]},
			"faces": {
				"north": {"uv": [3.5, 7.5, 4, 8.25], "texture": "#1"},
				"east": {"uv": [2, 4, 4.75, 4.75], "texture": "#1"},
				"south": {"uv": [5, 7.5, 5.5, 8.25], "texture": "#1"},
				"west": {"uv": [4.5, 2, 7.25, 2.75], "texture": "#1"},
				"up": {"uv": [2.5, 7.75, 2, 5], "texture": "#1"},
				"down": {"uv": [3, 5, 2.5, 7.75], "texture": "#1"}
			}
		},
		{
			"from": [7.5, -3.65281, 26.07894],
			"to": [8.5, -3.15281, 26.77894],
			"rotation": {"angle": -22.5, "axis": "x", "origin": [0, -3.35281, 17.77894]},
			"faces": {
				"north": {"uv": [9, 2.5, 9.5, 2.75], "texture": "#1"},
				"east": {"uv": [8, 9.5, 8.375, 9.75], "texture": "#1"},
				"south": {"uv": [3, 9, 3.5, 9.25], "texture": "#1"},
				"west": {"uv": [9.5, 8, 9.875, 8.25], "texture": "#1"},
				"up": {"uv": [9, 5.375, 8.5, 5], "texture": "#1"},
				"down": {"uv": [9, 5.5, 8.5, 5.875], "texture": "#1"}
			}
		},
		{
			"from": [7.5, -2.62388, 29.71732],
			"to": [8.5, -1.12388, 31.61732],
			"rotation": {"angle": 0, "axis": "x", "origin": [0, -0.02388, 22.61732]},
			"faces": {
				"north": {"uv": [7, 7.5, 7.5, 8.25], "texture": "#1"},
				"east": {"uv": [5, 0, 6, 0.75], "texture": "#1"},
				"south": {"uv": [7.5, 7.5, 8, 8.25], "texture": "#1"},
				"west": {"uv": [5, 1, 6, 1.75], "texture": "#1"},
				"up": {"uv": [7, 5, 6.5, 4], "texture": "#1"},
				"down": {"uv": [7.5, 3, 7, 4], "texture": "#1"}
			}
		},
		{
			"from": [7.6, -1.82388, 28.11732],
			"to": [8.4, -1.12388, 29.71732],
			"rotation": {"angle": 0, "axis": "x", "origin": [0, -0.02388, 22.61732]},
			"faces": {
				"north": {"uv": [7, 8.5, 7.375, 8.875], "texture": "#1"},
				"east": {"uv": [8, 0.5, 8.75, 0.875], "texture": "#1"},
				"south": {"uv": [8.5, 7, 8.875, 7.375], "texture": "#1"},
				"west": {"uv": [8, 4, 8.75, 4.375], "texture": "#1"},
				"up": {"uv": [8.375, 5.25, 8, 4.5], "texture": "#1"},
				"down": {"uv": [8.375, 7.5, 8, 8.25], "texture": "#1"}
			}
		},
		{
			"name": "hexadecagon",
			"from": [7.9118, -0.33024, 21.639],
			"to": [8.0882, -0.27176, 21.933],
			"rotation": {"angle": -45, "axis": "x", "origin": [8, -0.301, 21.786]},
			"faces": {
				"north": {"uv": [11.5, 10, 11.625, 10.125], "texture": "#1"},
				"east": {"uv": [10.5, 11.5, 10.625, 11.625], "texture": "#1"},
				"south": {"uv": [11.5, 10.5, 11.625, 10.625], "texture": "#1"},
				"west": {"uv": [11, 11.5, 11.125, 11.625], "texture": "#1"},
				"up": {"uv": [11.625, 11.125, 11.5, 11], "texture": "#1"},
				"down": {"uv": [11.625, 11.5, 11.5, 11.625], "texture": "#1"}
			}
		},
		{
			"name": "hexadecagon",
			"from": [7.9118, -0.33024, 21.639],
			"to": [8.0882, -0.27176, 21.933],
			"rotation": {"angle": -22.5, "axis": "x", "origin": [8, -0.301, 21.786]},
			"faces": {
				"north": {"uv": [0, 12, 0.125, 12.125], "texture": "#1"},
				"east": {"uv": [12, 0, 12.125, 0.125], "texture": "#1"},
				"south": {"uv": [0.5, 12, 0.625, 12.125], "texture": "#1"},
				"west": {"uv": [12, 0.5, 12.125, 0.625], "texture": "#1"},
				"up": {"uv": [1.125, 12.125, 1, 12], "texture": "#1"},
				"down": {"uv": [12.125, 1, 12, 1.125], "texture": "#1"}
			}
		},
		{
			"name": "hexadecagon",
			"from": [7.9118, -0.33024, 21.639],
			"to": [8.0882, -0.27176, 21.933],
			"rotation": {"angle": 0, "axis": "x", "origin": [8, -0.301, 21.786]},
			"faces": {
				"north": {"uv": [1.5, 12, 1.625, 12.125], "texture": "#1"},
				"east": {"uv": [12, 1.5, 12.125, 1.625], "texture": "#1"},
				"south": {"uv": [2, 12, 2.125, 12.125], "texture": "#1"},
				"west": {"uv": [12, 2, 12.125, 2.125], "texture": "#1"},
				"up": {"uv": [2.625, 12.125, 2.5, 12], "texture": "#1"},
				"down": {"uv": [12.125, 2.5, 12, 2.625], "texture": "#1"}
			}
		},
		{
			"name": "hexadecagon",
			"from": [7.9118, -0.33024, 21.639],
			"to": [8.0882, -0.27176, 21.933],
			"rotation": {"angle": 22.5, "axis": "x", "origin": [8, -0.301, 21.786]},
			"faces": {
				"north": {"uv": [3, 12, 3.125, 12.125], "texture": "#1"},
				"east": {"uv": [12, 3, 12.125, 3.125], "texture": "#1"},
				"south": {"uv": [3.5, 12, 3.625, 12.125], "texture": "#1"},
				"west": {"uv": [12, 3.5, 12.125, 3.625], "texture": "#1"},
				"up": {"uv": [4.125, 12.125, 4, 12], "texture": "#1"},
				"down": {"uv": [12.125, 4, 12, 4.125], "texture": "#1"}
			}
		},
		{
			"name": "hexadecagon",
			"from": [7.9118, -0.33024, 21.639],
			"to": [8.0882, -0.27176, 21.933],
			"rotation": {"angle": 45, "axis": "x", "origin": [8, -0.301, 21.786]},
			"faces": {
				"north": {"uv": [4.5, 12, 4.625, 12.125], "texture": "#1"},
				"east": {"uv": [12, 4.5, 12.125, 4.625], "texture": "#1"},
				"south": {"uv": [5, 12, 5.125, 12.125], "texture": "#1"},
				"west": {"uv": [12, 5, 12.125, 5.125], "texture": "#1"},
				"up": {"uv": [5.625, 12.125, 5.5, 12], "texture": "#1"},
				"down": {"uv": [12.125, 5.5, 12, 5.625], "texture": "#1"}
			}
		},
		{
			"name": "hexadecagon",
			"from": [7.9118, -0.448, 21.75676],
			"to": [8.0882, -0.154, 21.81524],
			"rotation": {"angle": -22.5, "axis": "x", "origin": [8, -0.301, 21.786]},
			"faces": {
				"north": {"uv": [6, 12, 6.125, 12.125], "texture": "#1"},
				"east": {"uv": [12, 6, 12.125, 6.125], "texture": "#1"},
				"south": {"uv": [6.5, 12, 6.625, 12.125], "texture": "#1"},
				"west": {"uv": [12, 6.5, 12.125, 6.625], "texture": "#1"},
				"up": {"uv": [7.125, 12.125, 7, 12], "texture": "#1"},
				"down": {"uv": [12.125, 7, 12, 7.125], "texture": "#1"}
			}
		},
		{
			"name": "hexadecagon",
			"from": [7.9118, -0.448, 21.75676],
			"to": [8.0882, -0.154, 21.81524],
			"rotation": {"angle": 0, "axis": "x", "origin": [8, -0.301, 21.786]},
			"faces": {
				"north": {"uv": [7.5, 12, 7.625, 12.125], "texture": "#1"},
				"east": {"uv": [12, 7.5, 12.125, 7.625], "texture": "#1"},
				"south": {"uv": [8, 12, 8.125, 12.125], "texture": "#1"},
				"west": {"uv": [12, 8, 12.125, 8.125], "texture": "#1"},
				"up": {"uv": [8.625, 12.125, 8.5, 12], "texture": "#1"},
				"down": {"uv": [12.125, 8.5, 12, 8.625], "texture": "#1"}
			}
		},
		{
			"name": "hexadecagon",
			"from": [7.9118, -0.448, 21.75676],
			"to": [8.0882, -0.154, 21.81524],
			"rotation": {"angle": 22.5, "axis": "x", "origin": [8, -0.301, 21.786]},
			"faces": {
				"north": {"uv": [9, 12, 9.125, 12.125], "texture": "#1"},
				"east": {"uv": [12, 9, 12.125, 9.125], "texture": "#1"},
				"south": {"uv": [9.5, 12, 9.625, 12.125], "texture": "#1"},
				"west": {"uv": [12, 9.5, 12.125, 9.625], "texture": "#1"},
				"up": {"uv": [10.125, 12.125, 10, 12], "texture": "#1"},
				"down": {"uv": [12.125, 10, 12, 10.125], "texture": "#1"}
			}
		}
	],
	"display": {
		"thirdperson_righthand": {
			"translation": [0, 8.25, -12.25],
			"scale": [1.56, 0.9, 0.9]
		},
		"thirdperson_lefthand": {
			"translation": [0, 8.25, -12.25],
			"scale": [1.56, 0.9, 0.9]
		},
		"firstperson_righthand": {
			"translation": [4.5, 12.5, -19.5],
			"scale": [1.3, 1.3, 1.3]
		},
		"firstperson_lefthand": {
			"rotation": [-2.5, -0.2, 0],
			"translation": [-8.9, 14.95, -11],
			"scale": [1.3, 1.3, 1.3]
		},
		"ground": {
			"rotation": [0, 0, 90.5],
			"translation": [-7.75, -2.5, -5.5]
		},
		"gui": {
			"rotation": [75, 47, -52],
			"translation": [-1.25, 8.25, 0],
			"scale": [0.7, 0.7, 0.7]
		},
		"fixed": {
			"rotation": [90, 0, 90],
			"translation": [-7.75, 8, 0]
		}
	},
	"groups": [
		0,
		1,
		2,
		3,
		4,
		5,
		6,
		7,
		8,
		9,
		10,
		11,
		12,
		13,
		14,
		15,
		16,
		17,
		18,
		19,
		20,
		21,
		22,
		23,
		24,
		25,
		26,
		27,
		28,
		29,
		30,
		31,
		32,
		33,
		34,
		35,
		36,
		37,
		38,
		39,
		40,
		41,
		42,
		43,
		44,
		45,
		46,
		47,
		48,
		49,
		50,
		51,
		52,
		53,
		54,
		55,
		56,
		57,
		58,
		{
			"name": "hexadecagon",
			"origin": [8, 8, 8],
			"color": 0,
			"children": [59, 60, 61, 62, 63, 64, 65, 66]
		}
	]
}