{
	"credit": "Made with Blockbench",
	"texture_size": [64, 64],
	"textures": {
		"0": "items/mou",
		"particle": "items/rgbsheet1"
	},
	"elements": [
		{
			"from": [7.6, -1.82388, 25.11732],
			"to": [8.4, -1.12388, 26.71732],
			"rotation": {"angle": 0, "axis": "y", "origin": [0, -0.02388, 19.61732]},
			"faces": {
				"north": {"uv": [5, 1.5, 5.1875, 1.6875], "texture": "#0"},
				"east": {"uv": [4.25, 0.75, 4.625, 0.9375], "texture": "#0"},
				"south": {"uv": [1.75, 5, 1.9375, 5.1875], "texture": "#0"},
				"west": {"uv": [4.25, 3.5, 4.625, 3.6875], "texture": "#0"},
				"up": {"uv": [4.6875, 0.375, 4.5, 0], "texture": "#0"},
				"down": {"uv": [0.4375, 4.5, 0.25, 4.875], "texture": "#0"}
			}
		},
		{
			"from": [7.5, -2.62388, 26.71732],
			"to": [8.5, -1.12388, 28.61732],
			"rotation": {"angle": 0, "axis": "y", "origin": [0, -0.02388, 19.61732]},
			"faces": {
				"north": {"uv": [3, 4, 3.25, 4.375], "texture": "#0"},
				"east": {"uv": [1.75, 2.5, 2.25, 2.875], "texture": "#0"},
				"south": {"uv": [4, 4, 4.25, 4.375], "texture": "#0"},
				"west": {"uv": [2.5, 2.5, 3, 2.875], "texture": "#0"},
				"up": {"uv": [2.25, 2, 2, 1.5], "texture": "#0"},
				"down": {"uv": [4, 3.75, 3.75, 4.25], "texture": "#0"}
			}
		},
		{
			"from": [7.5, -3.65281, 23.07894],
			"to": [8.5, -3.15281, 23.77894],
			"rotation": {"angle": -22.5, "axis": "x", "origin": [0, -3.35281, 14.77894]},
			"faces": {
				"north": {"uv": [5, 1.75, 5.25, 1.875], "texture": "#0"},
				"east": {"uv": [5.25, 2.5, 5.4375, 2.625], "texture": "#0"},
				"south": {"uv": [2, 5, 2.25, 5.125], "texture": "#0"},
				"west": {"uv": [5.25, 3, 5.4375, 3.125], "texture": "#0"},
				"up": {"uv": [2.75, 4.6875, 2.5, 4.5], "texture": "#0"},
				"down": {"uv": [4.75, 3.25, 4.5, 3.4375], "texture": "#0"}
			}
		},
		{
			"from": [7.5, -1.12388, 23.01732],
			"to": [8.5, 0.27612, 28.61732],
			"rotation": {"angle": 0, "axis": "y", "origin": [0, 0.07612, 19.61732]},
			"faces": {
				"north": {"uv": [0, 4.25, 0.25, 4.625], "texture": "#0"},
				"east": {"uv": [0.5, 1, 1.875, 1.375], "texture": "#0"},
				"south": {"uv": [0.5, 4.25, 0.75, 4.625], "texture": "#0"},
				"west": {"uv": [0.5, 1.5, 1.875, 1.875], "texture": "#0"},
				"up": {"uv": [1, 3.875, 0.75, 2.5], "texture": "#0"},
				"down": {"uv": [1.25, 2.5, 1, 3.875], "texture": "#0"}
			}
		},
		{
			"from": [7.4, -1.22388, 23.01732],
			"to": [8.6, -0.62388, 23.61732],
			"rotation": {"angle": 0, "axis": "y", "origin": [0, 0.07612, 19.61732]},
			"faces": {
				"north": {"uv": [0, 5, 0.3125, 5.125], "texture": "#0"},
				"east": {"uv": [3.25, 5.5, 3.375, 5.625], "texture": "#0"},
				"south": {"uv": [5, 0.5, 5.3125, 0.625], "texture": "#0"},
				"west": {"uv": [4, 5.5, 4.125, 5.625], "texture": "#0"},
				"up": {"uv": [1.0625, 5.125, 0.75, 5], "texture": "#0"},
				"down": {"uv": [5.3125, 0.75, 5, 0.875], "texture": "#0"}
			}
		},
		{
			"from": [7.5, -0.12388, 19.61732],
			"to": [8.5, 1.07612, 28.91732],
			"rotation": {"angle": 22.5, "axis": "x", "origin": [0, 0.07612, 19.61732]},
			"faces": {
				"north": {"uv": [1.25, 4.25, 1.5, 4.5625], "texture": "#0"},
				"east": {"uv": [0, 0, 2.3125, 0.3125], "texture": "#0"},
				"south": {"uv": [1.5, 4.25, 1.75, 4.5625], "texture": "#0"},
				"west": {"uv": [0, 0.5, 2.3125, 0.8125], "texture": "#0"},
				"up": {"uv": [0.25, 3.3125, 0, 1], "texture": "#0"},
				"down": {"uv": [0.5, 1, 0.25, 3.3125], "texture": "#0"}
			}
		},
		{
			"from": [7.8, 1.07612, 19.61732],
			"to": [8.2, 1.17612, 20.11732],
			"rotation": {"angle": 22.5, "axis": "x", "origin": [0, 0.07612, 19.61732]},
			"faces": {
				"north": {"uv": [6.25, 2.75, 6.375, 2.8125], "texture": "#0"},
				"east": {"uv": [3, 6.25, 3.125, 6.3125], "texture": "#0"},
				"south": {"uv": [6.25, 3, 6.375, 3.0625], "texture": "#0"},
				"west": {"uv": [3.25, 6.25, 3.375, 6.3125], "texture": "#0"},
				"up": {"uv": [4.375, 5.625, 4.25, 5.5], "texture": "#0"},
				"down": {"uv": [5.625, 4.25, 5.5, 4.375], "texture": "#0"}
			}
		},
		{
			"from": [7.6, -0.12388, 19.61732],
			"to": [8.4, 1.07612, 22.81732],
			"rotation": {"angle": 45, "axis": "x", "origin": [0, 0.07612, 19.61732]},
			"faces": {
				"north": {"uv": [1.75, 4.5, 1.9375, 4.8125], "texture": "#0"},
				"east": {"uv": [2.5, 0, 3.3125, 0.3125], "texture": "#0"},
				"south": {"uv": [4.5, 1.75, 4.6875, 2.0625], "texture": "#0"},
				"west": {"uv": [2.5, 0.5, 3.3125, 0.8125], "texture": "#0"},
				"up": {"uv": [0.4375, 4.3125, 0.25, 3.5], "texture": "#0"},
				"down": {"uv": [3.6875, 1.5, 3.5, 2.3125], "texture": "#0"}
			}
		},
		{
			"from": [7.6, -2.32804, 21.73864],
			"to": [8.4, -1.12804, 24.93864],
			"rotation": {"angle": 0, "axis": "x", "origin": [0, -2.12804, 21.73864]},
			"faces": {
				"north": {"uv": [2, 4.5, 2.1875, 4.8125], "texture": "#0"},
				"east": {"uv": [2.5, 1.5, 3.3125, 1.8125], "texture": "#0"},
				"south": {"uv": [2.25, 4.5, 2.4375, 4.8125], "texture": "#0"},
				"west": {"uv": [2.5, 2, 3.3125, 2.3125], "texture": "#0"},
				"up": {"uv": [2.4375, 4.3125, 2.25, 3.5], "texture": "#0"},
				"down": {"uv": [2.6875, 3.5, 2.5, 4.3125], "texture": "#0"}
			}
		},
		{
			"from": [7.7, -1.06324, 17.86681],
			"to": [8.3, -0.86324, 19.26681],
			"rotation": {"angle": 0, "axis": "y", "origin": [0, -5.56324, 12.36681]},
			"faces": {
				"north": {"uv": [6.25, 3.25, 6.375, 3.3125], "texture": "#0"},
				"east": {"uv": [4, 5.25, 4.375, 5.3125], "texture": "#0"},
				"south": {"uv": [3.5, 6.25, 3.625, 6.3125], "texture": "#0"},
				"west": {"uv": [5.25, 4, 5.625, 4.0625], "texture": "#0"},
				"up": {"uv": [3.625, 4.875, 3.5, 4.5], "texture": "#0"},
				"down": {"uv": [4.125, 4.5, 4, 4.875], "texture": "#0"}
			}
		},
		{
			"from": [7.9, 5.99248, 18.80546],
			"to": [8.1, 6.39248, 19.00546],
			"rotation": {"angle": 45, "axis": "x", "origin": [0, 3.29248, 10.40546]},
			"faces": {
				"north": {"uv": [6.25, 3.5, 6.3125, 3.625], "texture": "#0"},
				"east": {"uv": [3.75, 6.25, 3.8125, 6.375], "texture": "#0"},
				"south": {"uv": [6.25, 3.75, 6.3125, 3.875], "texture": "#0"},
				"west": {"uv": [4, 6.25, 4.0625, 6.375], "texture": "#0"},
				"up": {"uv": [6.8125, 2.0625, 6.75, 2], "texture": "#0"},
				"down": {"uv": [2.3125, 6.75, 2.25, 6.8125], "texture": "#0"}
			}
		},
		{
			"from": [7.9, 2.9, 18.1],
			"to": [8.1, 3.2, 18.3],
			"rotation": {"angle": 22.5, "axis": "x", "origin": [0, 0.2, 9.7]},
			"faces": {
				"north": {"uv": [6.75, 2.25, 6.8125, 2.3125], "texture": "#0"},
				"east": {"uv": [2.5, 6.75, 2.5625, 6.8125], "texture": "#0"},
				"south": {"uv": [6.75, 2.5, 6.8125, 2.5625], "texture": "#0"},
				"west": {"uv": [2.75, 6.75, 2.8125, 6.8125], "texture": "#0"},
				"up": {"uv": [6.8125, 2.8125, 6.75, 2.75], "texture": "#0"},
				"down": {"uv": [3.0625, 6.75, 3, 6.8125], "texture": "#0"}
			}
		},
		{
			"from": [7.8, 3.18117, 19.39897],
			"to": [8.2, 3.28117, 19.69897],
			"rotation": {"angle": 22.5, "axis": "x", "origin": [0, 0.18117, 10.89897]},
			"faces": {
				"north": {"uv": [6.25, 4, 6.375, 4.0625], "texture": "#0"},
				"east": {"uv": [6.75, 3, 6.8125, 3.0625], "texture": "#0"},
				"south": {"uv": [4.25, 6.25, 4.375, 6.3125], "texture": "#0"},
				"west": {"uv": [3.25, 6.75, 3.3125, 6.8125], "texture": "#0"},
				"up": {"uv": [6.375, 4.3125, 6.25, 4.25], "texture": "#0"},
				"down": {"uv": [4.625, 6.25, 4.5, 6.3125], "texture": "#0"}
			}
		},
		{
			"from": [7.8, -0.3, 18.5],
			"to": [8.2, -0.2, 18.9],
			"rotation": {"angle": 0, "axis": "y", "origin": [0, 0.1, 11]},
			"faces": {
				"north": {"uv": [6.25, 4.5, 6.375, 4.5625], "texture": "#0"},
				"east": {"uv": [4.75, 6.25, 4.875, 6.3125], "texture": "#0"},
				"south": {"uv": [6.25, 4.75, 6.375, 4.8125], "texture": "#0"},
				"west": {"uv": [5, 6.25, 5.125, 6.3125], "texture": "#0"},
				"up": {"uv": [4.625, 5.625, 4.5, 5.5], "texture": "#0"},
				"down": {"uv": [5.625, 4.5, 5.5, 4.625], "texture": "#0"}
			}
		},
		{
			"from": [7.7, -4.1, 16.8],
			"to": [8.3, -3.1, 17],
			"rotation": {"angle": -22.5, "axis": "x", "origin": [0, 0.1, 9.7]},
			"faces": {
				"north": {"uv": [2.25, 5, 2.375, 5.25], "texture": "#0"},
				"east": {"uv": [4.75, 5.5, 4.8125, 5.75], "texture": "#0"},
				"south": {"uv": [5, 2.25, 5.125, 2.5], "texture": "#0"},
				"west": {"uv": [5.5, 4.75, 5.5625, 5], "texture": "#0"},
				"up": {"uv": [6.375, 5.0625, 6.25, 5], "texture": "#0"},
				"down": {"uv": [5.375, 6.25, 5.25, 6.3125], "texture": "#0"}
			}
		},
		{
			"from": [7.7, 4.92592, 16.75727],
			"to": [8.3, 5.92592, 16.95727],
			"rotation": {"angle": 22.5, "axis": "x", "origin": [0, -3.87408, 3.05727]},
			"faces": {
				"north": {"uv": [5, 2.5, 5.125, 2.75], "texture": "#0"},
				"east": {"uv": [5, 5.5, 5.0625, 5.75], "texture": "#0"},
				"south": {"uv": [5, 3, 5.125, 3.25], "texture": "#0"},
				"west": {"uv": [5.5, 5, 5.5625, 5.25], "texture": "#0"},
				"up": {"uv": [6.375, 5.3125, 6.25, 5.25], "texture": "#0"},
				"down": {"uv": [5.625, 6.25, 5.5, 6.3125], "texture": "#0"}
			}
		},
		{
			"from": [7.5, -0.2, 13.7],
			"to": [8.5, 1, 20],
			"rotation": {"angle": 0, "axis": "y", "origin": [0, 0, 11]},
			"faces": {
				"north": {"uv": [2.75, 4.25, 3, 4.5625], "texture": "#0"},
				"east": {"uv": [0.5, 2, 2.0625, 2.3125], "texture": "#0"},
				"south": {"uv": [4.25, 3, 4.5, 3.3125], "texture": "#0"},
				"west": {"uv": [2, 1, 3.5625, 1.3125], "texture": "#0"},
				"up": {"uv": [2.5, 3.0625, 2.25, 1.5], "texture": "#0"},
				"down": {"uv": [0.75, 2.5, 0.5, 4.0625], "texture": "#0"}
			}
		},
		{
			"from": [7.5, -0.1, 11],
			"to": [8.5, 1, 13.7],
			"rotation": {"angle": 0, "axis": "y", "origin": [0, 0, 11]},
			"faces": {
				"north": {"uv": [4.5, 0.5, 4.75, 0.75], "texture": "#0"},
				"east": {"uv": [3, 2.75, 3.6875, 3], "texture": "#0"},
				"south": {"uv": [4.5, 1, 4.75, 1.25], "texture": "#0"},
				"west": {"uv": [2.25, 3.25, 2.9375, 3.5], "texture": "#0"},
				"up": {"uv": [3.25, 3.9375, 3, 3.25], "texture": "#0"},
				"down": {"uv": [3.5, 3, 3.25, 3.6875], "texture": "#0"}
			}
		},
		{
			"from": [7.349, 0.279, 7.661],
			"to": [8.651, 1.023, 7.94],
			"rotation": {"angle": 0, "axis": "y", "origin": [0.56, 0, 15.38]},
			"faces": {
				"north": {"uv": [3, 4.5, 3.3125, 4.6875], "texture": "#0"},
				"east": {"uv": [5.75, 4.25, 5.8125, 4.4375], "texture": "#0"},
				"south": {"uv": [4.5, 3, 4.8125, 3.1875], "texture": "#0"},
				"west": {"uv": [4.5, 5.75, 4.5625, 5.9375], "texture": "#0"},
				"up": {"uv": [5.8125, 3.3125, 5.5, 3.25], "texture": "#0"},
				"down": {"uv": [5.8125, 3.5, 5.5, 3.5625], "texture": "#0"}
			}
		},
		{
			"from": [11.51096, -5.29713, 7.661],
			"to": [11.88296, -5.01813, 7.94],
			"rotation": {"angle": -45, "axis": "z", "origin": [16.16096, 2.51487, 7.847]},
			"faces": {
				"north": {"uv": [6.75, 3.25, 6.8125, 3.3125], "texture": "#0"},
				"east": {"uv": [3.5, 6.75, 3.5625, 6.8125], "texture": "#0"},
				"south": {"uv": [6.75, 3.5, 6.8125, 3.5625], "texture": "#0"},
				"west": {"uv": [3.75, 6.75, 3.8125, 6.8125], "texture": "#0"},
				"up": {"uv": [6.8125, 3.8125, 6.75, 3.75], "texture": "#0"},
				"down": {"uv": [4.0625, 6.75, 4, 6.8125], "texture": "#0"}
			}
		},
		{
			"from": [7.64396, 0.01596, 7.661],
			"to": [8.38796, 0.29496, 7.94],
			"rotation": {"angle": 0, "axis": "y", "origin": [0.57596, 1.31796, 7.847]},
			"faces": {
				"north": {"uv": [5.75, 4.5, 5.9375, 4.5625], "texture": "#0"},
				"east": {"uv": [6.75, 4, 6.8125, 4.0625], "texture": "#0"},
				"south": {"uv": [4.75, 5.75, 4.9375, 5.8125], "texture": "#0"},
				"west": {"uv": [4.25, 6.75, 4.3125, 6.8125], "texture": "#0"},
				"up": {"uv": [5.9375, 4.8125, 5.75, 4.75], "texture": "#0"},
				"down": {"uv": [5.1875, 5.75, 5, 5.8125], "texture": "#0"}
			}
		},
		{
			"from": [4.11704, -5.29713, 7.661],
			"to": [4.48904, -5.01813, 7.94],
			"rotation": {"angle": 45, "axis": "z", "origin": [-0.16096, 2.51487, 7.847]},
			"faces": {
				"north": {"uv": [6.75, 4.25, 6.8125, 4.3125], "texture": "#0"},
				"east": {"uv": [4.5, 6.75, 4.5625, 6.8125], "texture": "#0"},
				"south": {"uv": [6.75, 4.5, 6.8125, 4.5625], "texture": "#0"},
				"west": {"uv": [4.75, 6.75, 4.8125, 6.8125], "texture": "#0"},
				"up": {"uv": [6.8125, 4.8125, 6.75, 4.75], "texture": "#0"},
				"down": {"uv": [5.0625, 6.75, 5, 6.8125], "texture": "#0"}
			}
		},
		{
			"from": [11.51096, 6.32013, 7.661],
			"to": [11.88296, 6.59913, 7.94],
			"rotation": {"angle": 45, "axis": "z", "origin": [16.16096, -1.21287, 7.847]},
			"faces": {
				"north": {"uv": [6.75, 5, 6.8125, 5.0625], "texture": "#0"},
				"east": {"uv": [5.25, 6.75, 5.3125, 6.8125], "texture": "#0"},
				"south": {"uv": [6.75, 5.25, 6.8125, 5.3125], "texture": "#0"},
				"west": {"uv": [5.5, 6.75, 5.5625, 6.8125], "texture": "#0"},
				"up": {"uv": [6.8125, 5.5625, 6.75, 5.5], "texture": "#0"},
				"down": {"uv": [5.8125, 6.75, 5.75, 6.8125], "texture": "#0"}
			}
		},
		{
			"from": [7.64396, 1.00704, 7.661],
			"to": [8.38796, 1.28604, 7.94],
			"rotation": {"angle": 0, "axis": "y", "origin": [0.57596, -0.01596, 7.847]},
			"faces": {
				"north": {"uv": [5.75, 5, 5.9375, 5.0625], "texture": "#0"},
				"east": {"uv": [6.75, 5.75, 6.8125, 5.8125], "texture": "#0"},
				"south": {"uv": [5.25, 5.75, 5.4375, 5.8125], "texture": "#0"},
				"west": {"uv": [6, 6.75, 6.0625, 6.8125], "texture": "#0"},
				"up": {"uv": [5.9375, 5.3125, 5.75, 5.25], "texture": "#0"},
				"down": {"uv": [5.6875, 5.75, 5.5, 5.8125], "texture": "#0"}
			}
		},
		{
			"from": [4.11704, 6.32013, 7.661],
			"to": [4.48904, 6.59913, 7.94],
			"rotation": {"angle": -45, "axis": "z", "origin": [-0.16096, -1.21287, 7.847]},
			"faces": {
				"north": {"uv": [6.75, 6, 6.8125, 6.0625], "texture": "#0"},
				"east": {"uv": [6.25, 6.75, 6.3125, 6.8125], "texture": "#0"},
				"south": {"uv": [6.75, 6.25, 6.8125, 6.3125], "texture": "#0"},
				"west": {"uv": [6.5, 6.75, 6.5625, 6.8125], "texture": "#0"},
				"up": {"uv": [6.8125, 6.5625, 6.75, 6.5], "texture": "#0"},
				"down": {"uv": [6.8125, 6.75, 6.75, 6.8125], "texture": "#0"}
			}
		},
		{
			"from": [11.01943, 5.53531, 4.40846],
			"to": [11.33935, 5.77525, 4.6484],
			"rotation": {"angle": 45, "axis": "z", "origin": [15.01843, -0.94307, 4.56842]},
			"faces": {
				"north": {"uv": [0, 7, 0.0625, 7.0625], "texture": "#0"},
				"east": {"uv": [7, 0, 7.0625, 0.0625], "texture": "#0"},
				"south": {"uv": [0.25, 7, 0.3125, 7.0625], "texture": "#0"},
				"west": {"uv": [7, 0.25, 7.0625, 0.3125], "texture": "#0"},
				"up": {"uv": [0.5625, 7.0625, 0.5, 7], "texture": "#0"},
				"down": {"uv": [7.0625, 0.5, 7, 0.5625], "texture": "#0"}
			}
		},
		{
			"from": [7.69381, 0.96605, 4.40846],
			"to": [8.33365, 1.20599, 4.6484],
			"rotation": {"angle": 0, "axis": "y", "origin": [1.61533, 0.08627, 4.56842]},
			"faces": {
				"north": {"uv": [5.75, 5.5, 5.9375, 5.5625], "texture": "#0"},
				"east": {"uv": [0.75, 7, 0.8125, 7.0625], "texture": "#0"},
				"south": {"uv": [5.75, 5.75, 5.9375, 5.8125], "texture": "#0"},
				"west": {"uv": [7, 0.75, 7.0625, 0.8125], "texture": "#0"},
				"up": {"uv": [0.1875, 6.0625, 0, 6], "texture": "#0"},
				"down": {"uv": [6.1875, 0, 6, 0.0625], "texture": "#0"}
			}
		},
		{
			"from": [4.66065, 5.53531, 4.40846],
			"to": [4.98057, 5.77525, 4.6484],
			"rotation": {"angle": -45, "axis": "z", "origin": [0.98157, -0.94307, 4.56842]},
			"faces": {
				"north": {"uv": [1, 7, 1.0625, 7.0625], "texture": "#0"},
				"east": {"uv": [7, 1, 7.0625, 1.0625], "texture": "#0"},
				"south": {"uv": [1.25, 7, 1.3125, 7.0625], "texture": "#0"},
				"west": {"uv": [7, 1.25, 7.0625, 1.3125], "texture": "#0"},
				"up": {"uv": [1.5625, 7.0625, 1.5, 7], "texture": "#0"},
				"down": {"uv": [7.0625, 1.5, 7, 1.5625], "texture": "#0"}
			}
		},
		{
			"from": [11.01943, -4.45553, 4.40846],
			"to": [11.33935, -4.21559, 4.6484],
			"rotation": {"angle": -45, "axis": "z", "origin": [15.01843, 2.26279, 4.56842]},
			"faces": {
				"north": {"uv": [1.75, 7, 1.8125, 7.0625], "texture": "#0"},
				"east": {"uv": [7, 1.75, 7.0625, 1.8125], "texture": "#0"},
				"south": {"uv": [2, 7, 2.0625, 7.0625], "texture": "#0"},
				"west": {"uv": [7, 2, 7.0625, 2.0625], "texture": "#0"},
				"up": {"uv": [2.3125, 7.0625, 2.25, 7], "texture": "#0"},
				"down": {"uv": [7.0625, 2.25, 7, 2.3125], "texture": "#0"}
			}
		},
		{
			"from": [7.44014, 0.33994, 4.40846],
			"to": [8.55986, 0.97978, 4.6484],
			"rotation": {"angle": 0, "axis": "y", "origin": [1.6016, 0.1, 11.0468]},
			"faces": {
				"north": {"uv": [4.5, 4, 4.75, 4.1875], "texture": "#0"},
				"east": {"uv": [0.25, 6, 0.3125, 6.1875], "texture": "#0"},
				"south": {"uv": [4.5, 4.25, 4.75, 4.4375], "texture": "#0"},
				"west": {"uv": [6, 0.25, 6.0625, 0.4375], "texture": "#0"},
				"up": {"uv": [5.5, 5.5625, 5.25, 5.5], "texture": "#0"},
				"down": {"uv": [5.75, 5.25, 5.5, 5.3125], "texture": "#0"}
			}
		},
		{
			"from": [7.44014, 0.53994, 4.60846],
			"to": [8.55986, 0.77978, 5.1484],
			"rotation": {"angle": 0, "axis": "y", "origin": [1.6016, 0.1, 11.0468]},
			"faces": {
				"north": {"uv": [5.5, 5.5, 5.75, 5.5625], "texture": "#0"},
				"east": {"uv": [6.25, 5.5, 6.375, 5.5625], "texture": "#0"},
				"south": {"uv": [0, 5.75, 0.25, 5.8125], "texture": "#0"},
				"west": {"uv": [5.75, 6.25, 5.875, 6.3125], "texture": "#0"},
				"up": {"uv": [3.75, 5.125, 3.5, 5], "texture": "#0"},
				"down": {"uv": [4, 5, 3.75, 5.125], "texture": "#0"}
			}
		},
		{
			"from": [7.69381, 0.11373, 4.40846],
			"to": [8.33365, 0.35367, 4.6484],
			"rotation": {"angle": 0, "axis": "y", "origin": [1.61533, 1.23345, 4.56842]},
			"faces": {
				"north": {"uv": [0.5, 6, 0.6875, 6.0625], "texture": "#0"},
				"east": {"uv": [2.5, 7, 2.5625, 7.0625], "texture": "#0"},
				"south": {"uv": [6, 0.5, 6.1875, 0.5625], "texture": "#0"},
				"west": {"uv": [7, 2.5, 7.0625, 2.5625], "texture": "#0"},
				"up": {"uv": [0.9375, 6.0625, 0.75, 6], "texture": "#0"},
				"down": {"uv": [6.1875, 0.75, 6, 0.8125], "texture": "#0"}
			}
		},
		{
			"from": [4.66065, -4.45553, 4.40846],
			"to": [4.98057, -4.21559, 4.6484],
			"rotation": {"angle": 45, "axis": "z", "origin": [0.98157, 2.26279, 4.56842]},
			"faces": {
				"north": {"uv": [2.75, 7, 2.8125, 7.0625], "texture": "#0"},
				"east": {"uv": [7, 2.75, 7.0625, 2.8125], "texture": "#0"},
				"south": {"uv": [3, 7, 3.0625, 7.0625], "texture": "#0"},
				"west": {"uv": [7, 3, 7.0625, 3.0625], "texture": "#0"},
				"up": {"uv": [3.3125, 7.0625, 3.25, 7], "texture": "#0"},
				"down": {"uv": [7.0625, 3.25, 7, 3.3125], "texture": "#0"}
			}
		},
		{
			"from": [7.52972, 0.38555, 4.55111],
			"to": [8.47028, 0.92302, 5.15266],
			"rotation": {"angle": 0, "axis": "y", "origin": [2.62534, 0.184, 10.22731]},
			"faces": {
				"north": {"uv": [4, 5, 4.25, 5.125], "texture": "#0"},
				"east": {"uv": [5.75, 0, 5.875, 0.125], "texture": "#0"},
				"south": {"uv": [5, 4, 5.25, 4.125], "texture": "#0"},
				"west": {"uv": [0.25, 5.75, 0.375, 5.875], "texture": "#0"},
				"up": {"uv": [4.5, 5.125, 4.25, 5], "texture": "#0"},
				"down": {"uv": [5.25, 4.25, 5, 4.375], "texture": "#0"}
			}
		},
		{
			"from": [10.53632, -3.64265, 4.55111],
			"to": [10.80505, -3.4411, 5.15266],
			"rotation": {"angle": -45, "axis": "z", "origin": [13.89548, 2.00074, 4.78547]},
			"faces": {
				"north": {"uv": [3.5, 7, 3.5625, 7.0625], "texture": "#0"},
				"east": {"uv": [6.25, 5.75, 6.375, 5.8125], "texture": "#0"},
				"south": {"uv": [7, 3.5, 7.0625, 3.5625], "texture": "#0"},
				"west": {"uv": [6, 6.25, 6.125, 6.3125], "texture": "#0"},
				"up": {"uv": [6.3125, 6.125, 6.25, 6], "texture": "#0"},
				"down": {"uv": [6.3125, 6.25, 6.25, 6.375], "texture": "#0"}
			}
		},
		{
			"from": [7.7428, 0.19553, 4.55111],
			"to": [8.28026, 0.39708, 5.15266],
			"rotation": {"angle": 0, "axis": "y", "origin": [2.63687, 1.13609, 4.78547]},
			"faces": {
				"north": {"uv": [0, 6.5, 0.125, 6.5625], "texture": "#0"},
				"east": {"uv": [6.5, 0, 6.625, 0.0625], "texture": "#0"},
				"south": {"uv": [0.25, 6.5, 0.375, 6.5625], "texture": "#0"},
				"west": {"uv": [6.5, 0.25, 6.625, 0.3125], "texture": "#0"},
				"up": {"uv": [5.875, 0.375, 5.75, 0.25], "texture": "#0"},
				"down": {"uv": [0.625, 5.75, 0.5, 5.875], "texture": "#0"}
			}
		},
		{
			"from": [5.19495, -3.64265, 4.55111],
			"to": [5.46368, -3.4411, 5.15266],
			"rotation": {"angle": 45, "axis": "z", "origin": [2.10452, 2.00074, 4.78547]},
			"faces": {
				"north": {"uv": [3.75, 7, 3.8125, 7.0625], "texture": "#0"},
				"east": {"uv": [0.5, 6.5, 0.625, 6.5625], "texture": "#0"},
				"south": {"uv": [7, 3.75, 7.0625, 3.8125], "texture": "#0"},
				"west": {"uv": [6.5, 0.5, 6.625, 0.5625], "texture": "#0"},
				"up": {"uv": [0.8125, 6.625, 0.75, 6.5], "texture": "#0"},
				"down": {"uv": [6.5625, 0.75, 6.5, 0.875], "texture": "#0"}
			}
		},
		{
			"from": [11.01943, 5.53531, 5.10846],
			"to": [11.33935, 5.77525, 5.3484],
			"rotation": {"angle": 45, "axis": "z", "origin": [15.01843, -0.94307, 5.26842]},
			"faces": {
				"north": {"uv": [4, 7, 4.0625, 7.0625], "texture": "#0"},
				"east": {"uv": [7, 4, 7.0625, 4.0625], "texture": "#0"},
				"south": {"uv": [4.25, 7, 4.3125, 7.0625], "texture": "#0"},
				"west": {"uv": [7, 4.25, 7.0625, 4.3125], "texture": "#0"},
				"up": {"uv": [4.5625, 7.0625, 4.5, 7], "texture": "#0"},
				"down": {"uv": [7.0625, 4.5, 7, 4.5625], "texture": "#0"}
			}
		},
		{
			"from": [7.69381, 0.96605, 5.10846],
			"to": [8.33365, 1.20599, 5.3484],
			"rotation": {"angle": 0, "axis": "y", "origin": [1.61533, 0.08627, 5.26842]},
			"faces": {
				"north": {"uv": [1, 6, 1.1875, 6.0625], "texture": "#0"},
				"east": {"uv": [4.75, 7, 4.8125, 7.0625], "texture": "#0"},
				"south": {"uv": [6, 1, 6.1875, 1.0625], "texture": "#0"},
				"west": {"uv": [7, 4.75, 7.0625, 4.8125], "texture": "#0"},
				"up": {"uv": [1.4375, 6.0625, 1.25, 6], "texture": "#0"},
				"down": {"uv": [6.1875, 1.25, 6, 1.3125], "texture": "#0"}
			}
		},
		{
			"from": [4.66065, 5.53531, 5.10846],
			"to": [4.98057, 5.77525, 5.3484],
			"rotation": {"angle": -45, "axis": "z", "origin": [0.98157, -0.94307, 5.26842]},
			"faces": {
				"north": {"uv": [5, 7, 5.0625, 7.0625], "texture": "#0"},
				"east": {"uv": [7, 5, 7.0625, 5.0625], "texture": "#0"},
				"south": {"uv": [5.25, 7, 5.3125, 7.0625], "texture": "#0"},
				"west": {"uv": [7, 5.25, 7.0625, 5.3125], "texture": "#0"},
				"up": {"uv": [5.5625, 7.0625, 5.5, 7], "texture": "#0"},
				"down": {"uv": [7.0625, 5.5, 7, 5.5625], "texture": "#0"}
			}
		},
		{
			"from": [11.01943, -4.45553, 5.10846],
			"to": [11.33935, -4.21559, 5.3484],
			"rotation": {"angle": -45, "axis": "z", "origin": [15.01843, 2.26279, 5.26842]},
			"faces": {
				"north": {"uv": [5.75, 7, 5.8125, 7.0625], "texture": "#0"},
				"east": {"uv": [7, 5.75, 7.0625, 5.8125], "texture": "#0"},
				"south": {"uv": [6, 7, 6.0625, 7.0625], "texture": "#0"},
				"west": {"uv": [7, 6, 7.0625, 6.0625], "texture": "#0"},
				"up": {"uv": [6.3125, 7.0625, 6.25, 7], "texture": "#0"},
				"down": {"uv": [7.0625, 6.25, 7, 6.3125], "texture": "#0"}
			}
		},
		{
			"from": [7.44014, 0.33994, 5.10846],
			"to": [8.55986, 0.97978, 5.3484],
			"rotation": {"angle": 0, "axis": "y", "origin": [1.6016, 0.1, 11.7468]},
			"faces": {
				"north": {"uv": [4.5, 4.5, 4.75, 4.6875], "texture": "#0"},
				"east": {"uv": [1.5, 6, 1.5625, 6.1875], "texture": "#0"},
				"south": {"uv": [0, 4.75, 0.25, 4.9375], "texture": "#0"},
				"west": {"uv": [6, 1.5, 6.0625, 1.6875], "texture": "#0"},
				"up": {"uv": [6, 0.5625, 5.75, 0.5], "texture": "#0"},
				"down": {"uv": [1, 5.75, 0.75, 5.8125], "texture": "#0"}
			}
		},
		{
			"from": [7.69381, 0.11373, 5.10846],
			"to": [8.33365, 0.35367, 5.3484],
			"rotation": {"angle": 0, "axis": "y", "origin": [1.61533, 1.23345, 5.26842]},
			"faces": {
				"north": {"uv": [1.75, 6, 1.9375, 6.0625], "texture": "#0"},
				"east": {"uv": [6.5, 7, 6.5625, 7.0625], "texture": "#0"},
				"south": {"uv": [6, 1.75, 6.1875, 1.8125], "texture": "#0"},
				"west": {"uv": [7, 6.5, 7.0625, 6.5625], "texture": "#0"},
				"up": {"uv": [2.1875, 6.0625, 2, 6], "texture": "#0"},
				"down": {"uv": [6.1875, 2, 6, 2.0625], "texture": "#0"}
			}
		},
		{
			"from": [4.66065, -4.45553, 5.10846],
			"to": [4.98057, -4.21559, 5.3484],
			"rotation": {"angle": 45, "axis": "z", "origin": [0.98157, 2.26279, 5.26842]},
			"faces": {
				"north": {"uv": [6.75, 7, 6.8125, 7.0625], "texture": "#0"},
				"east": {"uv": [7, 6.75, 7.0625, 6.8125], "texture": "#0"},
				"south": {"uv": [7, 7, 7.0625, 7.0625], "texture": "#0"},
				"west": {"uv": [0, 7.25, 0.0625, 7.3125], "texture": "#0"},
				"up": {"uv": [7.3125, 0.0625, 7.25, 0], "texture": "#0"},
				"down": {"uv": [0.3125, 7.25, 0.25, 7.3125], "texture": "#0"}
			}
		},
		{
			"from": [7.8, 1, 5.1],
			"to": [8.2, 1.2, 7.7],
			"rotation": {"angle": 0, "axis": "y", "origin": [0, 0, 15.2]},
			"faces": {
				"north": {"uv": [1, 6.5, 1.125, 6.5625], "texture": "#0"},
				"east": {"uv": [5, 1, 5.625, 1.0625], "texture": "#0"},
				"south": {"uv": [6.5, 1, 6.625, 1.0625], "texture": "#0"},
				"west": {"uv": [5, 1.25, 5.625, 1.3125], "texture": "#0"},
				"up": {"uv": [3.875, 4.875, 3.75, 4.25], "texture": "#0"},
				"down": {"uv": [4.375, 4, 4.25, 4.625], "texture": "#0"}
			}
		},
		{
			"from": [7.7, 1, 17.1],
			"to": [8.3, 1.4, 18],
			"rotation": {"angle": 0, "axis": "y", "origin": [0, 0, 11]},
			"faces": {
				"north": {"uv": [5.75, 0.75, 5.875, 0.875], "texture": "#0"},
				"east": {"uv": [4.5, 5, 4.75, 5.125], "texture": "#0"},
				"south": {"uv": [1, 5.75, 1.125, 5.875], "texture": "#0"},
				"west": {"uv": [5, 4.5, 5.25, 4.625], "texture": "#0"},
				"up": {"uv": [4.875, 5.25, 4.75, 5], "texture": "#0"},
				"down": {"uv": [5.125, 4.75, 5, 5], "texture": "#0"}
			}
		},
		{
			"from": [7.8, 1.4, 17.1],
			"to": [8.2, 1.5, 18],
			"rotation": {"angle": 0, "axis": "y", "origin": [0, 0, 11]},
			"faces": {
				"north": {"uv": [1.25, 6.5, 1.375, 6.5625], "texture": "#0"},
				"east": {"uv": [5.75, 1, 6, 1.0625], "texture": "#0"},
				"south": {"uv": [6.5, 1.25, 6.625, 1.3125], "texture": "#0"},
				"west": {"uv": [1.25, 5.75, 1.5, 5.8125], "texture": "#0"},
				"up": {"uv": [5.125, 5.25, 5, 5], "texture": "#0"},
				"down": {"uv": [0.125, 5.25, 0, 5.5], "texture": "#0"}
			}
		},
		{
			"from": [7.8, 1.4, 18.8],
			"to": [8.2, 1.5, 19.1],
			"rotation": {"angle": 0, "axis": "y", "origin": [0, 0, 11]},
			"faces": {
				"north": {"uv": [1.5, 6.5, 1.625, 6.5625], "texture": "#0"},
				"east": {"uv": [7.25, 0.25, 7.3125, 0.3125], "texture": "#0"},
				"south": {"uv": [6.5, 1.5, 6.625, 1.5625], "texture": "#0"},
				"west": {"uv": [0.5, 7.25, 0.5625, 7.3125], "texture": "#0"},
				"up": {"uv": [1.875, 6.5625, 1.75, 6.5], "texture": "#0"},
				"down": {"uv": [6.625, 1.75, 6.5, 1.8125], "texture": "#0"}
			}
		},
		{
			"from": [7.7, 1, 18.8],
			"to": [8.3, 1.4, 19.7],
			"rotation": {"angle": 0, "axis": "y", "origin": [0, 0, 11]},
			"faces": {
				"north": {"uv": [5.75, 1.25, 5.875, 1.375], "texture": "#0"},
				"east": {"uv": [0.25, 5.25, 0.5, 5.375], "texture": "#0"},
				"south": {"uv": [1.5, 5.75, 1.625, 5.875], "texture": "#0"},
				"west": {"uv": [0.75, 5.25, 1, 5.375], "texture": "#0"},
				"up": {"uv": [1.125, 5.5, 1, 5.25], "texture": "#0"},
				"down": {"uv": [5.375, 1.5, 5.25, 1.75], "texture": "#0"}
			}
		},
		{
			"from": [7.6, 1, 19.1],
			"to": [8.4, 1.5, 19.7],
			"rotation": {"angle": 0, "axis": "y", "origin": [0, 0, 11]},
			"faces": {
				"north": {"uv": [5.25, 4.25, 5.4375, 4.375], "texture": "#0"},
				"east": {"uv": [5.75, 1.5, 5.875, 1.625], "texture": "#0"},
				"south": {"uv": [4.5, 5.25, 4.6875, 5.375], "texture": "#0"},
				"west": {"uv": [1.75, 5.75, 1.875, 5.875], "texture": "#0"},
				"up": {"uv": [5.4375, 4.625, 5.25, 4.5], "texture": "#0"},
				"down": {"uv": [4.9375, 5.25, 4.75, 5.375], "texture": "#0"}
			}
		},
		{
			"from": [7.7, 1.5, 19.1],
			"to": [8.3, 1.6, 19.7],
			"rotation": {"angle": 0, "axis": "y", "origin": [0, 0, 11]},
			"faces": {
				"north": {"uv": [2, 6.5, 2.125, 6.5625], "texture": "#0"},
				"east": {"uv": [6.5, 2, 6.625, 2.0625], "texture": "#0"},
				"south": {"uv": [2.25, 6.5, 2.375, 6.5625], "texture": "#0"},
				"west": {"uv": [6.5, 2.25, 6.625, 2.3125], "texture": "#0"},
				"up": {"uv": [5.875, 1.875, 5.75, 1.75], "texture": "#0"},
				"down": {"uv": [2.125, 5.75, 2, 5.875], "texture": "#0"}
			}
		},
		{
			"from": [7.5, 1.1, 19.1],
			"to": [7.6, 1.4, 19.7],
			"rotation": {"angle": 0, "axis": "y", "origin": [0, 0, 11]},
			"faces": {
				"north": {"uv": [7.25, 0.5, 7.3125, 0.5625], "texture": "#0"},
				"east": {"uv": [2.5, 6.5, 2.625, 6.5625], "texture": "#0"},
				"south": {"uv": [0.75, 7.25, 0.8125, 7.3125], "texture": "#0"},
				"west": {"uv": [6.5, 2.5, 6.625, 2.5625], "texture": "#0"},
				"up": {"uv": [2.8125, 6.625, 2.75, 6.5], "texture": "#0"},
				"down": {"uv": [6.5625, 2.75, 6.5, 2.875], "texture": "#0"}
			}
		},
		{
			"from": [7.5, 1.4, 19.6],
			"to": [7.6, 1.5, 19.7],
			"rotation": {"angle": 0, "axis": "y", "origin": [0, 0, 11]},
			"faces": {
				"north": {"uv": [7.25, 0.75, 7.3125, 0.8125], "texture": "#0"},
				"east": {"uv": [1, 7.25, 1.0625, 7.3125], "texture": "#0"},
				"south": {"uv": [7.25, 1, 7.3125, 1.0625], "texture": "#0"},
				"west": {"uv": [1.25, 7.25, 1.3125, 7.3125], "texture": "#0"},
				"up": {"uv": [7.3125, 1.3125, 7.25, 1.25], "texture": "#0"},
				"down": {"uv": [1.5625, 7.25, 1.5, 7.3125], "texture": "#0"}
			}
		},
		{
			"from": [7.5, 1.4, 19.1],
			"to": [7.6, 1.5, 19.2],
			"rotation": {"angle": 0, "axis": "y", "origin": [0, 0, 11]},
			"faces": {
				"north": {"uv": [7.25, 1.5, 7.3125, 1.5625], "texture": "#0"},
				"east": {"uv": [1.75, 7.25, 1.8125, 7.3125], "texture": "#0"},
				"south": {"uv": [7.25, 1.75, 7.3125, 1.8125], "texture": "#0"},
				"west": {"uv": [2, 7.25, 2.0625, 7.3125], "texture": "#0"},
				"up": {"uv": [7.3125, 2.0625, 7.25, 2], "texture": "#0"},
				"down": {"uv": [2.3125, 7.25, 2.25, 7.3125], "texture": "#0"}
			}
		},
		{
			"from": [7.65, 1.3, 19.9],
			"to": [8.05, 1.4, 20.1],
			"rotation": {"angle": 0, "axis": "y", "origin": [0.05, 0, 11]},
			"faces": {
				"north": {"uv": [3, 6.5, 3.125, 6.5625], "texture": "#0"},
				"east": {"uv": [7.25, 2.25, 7.3125, 2.3125], "texture": "#0"},
				"south": {"uv": [6.5, 3, 6.625, 3.0625], "texture": "#0"},
				"west": {"uv": [2.5, 7.25, 2.5625, 7.3125], "texture": "#0"},
				"up": {"uv": [3.375, 6.5625, 3.25, 6.5], "texture": "#0"},
				"down": {"uv": [6.625, 3.25, 6.5, 3.3125], "texture": "#0"}
			}
		},
		{
			"from": [7.8, 1.4, 14.4],
			"to": [8.2, 1.6, 15.4],
			"rotation": {"angle": 0, "axis": "y", "origin": [0, 0, 11]},
			"faces": {
				"north": {"uv": [3.5, 6.5, 3.625, 6.5625], "texture": "#0"},
				"east": {"uv": [5.75, 2, 6, 2.0625], "texture": "#0"},
				"south": {"uv": [6.5, 3.5, 6.625, 3.5625], "texture": "#0"},
				"west": {"uv": [2.25, 5.75, 2.5, 5.8125], "texture": "#0"},
				"up": {"uv": [1.875, 5.5, 1.75, 5.25], "texture": "#0"},
				"down": {"uv": [5.375, 1.75, 5.25, 2], "texture": "#0"}
			}
		},
		{
			"from": [8.1, 1.6, 14.4],
			"to": [8.2, 1.7, 15.4],
			"rotation": {"angle": 0, "axis": "y", "origin": [0, 0, 11]},
			"faces": {
				"north": {"uv": [7.25, 2.5, 7.3125, 2.5625], "texture": "#0"},
				"east": {"uv": [5.75, 2.25, 6, 2.3125], "texture": "#0"},
				"south": {"uv": [2.75, 7.25, 2.8125, 7.3125], "texture": "#0"},
				"west": {"uv": [2.5, 5.75, 2.75, 5.8125], "texture": "#0"},
				"up": {"uv": [5.8125, 2.75, 5.75, 2.5], "texture": "#0"},
				"down": {"uv": [2.8125, 5.75, 2.75, 6], "texture": "#0"}
			}
		},
		{
			"from": [7.8, 1.6, 14.4],
			"to": [7.9, 1.7, 15.4],
			"rotation": {"angle": 0, "axis": "y", "origin": [0, 0, 11]},
			"faces": {
				"north": {"uv": [7.25, 2.75, 7.3125, 2.8125], "texture": "#0"},
				"east": {"uv": [5.75, 2.75, 6, 2.8125], "texture": "#0"},
				"south": {"uv": [3, 7.25, 3.0625, 7.3125], "texture": "#0"},
				"west": {"uv": [3, 5.75, 3.25, 5.8125], "texture": "#0"},
				"up": {"uv": [5.8125, 3.25, 5.75, 3], "texture": "#0"},
				"down": {"uv": [3.3125, 5.75, 3.25, 6], "texture": "#0"}
			}
		},
		{
			"from": [7.7, 1, 18],
			"to": [8.3, 1.2, 18.8],
			"rotation": {"angle": 0, "axis": "y", "origin": [0, 0, 11]},
			"faces": {
				"north": {"uv": [3.75, 6.5, 3.875, 6.5625], "texture": "#0"},
				"east": {"uv": [2.25, 6, 2.4375, 6.0625], "texture": "#0"},
				"south": {"uv": [6.5, 3.75, 6.625, 3.8125], "texture": "#0"},
				"west": {"uv": [6, 2.25, 6.1875, 2.3125], "texture": "#0"},
				"up": {"uv": [5.375, 4.9375, 5.25, 4.75], "texture": "#0"},
				"down": {"uv": [5.125, 5.25, 5, 5.4375], "texture": "#0"}
			}
		},
		{
			"from": [7.7, 1.2, 18],
			"to": [7.8, 1.3, 18.5],
			"rotation": {"angle": 0, "axis": "y", "origin": [0, 0, 11]},
			"faces": {
				"north": {"uv": [7.25, 3, 7.3125, 3.0625], "texture": "#0"},
				"east": {"uv": [4, 6.5, 4.125, 6.5625], "texture": "#0"},
				"south": {"uv": [3.25, 7.25, 3.3125, 7.3125], "texture": "#0"},
				"west": {"uv": [6.5, 4, 6.625, 4.0625], "texture": "#0"},
				"up": {"uv": [4.3125, 6.625, 4.25, 6.5], "texture": "#0"},
				"down": {"uv": [6.5625, 4.25, 6.5, 4.375], "texture": "#0"}
			}
		},
		{
			"from": [8.3, 1, 18.3],
			"to": [8.8, 1.2, 18.5],
			"rotation": {"angle": 0, "axis": "y", "origin": [0.3, 0, 11]},
			"faces": {
				"north": {"uv": [4.5, 6.5, 4.625, 6.5625], "texture": "#0"},
				"east": {"uv": [7.25, 3.25, 7.3125, 3.3125], "texture": "#0"},
				"south": {"uv": [6.5, 4.5, 6.625, 4.5625], "texture": "#0"},
				"west": {"uv": [3.5, 7.25, 3.5625, 7.3125], "texture": "#0"},
				"up": {"uv": [4.875, 6.5625, 4.75, 6.5], "texture": "#0"},
				"down": {"uv": [6.625, 4.75, 6.5, 4.8125], "texture": "#0"}
			}
		},
		{
			"from": [9.72908, -2.57627, 18.3],
			"to": [9.92908, -2.07627, 18.5],
			"rotation": {"angle": 22.5, "axis": "z", "origin": [1.12908, -3.27627, 11]},
			"faces": {
				"north": {"uv": [5, 6.5, 5.0625, 6.625], "texture": "#0"},
				"east": {"uv": [6.5, 5, 6.5625, 5.125], "texture": "#0"},
				"south": {"uv": [5.25, 6.5, 5.3125, 6.625], "texture": "#0"},
				"west": {"uv": [6.5, 5.25, 6.5625, 5.375], "texture": "#0"},
				"up": {"uv": [7.3125, 3.5625, 7.25, 3.5], "texture": "#0"},
				"down": {"uv": [3.8125, 7.25, 3.75, 7.3125], "texture": "#0"}
			}
		},
		{
			"from": [9.62908, -2.67627, 18.2],
			"to": [10.02908, -2.57627, 18.6],
			"rotation": {"angle": 22.5, "axis": "z", "origin": [1.12908, -3.27627, 11]},
			"faces": {
				"north": {"uv": [5.5, 6.5, 5.625, 6.5625], "texture": "#0"},
				"east": {"uv": [6.5, 5.5, 6.625, 5.5625], "texture": "#0"},
				"south": {"uv": [5.75, 6.5, 5.875, 6.5625], "texture": "#0"},
				"west": {"uv": [6.5, 5.75, 6.625, 5.8125], "texture": "#0"},
				"up": {"uv": [3.625, 5.875, 3.5, 5.75], "texture": "#0"},
				"down": {"uv": [3.875, 5.75, 3.75, 5.875], "texture": "#0"}
			}
		},
		{
			"from": [7.7, 0.7, 2],
			"to": [8.3, 1.3, 2.7],
			"rotation": {"angle": 0, "axis": "y", "origin": [0, 0.1, 15.8]},
			"faces": {
				"north": {"uv": [5.75, 3.75, 5.875, 3.875], "texture": "#0"},
				"east": {"uv": [5.25, 5, 5.4375, 5.125], "texture": "#0"},
				"south": {"uv": [4, 5.75, 4.125, 5.875], "texture": "#0"},
				"west": {"uv": [5.25, 5.25, 5.4375, 5.375], "texture": "#0"},
				"up": {"uv": [0.125, 5.6875, 0, 5.5], "texture": "#0"},
				"down": {"uv": [0.375, 5.5, 0.25, 5.6875], "texture": "#0"}
			}
		},
		{
			"from": [7.95, 1.3, 2.1],
			"to": [8.05, 1.5, 2.6],
			"rotation": {"angle": 0, "axis": "y", "origin": [-0.05, 0.1, 15.8]},
			"faces": {
				"north": {"uv": [7.25, 3.75, 7.3125, 3.8125], "texture": "#0"},
				"east": {"uv": [6, 6.5, 6.125, 6.5625], "texture": "#0"},
				"south": {"uv": [4, 7.25, 4.0625, 7.3125], "texture": "#0"},
				"west": {"uv": [6.5, 6, 6.625, 6.0625], "texture": "#0"},
				"up": {"uv": [6.3125, 6.625, 6.25, 6.5], "texture": "#0"},
				"down": {"uv": [6.5625, 6.25, 6.5, 6.375], "texture": "#0"}
			}
		},
		{
			"from": [7.6, -1.8, 2],
			"to": [7.7, -1.5, 2.7],
			"rotation": {"angle": 22.5, "axis": "z", "origin": [0, 0.1, 15.8]},
			"faces": {
				"north": {"uv": [7.25, 4, 7.3125, 4.0625], "texture": "#0"},
				"east": {"uv": [2.5, 6, 2.6875, 6.0625], "texture": "#0"},
				"south": {"uv": [4.25, 7.25, 4.3125, 7.3125], "texture": "#0"},
				"west": {"uv": [6, 2.5, 6.1875, 2.5625], "texture": "#0"},
				"up": {"uv": [2.8125, 6.1875, 2.75, 6], "texture": "#0"},
				"down": {"uv": [6.0625, 2.75, 6, 2.9375], "texture": "#0"}
			}
		},
		{
			"from": [12.61107, 5.55273, 2],
			"to": [12.71107, 5.85273, 2.7],
			"rotation": {"angle": -22.5, "axis": "z", "origin": [0.01107, 16.05273, 15.8]},
			"faces": {
				"north": {"uv": [7.25, 4.25, 7.3125, 4.3125], "texture": "#0"},
				"east": {"uv": [3, 6, 3.1875, 6.0625], "texture": "#0"},
				"south": {"uv": [4.5, 7.25, 4.5625, 7.3125], "texture": "#0"},
				"west": {"uv": [6, 3, 6.1875, 3.0625], "texture": "#0"},
				"up": {"uv": [3.3125, 6.1875, 3.25, 6], "texture": "#0"},
				"down": {"uv": [6.0625, 3.25, 6, 3.4375], "texture": "#0"}
			}
		},
		{
			"from": [8.3, -1.8, 2],
			"to": [8.4, -1.5, 2.7],
			"rotation": {"angle": -22.5, "axis": "z", "origin": [16, 0.1, 15.8]},
			"faces": {
				"north": {"uv": [7.25, 4.5, 7.3125, 4.5625], "texture": "#0"},
				"east": {"uv": [3.5, 6, 3.6875, 6.0625], "texture": "#0"},
				"south": {"uv": [4.75, 7.25, 4.8125, 7.3125], "texture": "#0"},
				"west": {"uv": [6, 3.5, 6.1875, 3.5625], "texture": "#0"},
				"up": {"uv": [3.8125, 6.1875, 3.75, 6], "texture": "#0"},
				"down": {"uv": [6.0625, 3.75, 6, 3.9375], "texture": "#0"}
			}
		},
		{
			"from": [3.28893, 5.55273, 2],
			"to": [3.38893, 5.85273, 2.7],
			"rotation": {"angle": 22.5, "axis": "z", "origin": [15.98893, 16.05273, 15.8]},
			"faces": {
				"north": {"uv": [7.25, 4.75, 7.3125, 4.8125], "texture": "#0"},
				"east": {"uv": [4, 6, 4.1875, 6.0625], "texture": "#0"},
				"south": {"uv": [5, 7.25, 5.0625, 7.3125], "texture": "#0"},
				"west": {"uv": [6, 4, 6.1875, 4.0625], "texture": "#0"},
				"up": {"uv": [4.3125, 6.1875, 4.25, 6], "texture": "#0"},
				"down": {"uv": [6.0625, 4.25, 6, 4.4375], "texture": "#0"}
			}
		},
		{
			"from": [7.8, 1.7, 2],
			"to": [8.2, 1.8, 2.7],
			"rotation": {"angle": 0, "axis": "y", "origin": [0, 0.1, 15.8]},
			"faces": {
				"north": {"uv": [6.5, 6.5, 6.625, 6.5625], "texture": "#0"},
				"east": {"uv": [4.5, 6, 4.6875, 6.0625], "texture": "#0"},
				"south": {"uv": [0, 6.75, 0.125, 6.8125], "texture": "#0"},
				"west": {"uv": [6, 4.5, 6.1875, 4.5625], "texture": "#0"},
				"up": {"uv": [0.625, 5.6875, 0.5, 5.5], "texture": "#0"},
				"down": {"uv": [5.625, 0.5, 5.5, 0.6875], "texture": "#0"}
			}
		},
		{
			"from": [7.9, 0.3, 3.4],
			"to": [8.1, 0.5, 5.1],
			"rotation": {"angle": 0, "axis": "y", "origin": [0, 0, 15.2]},
			"faces": {
				"north": {"uv": [7.25, 5, 7.3125, 5.0625], "texture": "#0"},
				"east": {"uv": [2, 5.25, 2.4375, 5.3125], "texture": "#0"},
				"south": {"uv": [5.25, 7.25, 5.3125, 7.3125], "texture": "#0"},
				"west": {"uv": [5.25, 2.25, 5.6875, 2.3125], "texture": "#0"},
				"up": {"uv": [3.5625, 5.6875, 3.5, 5.25], "texture": "#0"},
				"down": {"uv": [3.8125, 5.25, 3.75, 5.6875], "texture": "#0"}
			}
		},
		{
			"from": [7.5, 0.2, 5.1],
			"to": [8.5, 1, 7.9],
			"rotation": {"angle": 0, "axis": "y", "origin": [0, 0, 15.2]},
			"faces": {
				"north": {"uv": [4.75, 0, 5, 0.1875], "texture": "#0"},
				"east": {"uv": [3.5, 0.75, 4.1875, 0.9375], "texture": "#0"},
				"south": {"uv": [4.75, 0.25, 5, 0.4375], "texture": "#0"},
				"west": {"uv": [3.5, 3, 4.1875, 3.1875], "texture": "#0"},
				"up": {"uv": [0.25, 4.1875, 0, 3.5], "texture": "#0"},
				"down": {"uv": [3.75, 0, 3.5, 0.6875], "texture": "#0"}
			}
		},
		{
			"from": [7.5, 0, 7.9],
			"to": [8.5, 1, 11],
			"rotation": {"angle": 0, "axis": "y", "origin": [0, 0, 11]},
			"faces": {
				"north": {"uv": [4.5, 1.25, 4.75, 1.5], "texture": "#0"},
				"east": {"uv": [2.5, 3, 3.25, 3.25], "texture": "#0"},
				"south": {"uv": [4.5, 1.5, 4.75, 1.75], "texture": "#0"},
				"west": {"uv": [3, 2.5, 3.75, 2.75], "texture": "#0"},
				"up": {"uv": [2, 3.75, 1.75, 3], "texture": "#0"},
				"down": {"uv": [2.25, 3, 2, 3.75], "texture": "#0"}
			}
		},
		{
			"from": [7.6, 1, 7.9],
			"to": [8.4, 1.3, 14.4],
			"rotation": {"angle": 0, "axis": "y", "origin": [0, 0, 11]},
			"faces": {
				"north": {"uv": [4.75, 6, 4.9375, 6.0625], "texture": "#0"},
				"east": {"uv": [4, 2.75, 5.625, 2.8125], "texture": "#0"},
				"south": {"uv": [6, 4.75, 6.1875, 4.8125], "texture": "#0"},
				"west": {"uv": [4, 3.75, 5.625, 3.8125], "texture": "#0"},
				"up": {"uv": [1.4375, 4.125, 1.25, 2.5], "texture": "#0"},
				"down": {"uv": [1.6875, 2.5, 1.5, 4.125], "texture": "#0"}
			}
		},
		{
			"from": [7.8, 0.8, 1.7],
			"to": [8.2, 1.2, 5.1],
			"rotation": {"angle": 0, "axis": "y", "origin": [0, 0.1, 15.2]},
			"faces": {
				"north": {"uv": [5.75, 4, 5.875, 4.125], "texture": "#0"},
				"east": {"uv": [4, 2.25, 4.875, 2.375], "texture": "#0"},
				"south": {"uv": [4.25, 5.75, 4.375, 5.875], "texture": "#0"},
				"west": {"uv": [4, 2.5, 4.875, 2.625], "texture": "#0"},
				"up": {"uv": [0.875, 4.875, 0.75, 4], "texture": "#0"},
				"down": {"uv": [1.125, 4, 1, 4.875], "texture": "#0"}
			}
		},
		{
			"name": "hexadecagon",
			"from": [7.97016, 1.25, 19.7],
			"to": [8.02984, 1.55, 20],
			"rotation": {"angle": -45, "axis": "z", "origin": [8, 1.4, 19.5]},
			"faces": {
				"north": {"uv": [7.25, 5.25, 7.3125, 5.3125], "texture": "#0"},
				"east": {"uv": [5.5, 7.25, 5.5625, 7.3125], "texture": "#0"},
				"south": {"uv": [7.25, 5.5, 7.3125, 5.5625], "texture": "#0"},
				"west": {"uv": [5.75, 7.25, 5.8125, 7.3125], "texture": "#0"},
				"up": {"uv": [7.3125, 5.8125, 7.25, 5.75], "texture": "#0"},
				"down": {"uv": [6.0625, 7.25, 6, 7.3125], "texture": "#0"}
			}
		},
		{
			"name": "hexadecagon",
			"from": [7.97016, 1.25, 19.7],
			"to": [8.02984, 1.55, 20],
			"rotation": {"angle": -22.5, "axis": "z", "origin": [8, 1.4, 19.5]},
			"faces": {
				"north": {"uv": [7.25, 6, 7.3125, 6.0625], "texture": "#0"},
				"east": {"uv": [6.25, 7.25, 6.3125, 7.3125], "texture": "#0"},
				"south": {"uv": [7.25, 6.25, 7.3125, 6.3125], "texture": "#0"},
				"west": {"uv": [6.5, 7.25, 6.5625, 7.3125], "texture": "#0"},
				"up": {"uv": [7.3125, 6.5625, 7.25, 6.5], "texture": "#0"},
				"down": {"uv": [6.8125, 7.25, 6.75, 7.3125], "texture": "#0"}
			}
		},
		{
			"name": "hexadecagon",
			"from": [7.97016, 1.25, 19.7],
			"to": [8.02984, 1.55, 20],
			"rotation": {"angle": 0, "axis": "z", "origin": [8, 1.4, 19.5]},
			"faces": {
				"north": {"uv": [7.25, 6.75, 7.3125, 6.8125], "texture": "#0"},
				"east": {"uv": [7, 7.25, 7.0625, 7.3125], "texture": "#0"},
				"south": {"uv": [7.25, 7, 7.3125, 7.0625], "texture": "#0"},
				"west": {"uv": [7.25, 7.25, 7.3125, 7.3125], "texture": "#0"},
				"up": {"uv": [0.0625, 7.5625, 0, 7.5], "texture": "#0"},
				"down": {"uv": [7.5625, 0, 7.5, 0.0625], "texture": "#0"}
			}
		},
		{
			"name": "hexadecagon",
			"from": [7.97016, 1.25, 19.7],
			"to": [8.02984, 1.55, 20],
			"rotation": {"angle": 22.5, "axis": "z", "origin": [8, 1.4, 19.5]},
			"faces": {
				"north": {"uv": [0.25, 7.5, 0.3125, 7.5625], "texture": "#0"},
				"east": {"uv": [7.5, 0.25, 7.5625, 0.3125], "texture": "#0"},
				"south": {"uv": [0.5, 7.5, 0.5625, 7.5625], "texture": "#0"},
				"west": {"uv": [7.5, 0.5, 7.5625, 0.5625], "texture": "#0"},
				"up": {"uv": [0.8125, 7.5625, 0.75, 7.5], "texture": "#0"},
				"down": {"uv": [7.5625, 0.75, 7.5, 0.8125], "texture": "#0"}
			}
		},
		{
			"name": "hexadecagon",
			"from": [7.97016, 1.25, 19.7],
			"to": [8.02984, 1.55, 20],
			"rotation": {"angle": 45, "axis": "z", "origin": [8, 1.4, 19.5]},
			"faces": {
				"north": {"uv": [1, 7.5, 1.0625, 7.5625], "texture": "#0"},
				"east": {"uv": [7.5, 1, 7.5625, 1.0625], "texture": "#0"},
				"south": {"uv": [1.25, 7.5, 1.3125, 7.5625], "texture": "#0"},
				"west": {"uv": [7.5, 1.25, 7.5625, 1.3125], "texture": "#0"},
				"up": {"uv": [1.5625, 7.5625, 1.5, 7.5], "texture": "#0"},
				"down": {"uv": [7.5625, 1.5, 7.5, 1.5625], "texture": "#0"}
			}
		},
		{
			"name": "hexadecagon",
			"from": [7.85, 1.37016, 19.7],
			"to": [8.15, 1.42984, 20],
			"rotation": {"angle": -22.5, "axis": "z", "origin": [8, 1.4, 19.5]},
			"faces": {
				"north": {"uv": [1.75, 7.5, 1.8125, 7.5625], "texture": "#0"},
				"east": {"uv": [7.5, 1.75, 7.5625, 1.8125], "texture": "#0"},
				"south": {"uv": [2, 7.5, 2.0625, 7.5625], "texture": "#0"},
				"west": {"uv": [7.5, 2, 7.5625, 2.0625], "texture": "#0"},
				"up": {"uv": [2.3125, 7.5625, 2.25, 7.5], "texture": "#0"},
				"down": {"uv": [7.5625, 2.25, 7.5, 2.3125], "texture": "#0"}
			}
		},
		{
			"name": "hexadecagon",
			"from": [7.85, 1.37016, 19.7],
			"to": [8.15, 1.42984, 20],
			"rotation": {"angle": 0, "axis": "z", "origin": [8, 1.4, 19.5]},
			"faces": {
				"north": {"uv": [2.5, 7.5, 2.5625, 7.5625], "texture": "#0"},
				"east": {"uv": [7.5, 2.5, 7.5625, 2.5625], "texture": "#0"},
				"south": {"uv": [2.75, 7.5, 2.8125, 7.5625], "texture": "#0"},
				"west": {"uv": [7.5, 2.75, 7.5625, 2.8125], "texture": "#0"},
				"up": {"uv": [3.0625, 7.5625, 3, 7.5], "texture": "#0"},
				"down": {"uv": [7.5625, 3, 7.5, 3.0625], "texture": "#0"}
			}
		},
		{
			"name": "hexadecagon",
			"from": [7.85, 1.37016, 19.7],
			"to": [8.15, 1.42984, 20],
			"rotation": {"angle": 22.5, "axis": "z", "origin": [8, 1.4, 19.5]},
			"faces": {
				"north": {"uv": [3.25, 7.5, 3.3125, 7.5625], "texture": "#0"},
				"east": {"uv": [7.5, 3.25, 7.5625, 3.3125], "texture": "#0"},
				"south": {"uv": [3.5, 7.5, 3.5625, 7.5625], "texture": "#0"},
				"west": {"uv": [7.5, 3.5, 7.5625, 3.5625], "texture": "#0"},
				"up": {"uv": [3.8125, 7.5625, 3.75, 7.5], "texture": "#0"},
				"down": {"uv": [7.5625, 3.75, 7.5, 3.8125], "texture": "#0"}
			}
		},
		{
			"name": "hexadecagon",
			"from": [7.77016, 1.05, 19.7],
			"to": [7.82984, 1.35, 20],
			"rotation": {"angle": -45, "axis": "z", "origin": [7.8, 1.2, 19.5]},
			"faces": {
				"north": {"uv": [4, 7.5, 4.0625, 7.5625], "texture": "#0"},
				"east": {"uv": [7.5, 4, 7.5625, 4.0625], "texture": "#0"},
				"south": {"uv": [4.25, 7.5, 4.3125, 7.5625], "texture": "#0"},
				"west": {"uv": [7.5, 4.25, 7.5625, 4.3125], "texture": "#0"},
				"up": {"uv": [4.5625, 7.5625, 4.5, 7.5], "texture": "#0"},
				"down": {"uv": [7.5625, 4.5, 7.5, 4.5625], "texture": "#0"}
			}
		},
		{
			"name": "hexadecagon",
			"from": [7.77016, 1.05, 19.7],
			"to": [7.82984, 1.35, 20],
			"rotation": {"angle": -22.5, "axis": "z", "origin": [7.8, 1.2, 19.5]},
			"faces": {
				"north": {"uv": [4.75, 7.5, 4.8125, 7.5625], "texture": "#0"},
				"east": {"uv": [7.5, 4.75, 7.5625, 4.8125], "texture": "#0"},
				"south": {"uv": [5, 7.5, 5.0625, 7.5625], "texture": "#0"},
				"west": {"uv": [7.5, 5, 7.5625, 5.0625], "texture": "#0"},
				"up": {"uv": [5.3125, 7.5625, 5.25, 7.5], "texture": "#0"},
				"down": {"uv": [7.5625, 5.25, 7.5, 5.3125], "texture": "#0"}
			}
		},
		{
			"name": "hexadecagon",
			"from": [7.77016, 1.05, 19.7],
			"to": [7.82984, 1.35, 20],
			"rotation": {"angle": 0, "axis": "z", "origin": [7.8, 1.2, 19.5]},
			"faces": {
				"north": {"uv": [5.5, 7.5, 5.5625, 7.5625], "texture": "#0"},
				"east": {"uv": [7.5, 5.5, 7.5625, 5.5625], "texture": "#0"},
				"south": {"uv": [5.75, 7.5, 5.8125, 7.5625], "texture": "#0"},
				"west": {"uv": [7.5, 5.75, 7.5625, 5.8125], "texture": "#0"},
				"up": {"uv": [6.0625, 7.5625, 6, 7.5], "texture": "#0"},
				"down": {"uv": [7.5625, 6, 7.5, 6.0625], "texture": "#0"}
			}
		},
		{
			"name": "hexadecagon",
			"from": [7.77016, 1.05, 19.7],
			"to": [7.82984, 1.35, 20],
			"rotation": {"angle": 22.5, "axis": "z", "origin": [7.8, 1.2, 19.5]},
			"faces": {
				"north": {"uv": [6.25, 7.5, 6.3125, 7.5625], "texture": "#0"},
				"east": {"uv": [7.5, 6.25, 7.5625, 6.3125], "texture": "#0"},
				"south": {"uv": [6.5, 7.5, 6.5625, 7.5625], "texture": "#0"},
				"west": {"uv": [7.5, 6.5, 7.5625, 6.5625], "texture": "#0"},
				"up": {"uv": [6.8125, 7.5625, 6.75, 7.5], "texture": "#0"},
				"down": {"uv": [7.5625, 6.75, 7.5, 6.8125], "texture": "#0"}
			}
		},
		{
			"name": "hexadecagon",
			"from": [7.77016, 1.05, 19.7],
			"to": [7.82984, 1.35, 20],
			"rotation": {"angle": 45, "axis": "z", "origin": [7.8, 1.2, 19.5]},
			"faces": {
				"north": {"uv": [7, 7.5, 7.0625, 7.5625], "texture": "#0"},
				"east": {"uv": [7.5, 7, 7.5625, 7.0625], "texture": "#0"},
				"south": {"uv": [7.25, 7.5, 7.3125, 7.5625], "texture": "#0"},
				"west": {"uv": [7.5, 7.25, 7.5625, 7.3125], "texture": "#0"},
				"up": {"uv": [7.5625, 7.5625, 7.5, 7.5], "texture": "#0"},
				"down": {"uv": [0.0625, 7.75, 0, 7.8125], "texture": "#0"}
			}
		},
		{
			"name": "hexadecagon",
			"from": [7.65, 1.17016, 19.7],
			"to": [7.95, 1.22984, 20],
			"rotation": {"angle": -22.5, "axis": "z", "origin": [7.8, 1.2, 19.5]},
			"faces": {
				"north": {"uv": [7.75, 0, 7.8125, 0.0625], "texture": "#0"},
				"east": {"uv": [0.25, 7.75, 0.3125, 7.8125], "texture": "#0"},
				"south": {"uv": [7.75, 0.25, 7.8125, 0.3125], "texture": "#0"},
				"west": {"uv": [0.5, 7.75, 0.5625, 7.8125], "texture": "#0"},
				"up": {"uv": [7.8125, 0.5625, 7.75, 0.5], "texture": "#0"},
				"down": {"uv": [0.8125, 7.75, 0.75, 7.8125], "texture": "#0"}
			}
		},
		{
			"name": "hexadecagon",
			"from": [7.65, 1.17016, 19.7],
			"to": [7.95, 1.22984, 20],
			"rotation": {"angle": 0, "axis": "z", "origin": [7.8, 1.2, 19.5]},
			"faces": {
				"north": {"uv": [7.75, 0.75, 7.8125, 0.8125], "texture": "#0"},
				"east": {"uv": [1, 7.75, 1.0625, 7.8125], "texture": "#0"},
				"south": {"uv": [7.75, 1, 7.8125, 1.0625], "texture": "#0"},
				"west": {"uv": [1.25, 7.75, 1.3125, 7.8125], "texture": "#0"},
				"up": {"uv": [7.8125, 1.3125, 7.75, 1.25], "texture": "#0"},
				"down": {"uv": [1.5625, 7.75, 1.5, 7.8125], "texture": "#0"}
			}
		},
		{
			"name": "hexadecagon",
			"from": [7.65, 1.17016, 19.7],
			"to": [7.95, 1.22984, 20],
			"rotation": {"angle": 22.5, "axis": "z", "origin": [7.8, 1.2, 19.5]},
			"faces": {
				"north": {"uv": [7.75, 1.5, 7.8125, 1.5625], "texture": "#0"},
				"east": {"uv": [1.75, 7.75, 1.8125, 7.8125], "texture": "#0"},
				"south": {"uv": [7.75, 1.75, 7.8125, 1.8125], "texture": "#0"},
				"west": {"uv": [2, 7.75, 2.0625, 7.8125], "texture": "#0"},
				"up": {"uv": [7.8125, 2.0625, 7.75, 2], "texture": "#0"},
				"down": {"uv": [2.3125, 7.75, 2.25, 7.8125], "texture": "#0"}
			}
		},
		{
			"name": "hexadecagon",
			"from": [8.17016, 1.05, 19.7],
			"to": [8.22984, 1.35, 20],
			"rotation": {"angle": -45, "axis": "z", "origin": [8.2, 1.2, 19.5]},
			"faces": {
				"north": {"uv": [7.75, 2.25, 7.8125, 2.3125], "texture": "#0"},
				"east": {"uv": [2.5, 7.75, 2.5625, 7.8125], "texture": "#0"},
				"south": {"uv": [7.75, 2.5, 7.8125, 2.5625], "texture": "#0"},
				"west": {"uv": [2.75, 7.75, 2.8125, 7.8125], "texture": "#0"},
				"up": {"uv": [7.8125, 2.8125, 7.75, 2.75], "texture": "#0"},
				"down": {"uv": [3.0625, 7.75, 3, 7.8125], "texture": "#0"}
			}
		},
		{
			"name": "hexadecagon",
			"from": [8.17016, 1.05, 19.7],
			"to": [8.22984, 1.35, 20],
			"rotation": {"angle": -22.5, "axis": "z", "origin": [8.2, 1.2, 19.5]},
			"faces": {
				"north": {"uv": [7.75, 3, 7.8125, 3.0625], "texture": "#0"},
				"east": {"uv": [3.25, 7.75, 3.3125, 7.8125], "texture": "#0"},
				"south": {"uv": [7.75, 3.25, 7.8125, 3.3125], "texture": "#0"},
				"west": {"uv": [3.5, 7.75, 3.5625, 7.8125], "texture": "#0"},
				"up": {"uv": [7.8125, 3.5625, 7.75, 3.5], "texture": "#0"},
				"down": {"uv": [3.8125, 7.75, 3.75, 7.8125], "texture": "#0"}
			}
		},
		{
			"name": "hexadecagon",
			"from": [8.17016, 1.05, 19.7],
			"to": [8.22984, 1.35, 20],
			"rotation": {"angle": 0, "axis": "z", "origin": [8.2, 1.2, 19.5]},
			"faces": {
				"north": {"uv": [7.75, 3.75, 7.8125, 3.8125], "texture": "#0"},
				"east": {"uv": [4, 7.75, 4.0625, 7.8125], "texture": "#0"},
				"south": {"uv": [7.75, 4, 7.8125, 4.0625], "texture": "#0"},
				"west": {"uv": [4.25, 7.75, 4.3125, 7.8125], "texture": "#0"},
				"up": {"uv": [7.8125, 4.3125, 7.75, 4.25], "texture": "#0"},
				"down": {"uv": [4.5625, 7.75, 4.5, 7.8125], "texture": "#0"}
			}
		},
		{
			"name": "hexadecagon",
			"from": [8.17016, 1.05, 19.7],
			"to": [8.22984, 1.35, 20],
			"rotation": {"angle": 22.5, "axis": "z", "origin": [8.2, 1.2, 19.5]},
			"faces": {
				"north": {"uv": [7.75, 4.5, 7.8125, 4.5625], "texture": "#0"},
				"east": {"uv": [4.75, 7.75, 4.8125, 7.8125], "texture": "#0"},
				"south": {"uv": [7.75, 4.75, 7.8125, 4.8125], "texture": "#0"},
				"west": {"uv": [5, 7.75, 5.0625, 7.8125], "texture": "#0"},
				"up": {"uv": [7.8125, 5.0625, 7.75, 5], "texture": "#0"},
				"down": {"uv": [5.3125, 7.75, 5.25, 7.8125], "texture": "#0"}
			}
		},
		{
			"name": "hexadecagon",
			"from": [8.17016, 1.05, 19.7],
			"to": [8.22984, 1.35, 20],
			"rotation": {"angle": 45, "axis": "z", "origin": [8.2, 1.2, 19.5]},
			"faces": {
				"north": {"uv": [7.75, 5.25, 7.8125, 5.3125], "texture": "#0"},
				"east": {"uv": [5.5, 7.75, 5.5625, 7.8125], "texture": "#0"},
				"south": {"uv": [7.75, 5.5, 7.8125, 5.5625], "texture": "#0"},
				"west": {"uv": [5.75, 7.75, 5.8125, 7.8125], "texture": "#0"},
				"up": {"uv": [7.8125, 5.8125, 7.75, 5.75], "texture": "#0"},
				"down": {"uv": [6.0625, 7.75, 6, 7.8125], "texture": "#0"}
			}
		},
		{
			"name": "hexadecagon",
			"from": [8.05, 1.17016, 19.7],
			"to": [8.35, 1.22984, 20],
			"rotation": {"angle": -22.5, "axis": "z", "origin": [8.2, 1.2, 19.5]},
			"faces": {
				"north": {"uv": [7.75, 6, 7.8125, 6.0625], "texture": "#0"},
				"east": {"uv": [6.25, 7.75, 6.3125, 7.8125], "texture": "#0"},
				"south": {"uv": [7.75, 6.25, 7.8125, 6.3125], "texture": "#0"},
				"west": {"uv": [6.5, 7.75, 6.5625, 7.8125], "texture": "#0"},
				"up": {"uv": [7.8125, 6.5625, 7.75, 6.5], "texture": "#0"},
				"down": {"uv": [6.8125, 7.75, 6.75, 7.8125], "texture": "#0"}
			}
		},
		{
			"name": "hexadecagon",
			"from": [8.05, 1.17016, 19.7],
			"to": [8.35, 1.22984, 20],
			"rotation": {"angle": 0, "axis": "z", "origin": [8.2, 1.2, 19.5]},
			"faces": {
				"north": {"uv": [7.75, 6.75, 7.8125, 6.8125], "texture": "#0"},
				"east": {"uv": [7, 7.75, 7.0625, 7.8125], "texture": "#0"},
				"south": {"uv": [7.75, 7, 7.8125, 7.0625], "texture": "#0"},
				"west": {"uv": [7.25, 7.75, 7.3125, 7.8125], "texture": "#0"},
				"up": {"uv": [7.8125, 7.3125, 7.75, 7.25], "texture": "#0"},
				"down": {"uv": [7.5625, 7.75, 7.5, 7.8125], "texture": "#0"}
			}
		},
		{
			"name": "hexadecagon",
			"from": [8.05, 1.17016, 19.7],
			"to": [8.35, 1.22984, 20],
			"rotation": {"angle": 22.5, "axis": "z", "origin": [8.2, 1.2, 19.5]},
			"faces": {
				"north": {"uv": [7.75, 7.5, 7.8125, 7.5625], "texture": "#0"},
				"east": {"uv": [7.75, 7.75, 7.8125, 7.8125], "texture": "#0"},
				"south": {"uv": [0, 8, 0.0625, 8.0625], "texture": "#0"},
				"west": {"uv": [8, 0, 8.0625, 0.0625], "texture": "#0"},
				"up": {"uv": [0.3125, 8.0625, 0.25, 8], "texture": "#0"},
				"down": {"uv": [8.0625, 0.25, 8, 0.3125], "texture": "#0"}
			}
		},
		{
			"name": "hexadecagon",
			"from": [7.97016, 0.95, 19.9],
			"to": [8.02984, 1.25, 20.2],
			"rotation": {"angle": -45, "axis": "z", "origin": [8, 1.1, 19.7]},
			"faces": {
				"north": {"uv": [0.5, 8, 0.5625, 8.0625], "texture": "#0"},
				"east": {"uv": [8, 0.5, 8.0625, 0.5625], "texture": "#0"},
				"south": {"uv": [0.75, 8, 0.8125, 8.0625], "texture": "#0"},
				"west": {"uv": [8, 0.75, 8.0625, 0.8125], "texture": "#0"},
				"up": {"uv": [1.0625, 8.0625, 1, 8], "texture": "#0"},
				"down": {"uv": [8.0625, 1, 8, 1.0625], "texture": "#0"}
			}
		},
		{
			"name": "hexadecagon",
			"from": [7.97016, 0.95, 19.9],
			"to": [8.02984, 1.25, 20.2],
			"rotation": {"angle": -22.5, "axis": "z", "origin": [8, 1.1, 19.7]},
			"faces": {
				"north": {"uv": [1.25, 8, 1.3125, 8.0625], "texture": "#0"},
				"east": {"uv": [8, 1.25, 8.0625, 1.3125], "texture": "#0"},
				"south": {"uv": [1.5, 8, 1.5625, 8.0625], "texture": "#0"},
				"west": {"uv": [8, 1.5, 8.0625, 1.5625], "texture": "#0"},
				"up": {"uv": [1.8125, 8.0625, 1.75, 8], "texture": "#0"},
				"down": {"uv": [8.0625, 1.75, 8, 1.8125], "texture": "#0"}
			}
		},
		{
			"name": "hexadecagon",
			"from": [7.97016, 0.95, 19.9],
			"to": [8.02984, 1.25, 20.2],
			"rotation": {"angle": 0, "axis": "z", "origin": [8, 1.1, 19.7]},
			"faces": {
				"north": {"uv": [2, 8, 2.0625, 8.0625], "texture": "#0"},
				"east": {"uv": [8, 2, 8.0625, 2.0625], "texture": "#0"},
				"south": {"uv": [2.25, 8, 2.3125, 8.0625], "texture": "#0"},
				"west": {"uv": [8, 2.25, 8.0625, 2.3125], "texture": "#0"},
				"up": {"uv": [2.5625, 8.0625, 2.5, 8], "texture": "#0"},
				"down": {"uv": [8.0625, 2.5, 8, 2.5625], "texture": "#0"}
			}
		},
		{
			"name": "hexadecagon",
			"from": [7.95852, 1.04054, 20.20056],
			"to": [8.04148, 1.1235, 20.24204],
			"rotation": {"angle": 0, "axis": "z", "origin": [8, 0.45628, 12.85316]},
			"faces": {
				"north": {"uv": [2.75, 8, 2.8125, 8.0625], "texture": "#0"},
				"east": {"uv": [8, 2.75, 8.0625, 2.8125], "texture": "#0"},
				"south": {"uv": [3, 8, 3.0625, 8.0625], "texture": "#0"},
				"west": {"uv": [8, 3, 8.0625, 3.0625], "texture": "#0"},
				"up": {"uv": [3.3125, 8.0625, 3.25, 8], "texture": "#0"},
				"down": {"uv": [8.0625, 3.25, 8, 3.3125], "texture": "#0"}
			}
		},
		{
			"name": "hexadecagon",
			"from": [7.97016, 0.95, 19.9],
			"to": [8.02984, 1.25, 20.2],
			"rotation": {"angle": 22.5, "axis": "z", "origin": [8, 1.1, 19.7]},
			"faces": {
				"north": {"uv": [3.5, 8, 3.5625, 8.0625], "texture": "#0"},
				"east": {"uv": [8, 3.5, 8.0625, 3.5625], "texture": "#0"},
				"south": {"uv": [3.75, 8, 3.8125, 8.0625], "texture": "#0"},
				"west": {"uv": [8, 3.75, 8.0625, 3.8125], "texture": "#0"},
				"up": {"uv": [4.0625, 8.0625, 4, 8], "texture": "#0"},
				"down": {"uv": [8.0625, 4, 8, 4.0625], "texture": "#0"}
			}
		},
		{
			"name": "hexadecagon",
			"from": [7.97016, 0.95, 19.9],
			"to": [8.02984, 1.25, 20.2],
			"rotation": {"angle": 45, "axis": "z", "origin": [8, 1.1, 19.7]},
			"faces": {
				"north": {"uv": [4.25, 8, 4.3125, 8.0625], "texture": "#0"},
				"east": {"uv": [8, 4.25, 8.0625, 4.3125], "texture": "#0"},
				"south": {"uv": [4.5, 8, 4.5625, 8.0625], "texture": "#0"},
				"west": {"uv": [8, 4.5, 8.0625, 4.5625], "texture": "#0"},
				"up": {"uv": [4.8125, 8.0625, 4.75, 8], "texture": "#0"},
				"down": {"uv": [8.0625, 4.75, 8, 4.8125], "texture": "#0"}
			}
		},
		{
			"name": "hexadecagon",
			"from": [7.85, 1.07016, 19.9],
			"to": [8.15, 1.12984, 20.2],
			"rotation": {"angle": -22.5, "axis": "z", "origin": [8, 1.1, 19.7]},
			"faces": {
				"north": {"uv": [5, 8, 5.0625, 8.0625], "texture": "#0"},
				"east": {"uv": [8, 5, 8.0625, 5.0625], "texture": "#0"},
				"south": {"uv": [5.25, 8, 5.3125, 8.0625], "texture": "#0"},
				"west": {"uv": [8, 5.25, 8.0625, 5.3125], "texture": "#0"},
				"up": {"uv": [5.5625, 8.0625, 5.5, 8], "texture": "#0"},
				"down": {"uv": [8.0625, 5.5, 8, 5.5625], "texture": "#0"}
			}
		},
		{
			"name": "hexadecagon",
			"from": [7.85, 1.07016, 19.9],
			"to": [8.15, 1.12984, 20.2],
			"rotation": {"angle": 0, "axis": "z", "origin": [8, 1.1, 19.7]},
			"faces": {
				"north": {"uv": [5.75, 8, 5.8125, 8.0625], "texture": "#0"},
				"east": {"uv": [8, 5.75, 8.0625, 5.8125], "texture": "#0"},
				"south": {"uv": [6, 8, 6.0625, 8.0625], "texture": "#0"},
				"west": {"uv": [8, 6, 8.0625, 6.0625], "texture": "#0"},
				"up": {"uv": [6.3125, 8.0625, 6.25, 8], "texture": "#0"},
				"down": {"uv": [8.0625, 6.25, 8, 6.3125], "texture": "#0"}
			}
		},
		{
			"name": "hexadecagon",
			"from": [7.85, 1.07016, 19.9],
			"to": [8.15, 1.12984, 20.2],
			"rotation": {"angle": 22.5, "axis": "z", "origin": [8, 1.1, 19.7]},
			"faces": {
				"north": {"uv": [6.5, 8, 6.5625, 8.0625], "texture": "#0"},
				"east": {"uv": [8, 6.5, 8.0625, 6.5625], "texture": "#0"},
				"south": {"uv": [6.75, 8, 6.8125, 8.0625], "texture": "#0"},
				"west": {"uv": [8, 6.75, 8.0625, 6.8125], "texture": "#0"},
				"up": {"uv": [7.0625, 8.0625, 7, 8], "texture": "#0"},
				"down": {"uv": [8.0625, 7, 8, 7.0625], "texture": "#0"}
			}
		},
		{
			"name": "hexadecagon",
			"from": [7.95027, 0.95, 18],
			"to": [8.04973, 1.45, 18.8],
			"rotation": {"angle": -45, "axis": "z", "origin": [8, 1.2, 18.4]},
			"faces": {
				"north": {"uv": [6.75, 0, 6.8125, 0.125], "texture": "#0"},
				"east": {"uv": [0.75, 5.5, 0.9375, 5.625], "texture": "#0"},
				"south": {"uv": [0.25, 6.75, 0.3125, 6.875], "texture": "#0"},
				"west": {"uv": [5.5, 0.75, 5.6875, 0.875], "texture": "#0"},
				"up": {"uv": [5.0625, 6.1875, 5, 6], "texture": "#0"},
				"down": {"uv": [6.0625, 5, 6, 5.1875], "texture": "#0"}
			}
		},
		{
			"name": "hexadecagon",
			"from": [7.95027, 0.95, 18],
			"to": [8.04973, 1.45, 18.8],
			"rotation": {"angle": -22.5, "axis": "z", "origin": [8, 1.2, 18.4]},
			"faces": {
				"north": {"uv": [6.75, 0.25, 6.8125, 0.375], "texture": "#0"},
				"east": {"uv": [1, 5.5, 1.1875, 5.625], "texture": "#0"},
				"south": {"uv": [0.5, 6.75, 0.5625, 6.875], "texture": "#0"},
				"west": {"uv": [1.25, 5.5, 1.4375, 5.625], "texture": "#0"},
				"up": {"uv": [5.3125, 6.1875, 5.25, 6], "texture": "#0"},
				"down": {"uv": [6.0625, 5.25, 6, 5.4375], "texture": "#0"}
			}
		},
		{
			"name": "hexadecagon",
			"from": [7.95027, 0.95, 18],
			"to": [8.04973, 1.45, 18.8],
			"rotation": {"angle": 0, "axis": "z", "origin": [8, 1.2, 18.4]},
			"faces": {
				"north": {"uv": [6.75, 0.5, 6.8125, 0.625], "texture": "#0"},
				"east": {"uv": [1.5, 5.5, 1.6875, 5.625], "texture": "#0"},
				"south": {"uv": [0.75, 6.75, 0.8125, 6.875], "texture": "#0"},
				"west": {"uv": [5.5, 1.5, 5.6875, 1.625], "texture": "#0"},
				"up": {"uv": [5.5625, 6.1875, 5.5, 6], "texture": "#0"},
				"down": {"uv": [6.0625, 5.5, 6, 5.6875], "texture": "#0"}
			}
		},
		{
			"name": "hexadecagon",
			"from": [7.95027, 0.95, 18],
			"to": [8.04973, 1.45, 18.8],
			"rotation": {"angle": 22.5, "axis": "z", "origin": [8, 1.2, 18.4]},
			"faces": {
				"north": {"uv": [6.75, 0.75, 6.8125, 0.875], "texture": "#0"},
				"east": {"uv": [1.75, 5.5, 1.9375, 5.625], "texture": "#0"},
				"south": {"uv": [1, 6.75, 1.0625, 6.875], "texture": "#0"},
				"west": {"uv": [5.5, 1.75, 5.6875, 1.875], "texture": "#0"},
				"up": {"uv": [5.8125, 6.1875, 5.75, 6], "texture": "#0"},
				"down": {"uv": [6.0625, 5.75, 6, 5.9375], "texture": "#0"}
			}
		},
		{
			"name": "hexadecagon",
			"from": [7.95027, 0.95, 18],
			"to": [8.04973, 1.45, 18.8],
			"rotation": {"angle": 45, "axis": "z", "origin": [8, 1.2, 18.4]},
			"faces": {
				"north": {"uv": [6.75, 1, 6.8125, 1.125], "texture": "#0"},
				"east": {"uv": [2, 5.5, 2.1875, 5.625], "texture": "#0"},
				"south": {"uv": [1.25, 6.75, 1.3125, 6.875], "texture": "#0"},
				"west": {"uv": [5.5, 2, 5.6875, 2.125], "texture": "#0"},
				"up": {"uv": [6.0625, 6.1875, 6, 6], "texture": "#0"},
				"down": {"uv": [0.0625, 6.25, 0, 6.4375], "texture": "#0"}
			}
		},
		{
			"name": "hexadecagon",
			"from": [7.75, 1.15027, 18],
			"to": [8.25, 1.24973, 18.8],
			"rotation": {"angle": -22.5, "axis": "z", "origin": [8, 1.2, 18.4]},
			"faces": {
				"north": {"uv": [6.75, 1.25, 6.875, 1.3125], "texture": "#0"},
				"east": {"uv": [6.25, 0, 6.4375, 0.0625], "texture": "#0"},
				"south": {"uv": [1.5, 6.75, 1.625, 6.8125], "texture": "#0"},
				"west": {"uv": [0.25, 6.25, 0.4375, 6.3125], "texture": "#0"},
				"up": {"uv": [2.375, 5.6875, 2.25, 5.5], "texture": "#0"},
				"down": {"uv": [2.625, 5.5, 2.5, 5.6875], "texture": "#0"}
			}
		},
		{
			"name": "hexadecagon",
			"from": [7.75, 1.15027, 18],
			"to": [8.25, 1.24973, 18.8],
			"rotation": {"angle": 0, "axis": "z", "origin": [8, 1.2, 18.4]},
			"faces": {
				"north": {"uv": [6.75, 1.5, 6.875, 1.5625], "texture": "#0"},
				"east": {"uv": [6.25, 0.25, 6.4375, 0.3125], "texture": "#0"},
				"south": {"uv": [1.75, 6.75, 1.875, 6.8125], "texture": "#0"},
				"west": {"uv": [0.5, 6.25, 0.6875, 6.3125], "texture": "#0"},
				"up": {"uv": [5.625, 2.6875, 5.5, 2.5], "texture": "#0"},
				"down": {"uv": [2.875, 5.5, 2.75, 5.6875], "texture": "#0"}
			}
		},
		{
			"name": "hexadecagon",
			"from": [7.75, 1.15027, 18],
			"to": [8.25, 1.24973, 18.8],
			"rotation": {"angle": 22.5, "axis": "z", "origin": [8, 1.2, 18.4]},
			"faces": {
				"north": {"uv": [6.75, 1.75, 6.875, 1.8125], "texture": "#0"},
				"east": {"uv": [6.25, 0.5, 6.4375, 0.5625], "texture": "#0"},
				"south": {"uv": [2, 6.75, 2.125, 6.8125], "texture": "#0"},
				"west": {"uv": [0.75, 6.25, 0.9375, 6.3125], "texture": "#0"},
				"up": {"uv": [3.125, 5.6875, 3, 5.5], "texture": "#0"},
				"down": {"uv": [5.625, 3, 5.5, 3.1875], "texture": "#0"}
			}
		},
		{
			"name": "hexadecagon",
			"from": [7.92044, 0.7, 14.4],
			"to": [8.07956, 1.5, 17.1],
			"rotation": {"angle": -45, "axis": "z", "origin": [8, 1.1, 16.1]},
			"faces": {
				"north": {"uv": [6.25, 0.75, 6.3125, 0.9375], "texture": "#0"},
				"east": {"uv": [3.5, 3.25, 4.1875, 3.4375], "texture": "#0"},
				"south": {"uv": [1, 6.25, 1.0625, 6.4375], "texture": "#0"},
				"west": {"uv": [3.5, 3.5, 4.1875, 3.6875], "texture": "#0"},
				"up": {"uv": [0.5625, 5.4375, 0.5, 4.75], "texture": "#0"},
				"down": {"uv": [4.8125, 0.5, 4.75, 1.1875], "texture": "#0"}
			}
		},
		{
			"name": "hexadecagon",
			"from": [7.92044, 0.7, 14.4],
			"to": [8.07956, 1.5, 17.1],
			"rotation": {"angle": -22.5, "axis": "z", "origin": [8, 1.1, 16.1]},
			"faces": {
				"north": {"uv": [6.25, 1, 6.3125, 1.1875], "texture": "#0"},
				"east": {"uv": [3.75, 0, 4.4375, 0.1875], "texture": "#0"},
				"south": {"uv": [1.25, 6.25, 1.3125, 6.4375], "texture": "#0"},
				"west": {"uv": [3.75, 0.25, 4.4375, 0.4375], "texture": "#0"},
				"up": {"uv": [1.3125, 5.4375, 1.25, 4.75], "texture": "#0"},
				"down": {"uv": [4.8125, 1.25, 4.75, 1.9375], "texture": "#0"}
			}
		},
		{
			"name": "hexadecagon",
			"from": [7.92044, 0.7, 14.4],
			"to": [8.07956, 1.5, 17.1],
			"rotation": {"angle": 0, "axis": "z", "origin": [8, 1.1, 16.1]},
			"faces": {
				"north": {"uv": [6.25, 1.25, 6.3125, 1.4375], "texture": "#0"},
				"east": {"uv": [3.75, 0.5, 4.4375, 0.6875], "texture": "#0"},
				"south": {"uv": [1.5, 6.25, 1.5625, 6.4375], "texture": "#0"},
				"west": {"uv": [3.75, 1, 4.4375, 1.1875], "texture": "#0"},
				"up": {"uv": [1.5625, 5.4375, 1.5, 4.75], "texture": "#0"},
				"down": {"uv": [2.5625, 4.75, 2.5, 5.4375], "texture": "#0"}
			}
		},
		{
			"name": "hexadecagon",
			"from": [7.92044, 0.7, 14.4],
			"to": [8.07956, 1.5, 17.1],
			"rotation": {"angle": 22.5, "axis": "z", "origin": [8, 1.1, 16.1]},
			"faces": {
				"north": {"uv": [6.25, 1.5, 6.3125, 1.6875], "texture": "#0"},
				"east": {"uv": [3.75, 1.25, 4.4375, 1.4375], "texture": "#0"},
				"south": {"uv": [1.75, 6.25, 1.8125, 6.4375], "texture": "#0"},
				"west": {"uv": [3.75, 1.5, 4.4375, 1.6875], "texture": "#0"},
				"up": {"uv": [2.8125, 5.4375, 2.75, 4.75], "texture": "#0"},
				"down": {"uv": [3.0625, 4.75, 3, 5.4375], "texture": "#0"}
			}
		},
		{
			"name": "hexadecagon",
			"from": [7.92044, 0.7, 14.4],
			"to": [8.07956, 1.5, 17.1],
			"rotation": {"angle": 45, "axis": "z", "origin": [8, 1.1, 16.1]},
			"faces": {
				"north": {"uv": [6.25, 1.75, 6.3125, 1.9375], "texture": "#0"},
				"east": {"uv": [3.75, 1.75, 4.4375, 1.9375], "texture": "#0"},
				"south": {"uv": [2, 6.25, 2.0625, 6.4375], "texture": "#0"},
				"west": {"uv": [3.75, 2, 4.4375, 2.1875], "texture": "#0"},
				"up": {"uv": [3.3125, 5.4375, 3.25, 4.75], "texture": "#0"},
				"down": {"uv": [4.8125, 4, 4.75, 4.6875], "texture": "#0"}
			}
		},
		{
			"name": "hexadecagon",
			"from": [7.6, 1.02044, 14.4],
			"to": [8.4, 1.17956, 17.1],
			"rotation": {"angle": -22.5, "axis": "z", "origin": [8, 1.1, 16.1]},
			"faces": {
				"north": {"uv": [6.25, 2, 6.4375, 2.0625], "texture": "#0"},
				"east": {"uv": [4.75, 2, 5.4375, 2.0625], "texture": "#0"},
				"south": {"uv": [2.25, 6.25, 2.4375, 6.3125], "texture": "#0"},
				"west": {"uv": [4.75, 3.25, 5.4375, 3.3125], "texture": "#0"},
				"up": {"uv": [2.9375, 4.1875, 2.75, 3.5], "texture": "#0"},
				"down": {"uv": [1.9375, 3.75, 1.75, 4.4375], "texture": "#0"}
			}
		},
		{
			"name": "hexadecagon",
			"from": [7.6, 1.02044, 14.4],
			"to": [8.4, 1.17956, 17.1],
			"rotation": {"angle": 0, "axis": "z", "origin": [8, 1.1, 16.1]},
			"faces": {
				"north": {"uv": [6.25, 2.25, 6.4375, 2.3125], "texture": "#0"},
				"east": {"uv": [4.75, 3.5, 5.4375, 3.5625], "texture": "#0"},
				"south": {"uv": [2.5, 6.25, 2.6875, 6.3125], "texture": "#0"},
				"west": {"uv": [4.25, 4.75, 4.9375, 4.8125], "texture": "#0"},
				"up": {"uv": [2.1875, 4.4375, 2, 3.75], "texture": "#0"},
				"down": {"uv": [3.9375, 2.25, 3.75, 2.9375], "texture": "#0"}
			}
		},
		{
			"name": "hexadecagon",
			"from": [7.6, 1.02044, 14.4],
			"to": [8.4, 1.17956, 17.1],
			"rotation": {"angle": 22.5, "axis": "z", "origin": [8, 1.1, 16.1]},
			"faces": {
				"north": {"uv": [6.25, 2.5, 6.4375, 2.5625], "texture": "#0"},
				"east": {"uv": [5, 0, 5.6875, 0.0625], "texture": "#0"},
				"south": {"uv": [2.75, 6.25, 2.9375, 6.3125], "texture": "#0"},
				"west": {"uv": [5, 0.25, 5.6875, 0.3125], "texture": "#0"},
				"up": {"uv": [3.4375, 4.4375, 3.25, 3.75], "texture": "#0"},
				"down": {"uv": [3.6875, 3.75, 3.5, 4.4375], "texture": "#0"}
			}
		}
	],
	"display": {
		"thirdperson_righthand": {
			"translation": [0, 8.5, -10.25]
		},
		"thirdperson_lefthand": {
			"translation": [0, 8.5, -10.25]
		},
		"firstperson_righthand": {
			"translation": [5.75, 14.5, -25],
			"scale": [2, 2, 2]
		},
		"firstperson_lefthand": {
			"rotation": [-2, 0, 0],
			"translation": [-9, 14, -2]
		},
		"ground": {
			"rotation": [0, 0, 90],
			"translation": [-7.25, 0, -8.5]
		},
		"gui": {
			"rotation": [63, 47, -64],
			"translation": [-0.5, 9, 0],
			"scale": [0.8, 0.8, 0.8]
		}
	},
	"groups": [
		0,
		1,
		2,
		3,
		4,
		5,
		6,
		7,
		8,
		9,
		10,
		11,
		12,
		13,
		14,
		15,
		16,
		17,
		18,
		19,
		20,
		21,
		22,
		23,
		24,
		25,
		26,
		27,
		28,
		29,
		30,
		31,
		32,
		33,
		34,
		35,
		36,
		37,
		38,
		39,
		40,
		41,
		42,
		43,
		44,
		45,
		46,
		47,
		48,
		49,
		50,
		51,
		52,
		53,
		54,
		55,
		56,
		57,
		58,
		59,
		60,
		61,
		62,
		63,
		64,
		65,
		66,
		67,
		68,
		69,
		70,
		71,
		72,
		73,
		74,
		{
			"name": "hexadecagon",
			"origin": [8, 8, 8],
			"color": 0,
			"children": [75, 76, 77, 78, 79, 80, 81, 82]
		},
		{
			"name": "hexadecagon",
			"origin": [8, 8, 8],
			"color": 0,
			"children": [83, 84, 85, 86, 87, 88, 89, 90]
		},
		{
			"name": "hexadecagon",
			"origin": [8, 8, 8],
			"color": 0,
			"children": [91, 92, 93, 94, 95, 96, 97, 98]
		},
		{
			"name": "hexadecagon",
			"origin": [8, 8, 8],
			"color": 0,
			"children": [99, 100, 101, 102, 103, 104, 105, 106, 107]
		},
		{
			"name": "hexadecagon",
			"origin": [8, 8, 8],
			"color": 0,
			"children": [108, 109, 110, 111, 112, 113, 114, 115]
		},
		{
			"name": "hexadecagon",
			"origin": [8, 8, 8],
			"color": 0,
			"children": [116, 117, 118, 119, 120, 121, 122, 123]
		}
	]
}