{
	"credit": "Made with Blockbench",
	"texture_size": [32, 32],
	"textures": {
		"0": "items/korob2",
		"1": "items/korob22",
		"particle": "items/korob2"
	},
	"elements": [
		{
			"from": [7.32683, 7.04774, 6.51884],
			"to": [9.22683, 8.44774, 6.71884],
			"rotation": {"angle": 0, "axis": "y", "origin": [6.52683, 6.84774, 6.01884]},
			"faces": {
				"north": {"uv": [0, 0, 16, 12.92754], "texture": "#1"},
				"east": {"uv": [7.65942, 9.61594, 7.78442, 10.36594], "texture": "#1"},
				"south": {"uv": [2, 0, 3, 0.75], "texture": "#0"},
				"west": {"uv": [6.82609, 7.64493, 6.95109, 8.39493], "texture": "#1"},
				"up": {"uv": [8.5, 9.125, 7.5, 9], "texture": "#1"},
				"down": {"uv": [10, 7.5, 9, 7.625], "texture": "#0"}
			}
		},
		{
			"from": [6.02683, 8.54774, 6.51884],
			"to": [6.72683, 8.64774, 8.51884],
			"rotation": {"angle": -22.5, "axis": "z", "origin": [6.52683, 6.84774, 6.01884]},
			"faces": {
				"north": {"uv": [3.5, 2.5, 3.875, 2.625], "texture": "#1"},
				"east": {"uv": [9, 6.5, 10, 6.625], "texture": "#0"},
				"south": {"uv": [9.03623, 4.96377, 9.41123, 5.08877], "texture": "#1"},
				"west": {"uv": [9, 7.81159, 10, 7.93659], "texture": "#1"},
				"up": {"uv": [3.375, 2, 3, 1], "texture": "#1"},
				"down": {"uv": [2.375, 3, 2, 4], "texture": "#1"}
			}
		},
		{
			"from": [9.77317, 8.34774, 6.51884],
			"to": [10.47317, 8.44774, 8.51884],
			"rotation": {"angle": 22.5, "axis": "z", "origin": [9.47317, 6.84774, 6.01884]},
			"faces": {
				"north": {"uv": [1.5, 13, 1.875, 13.125], "texture": "#1"},
				"east": {"uv": [9.5, 0.5, 10.5, 0.625], "texture": "#1"},
				"south": {"uv": [13, 1.5, 13.375, 1.625], "texture": "#1"},
				"west": {"uv": [9.5, 1, 10.5, 1.125], "texture": "#0"},
				"up": {"uv": [3.375, 3, 3, 2], "texture": "#1"},
				"down": {"uv": [2.875, 3, 2.5, 4], "texture": "#1"}
			}
		},
		{
			"from": [7.32683, 7.04774, 6.71884],
			"to": [7.52683, 8.44774, 8.31884],
			"rotation": {"angle": 0, "axis": "y", "origin": [6.52683, 6.84774, 6.01884]},
			"faces": {
				"north": {"uv": [4.5, 9.5, 4.625, 10.25], "texture": "#0"},
				"east": {"uv": [3, 0, 3.75, 0.75], "texture": "#0"},
				"south": {"uv": [5, 9.5, 5.125, 10.25], "texture": "#0"},
				"west": {"uv": [1, 3, 1.75, 3.75], "texture": "#1"},
				"up": {"uv": [6.20471, 8.62681, 6.07971, 7.87681], "texture": "#1"},
				"down": {"uv": [6.125, 9.5, 6, 10.25], "texture": "#0"}
			}
		},
		{
			"from": [7.32683, 7.24774, 8.81884],
			"to": [9.22683, 7.34774, 10.01884],
			"rotation": {"angle": -22.5, "axis": "x", "origin": [7.02683, 6.84774, 6.01884]},
			"faces": {
				"north": {"uv": [9, 6, 10, 6.125], "texture": "#0"},
				"east": {"uv": [0.5, 13, 1.125, 13.125], "texture": "#1"},
				"south": {"uv": [7.60145, 9.46377, 8.60145, 9.58877], "texture": "#1"},
				"west": {"uv": [13, 1, 13.625, 1.125], "texture": "#1"},
				"up": {"uv": [2, 2.625, 1, 2], "texture": "#1"},
				"down": {"uv": [3, 1, 2, 1.625], "texture": "#1"}
			}
		},
		{
			"from": [7.32683, 7.35536, 9.95711],
			"to": [9.22683, 7.85536, 10.05711],
			"rotation": {"angle": -22.5, "axis": "x", "origin": [6.52683, 6.75536, 6.05711]},
			"faces": {
				"north": {"uv": [3, 3, 4, 3.25], "texture": "#1"},
				"east": {"uv": [2, 13, 2.125, 13.25], "texture": "#1"},
				"south": {"uv": [3.5, 1, 4.5, 1.25], "texture": "#1"},
				"west": {"uv": [13, 2, 13.125, 2.25], "texture": "#1"},
				"up": {"uv": [6.71449, 8.36558, 5.71449, 8.24058], "texture": "#1"},
				"down": {"uv": [10, 5.5, 9, 5.625], "texture": "#0"}
			}
		},
		{
			"from": [7.32683, 7.04774, 8.31884],
			"to": [9.22683, 8.44774, 8.51884],
			"rotation": {"angle": 0, "axis": "y", "origin": [6.52683, 6.84774, 6.01884]},
			"faces": {
				"north": {"uv": [1, 0, 2, 0.75], "texture": "#0"},
				"east": {"uv": [8.97826, 4.8913, 9.10326, 5.6413], "texture": "#1"},
				"south": {"uv": [1, 1, 2, 1.75], "texture": "#1"},
				"west": {"uv": [5.44928, 8.57246, 5.57428, 9.32246], "texture": "#1"},
				"up": {"uv": [6.76377, 8.48732, 5.76377, 8.36232], "texture": "#1"},
				"down": {"uv": [10, 5, 9, 5.125], "texture": "#0"}
			}
		},
		{
			"from": [7.32683, 6.84774, 6.51884],
			"to": [9.22683, 7.04774, 8.51884],
			"rotation": {"angle": 0, "axis": "y", "origin": [6.52683, 6.84774, 6.01884]},
			"faces": {
				"north": {"uv": [0, 12.86957, 16, 16], "texture": "#1"},
				"east": {"uv": [7.74638, 9.63768, 8.74638, 9.76268], "texture": "#1"},
				"south": {"uv": [9.28986, 8.21014, 10.28986, 8.33514], "texture": "#1"},
				"west": {"uv": [9.5, 0, 10.5, 0.125], "texture": "#1"},
				"up": {"uv": [1, 1, 0, 0], "texture": "#0"},
				"down": {"uv": [2.44928, 1.4058, 1.44928, 2.4058], "texture": "#1"}
			}
		},
		{
			"from": [9.02683, 7.04774, 6.71884],
			"to": [9.22683, 8.44774, 8.31884],
			"rotation": {"angle": 0, "axis": "y", "origin": [6.52683, 6.84774, 6.01884]},
			"faces": {
				"north": {"uv": [9.5, 1.5, 9.625, 2.25], "texture": "#0"},
				"east": {"uv": [2, 2, 2.75, 2.75], "texture": "#1"},
				"south": {"uv": [9.5, 2.5, 9.625, 3.25], "texture": "#0"},
				"west": {"uv": [0, 3, 0.75, 3.75], "texture": "#0"},
				"up": {"uv": [3.125, 10.25, 3, 9.5], "texture": "#0"},
				"down": {"uv": [3.625, 9.5, 3.5, 10.25], "texture": "#0"}
			}
		},
		{
			"name": "hexadecagon",
			"from": [8.65027, 8.3, 7.85],
			"to": [8.94973, 8.4, 8.15],
			"rotation": {"angle": 0, "axis": "y", "origin": [8.3, 8, 8]},
			"faces": {
				"north": {"uv": [11.5, 10, 11.625, 10.75], "texture": "#0"},
				"east": {"uv": [7.5, 2, 7.75, 2.75], "texture": "#0"},
				"south": {"uv": [11.5, 11, 11.625, 11.75], "texture": "#0"},
				"west": {"uv": [3, 7.5, 3.25, 8.25], "texture": "#0"},
				"up": {"uv": [2.125, 14.25, 2, 14], "texture": "#0"},
				"down": {"uv": [14.125, 2, 14, 2.25], "texture": "#0"}
			}
		},
		{
			"name": "hexadecagon",
			"from": [8.75027, 7, 7.75],
			"to": [8.84973, 8.5, 7.85],
			"rotation": {"angle": -45, "axis": "y", "origin": [8.8, 8, 8]},
			"faces": {
				"north": {"uv": [0, 13, 0.125, 13.75], "texture": "#0"},
				"east": {"uv": [9, 3, 9.25, 3.75], "texture": "#0"},
				"south": {"uv": [13, 0, 13.125, 0.75], "texture": "#0"},
				"west": {"uv": [9, 4, 9.25, 4.75], "texture": "#0"},
				"up": {"uv": [14.625, 0.75, 14.5, 0.5], "texture": "#0"},
				"down": {"uv": [1.125, 14.5, 1, 14.75], "texture": "#0"}
			}
		},
		{
			"name": "hexadecagon",
			"from": [8.75027, 7, 7.75],
			"to": [8.84973, 8.5, 7.85],
			"rotation": {"angle": -22.5, "axis": "y", "origin": [8.8, 8, 8]},
			"faces": {
				"north": {"uv": [12.5, 11, 12.625, 11.75], "texture": "#0"},
				"east": {"uv": [9, 2, 9.25, 2.75], "texture": "#0"},
				"south": {"uv": [12.5, 12, 12.625, 12.75], "texture": "#0"},
				"west": {"uv": [2.5, 9, 2.75, 9.75], "texture": "#0"},
				"up": {"uv": [14.625, 0.25, 14.5, 0], "texture": "#0"},
				"down": {"uv": [0.625, 14.5, 0.5, 14.75], "texture": "#0"}
			}
		},
		{
			"name": "hexadecagon",
			"from": [8.75027, 7, 7.75],
			"to": [8.84973, 8.5, 7.85],
			"rotation": {"angle": 0, "axis": "y", "origin": [8.8, 8, 8]},
			"faces": {
				"north": {"uv": [10, 12.5, 10.125, 13.25], "texture": "#0"},
				"east": {"uv": [1.5, 9, 1.75, 9.75], "texture": "#0"},
				"south": {"uv": [12.5, 10, 12.625, 10.75], "texture": "#0"},
				"west": {"uv": [2, 9, 2.25, 9.75], "texture": "#0"},
				"up": {"uv": [14.125, 14.25, 14, 14], "texture": "#0"},
				"down": {"uv": [0.125, 14.5, 0, 14.75], "texture": "#0"}
			}
		},
		{
			"name": "hexadecagon",
			"from": [8.75027, 7, 7.75],
			"to": [8.84973, 8.5, 7.85],
			"rotation": {"angle": 22.5, "axis": "y", "origin": [8.8, 8, 8]},
			"faces": {
				"north": {"uv": [9, 12.5, 9.125, 13.25], "texture": "#0"},
				"east": {"uv": [1, 9, 1.25, 9.75], "texture": "#0"},
				"south": {"uv": [12.5, 9, 12.625, 9.75], "texture": "#0"},
				"west": {"uv": [9, 1, 9.25, 1.75], "texture": "#0"},
				"up": {"uv": [13.625, 14.25, 13.5, 14], "texture": "#0"},
				"down": {"uv": [14.125, 13.5, 14, 13.75], "texture": "#0"}
			}
		},
		{
			"name": "hexadecagon",
			"from": [8.75027, 7, 8.15],
			"to": [8.84973, 8.5, 8.25],
			"rotation": {"angle": 45, "axis": "y", "origin": [8.8, 8, 8]},
			"faces": {
				"north": {"uv": [12.5, 8, 12.625, 8.75], "texture": "#0"},
				"east": {"uv": [9, 0, 9.25, 0.75], "texture": "#0"},
				"south": {"uv": [8.5, 12.5, 8.625, 13.25], "texture": "#0"},
				"west": {"uv": [0.5, 9, 0.75, 9.75], "texture": "#0"},
				"up": {"uv": [13.125, 14.25, 13, 14], "texture": "#0"},
				"down": {"uv": [14.125, 13, 14, 13.25], "texture": "#0"}
			}
		},
		{
			"name": "hexadecagon",
			"from": [8.95, 7, 7.95027],
			"to": [9.05, 8.5, 8.04973],
			"rotation": {"angle": -22.5, "axis": "y", "origin": [8.8, 8, 8]},
			"faces": {
				"north": {"uv": [8.5, 8, 8.75, 8.75], "texture": "#0"},
				"east": {"uv": [7.5, 12.5, 7.625, 13.25], "texture": "#0"},
				"south": {"uv": [0, 9, 0.25, 9.75], "texture": "#0"},
				"west": {"uv": [8, 12.5, 8.125, 13.25], "texture": "#0"},
				"up": {"uv": [12.75, 14.125, 12.5, 14], "texture": "#0"},
				"down": {"uv": [14.25, 12.5, 14, 12.625], "texture": "#0"}
			}
		},
		{
			"name": "hexadecagon",
			"from": [8.95, 7, 7.95027],
			"to": [9.05, 8.5, 8.04973],
			"rotation": {"angle": 0, "axis": "y", "origin": [8.8, 8, 8]},
			"faces": {
				"north": {"uv": [8.5, 6, 8.75, 6.75], "texture": "#0"},
				"east": {"uv": [7, 12.5, 7.125, 13.25], "texture": "#0"},
				"south": {"uv": [8.5, 7, 8.75, 7.75], "texture": "#0"},
				"west": {"uv": [12.5, 7, 12.625, 7.75], "texture": "#0"},
				"up": {"uv": [12.25, 14.125, 12, 14], "texture": "#0"},
				"down": {"uv": [14.25, 12, 14, 12.125], "texture": "#0"}
			}
		},
		{
			"name": "hexadecagon",
			"from": [8.95, 7, 7.95027],
			"to": [9.05, 8.5, 8.04973],
			"rotation": {"angle": 22.5, "axis": "y", "origin": [8.8, 8, 8]},
			"faces": {
				"north": {"uv": [8.5, 4, 8.75, 4.75], "texture": "#0"},
				"east": {"uv": [12.5, 6, 12.625, 6.75], "texture": "#0"},
				"south": {"uv": [8.5, 5, 8.75, 5.75], "texture": "#0"},
				"west": {"uv": [6.5, 12.5, 6.625, 13.25], "texture": "#0"},
				"up": {"uv": [11.75, 14.125, 11.5, 14], "texture": "#0"},
				"down": {"uv": [14.25, 11.5, 14, 11.625], "texture": "#0"}
			}
		},
		{
			"name": "hexadecagon",
			"from": [8.75027, 7, 8.15],
			"to": [8.84973, 8.5, 8.25],
			"rotation": {"angle": 0, "axis": "y", "origin": [8.8, 8, 8]},
			"faces": {
				"north": {"uv": [10, 12.5, 10.125, 13.25], "texture": "#0"},
				"east": {"uv": [1.5, 9, 1.75, 9.75], "texture": "#0"},
				"south": {"uv": [12.5, 10, 12.625, 10.75], "texture": "#0"},
				"west": {"uv": [2, 9, 2.25, 9.75], "texture": "#0"},
				"up": {"uv": [14.125, 14.25, 14, 14], "texture": "#0"},
				"down": {"uv": [0.125, 14.5, 0, 14.75], "texture": "#0"}
			}
		},
		{
			"name": "hexadecagon",
			"from": [8.75027, 7, 8.15],
			"to": [8.84973, 8.5, 8.25],
			"rotation": {"angle": 22.5, "axis": "y", "origin": [8.8, 8, 8]},
			"faces": {
				"north": {"uv": [9, 12.5, 9.125, 13.25], "texture": "#0"},
				"east": {"uv": [1, 9, 1.25, 9.75], "texture": "#0"},
				"south": {"uv": [12.5, 9, 12.625, 9.75], "texture": "#0"},
				"west": {"uv": [9, 1, 9.25, 1.75], "texture": "#0"},
				"up": {"uv": [13.625, 14.25, 13.5, 14], "texture": "#0"},
				"down": {"uv": [14.125, 13.5, 14, 13.75], "texture": "#0"}
			}
		},
		{
			"name": "hexadecagon",
			"from": [8.75027, 7, 8.15],
			"to": [8.84973, 8.5, 8.25],
			"rotation": {"angle": -22.5, "axis": "y", "origin": [8.8, 8, 8]},
			"faces": {
				"north": {"uv": [12.5, 11, 12.625, 11.75], "texture": "#0"},
				"east": {"uv": [9, 2, 9.25, 2.75], "texture": "#0"},
				"south": {"uv": [12.5, 12, 12.625, 12.75], "texture": "#0"},
				"west": {"uv": [2.5, 9, 2.75, 9.75], "texture": "#0"},
				"up": {"uv": [14.625, 0.25, 14.5, 0], "texture": "#0"},
				"down": {"uv": [0.625, 14.5, 0.5, 14.75], "texture": "#0"}
			}
		},
		{
			"name": "hexadecagon",
			"from": [8.75027, 7, 8.15],
			"to": [8.84973, 8.5, 8.25],
			"rotation": {"angle": -45, "axis": "y", "origin": [8.8, 8, 8]},
			"faces": {
				"north": {"uv": [0, 13, 0.125, 13.75], "texture": "#0"},
				"east": {"uv": [9, 3, 9.25, 3.75], "texture": "#0"},
				"south": {"uv": [13, 0, 13.125, 0.75], "texture": "#0"},
				"west": {"uv": [9, 4, 9.25, 4.75], "texture": "#0"},
				"up": {"uv": [14.625, 0.75, 14.5, 0.5], "texture": "#0"},
				"down": {"uv": [1.125, 14.5, 1, 14.75], "texture": "#0"}
			}
		},
		{
			"name": "hexadecagon",
			"from": [8.55, 7, 7.95027],
			"to": [8.65, 8.5, 8.04973],
			"rotation": {"angle": 22.5, "axis": "y", "origin": [8.8, 8, 8]},
			"faces": {
				"north": {"uv": [8.5, 4, 8.75, 4.75], "texture": "#0"},
				"east": {"uv": [12.5, 6, 12.625, 6.75], "texture": "#0"},
				"south": {"uv": [8.5, 5, 8.75, 5.75], "texture": "#0"},
				"west": {"uv": [6.5, 12.5, 6.625, 13.25], "texture": "#0"},
				"up": {"uv": [11.75, 14.125, 11.5, 14], "texture": "#0"},
				"down": {"uv": [14.25, 11.5, 14, 11.625], "texture": "#0"}
			}
		},
		{
			"name": "hexadecagon",
			"from": [8.55, 7, 7.95027],
			"to": [8.65, 8.5, 8.04973],
			"rotation": {"angle": 0, "axis": "y", "origin": [8.8, 8, 8]},
			"faces": {
				"north": {"uv": [8.5, 6, 8.75, 6.75], "texture": "#0"},
				"east": {"uv": [7, 12.5, 7.125, 13.25], "texture": "#0"},
				"south": {"uv": [8.5, 7, 8.75, 7.75], "texture": "#0"},
				"west": {"uv": [12.5, 7, 12.625, 7.75], "texture": "#0"},
				"up": {"uv": [12.25, 14.125, 12, 14], "texture": "#0"},
				"down": {"uv": [14.25, 12, 14, 12.125], "texture": "#0"}
			}
		},
		{
			"name": "hexadecagon",
			"from": [8.55, 7, 7.95027],
			"to": [8.65, 8.5, 8.04973],
			"rotation": {"angle": -22.5, "axis": "y", "origin": [8.8, 8, 8]},
			"faces": {
				"north": {"uv": [8.5, 8, 8.75, 8.75], "texture": "#0"},
				"east": {"uv": [7.5, 12.5, 7.625, 13.25], "texture": "#0"},
				"south": {"uv": [0, 9, 0.25, 9.75], "texture": "#0"},
				"west": {"uv": [8, 12.5, 8.125, 13.25], "texture": "#0"},
				"up": {"uv": [12.75, 14.125, 12.5, 14], "texture": "#0"},
				"down": {"uv": [14.25, 12.5, 14, 12.625], "texture": "#0"}
			}
		},
		{
			"name": "hexadecagon",
			"from": [8.75027, 7, 7.75],
			"to": [8.84973, 8.5, 7.85],
			"rotation": {"angle": 45, "axis": "y", "origin": [8.8, 8, 8]},
			"faces": {
				"north": {"uv": [12.5, 8, 12.625, 8.75], "texture": "#0"},
				"east": {"uv": [9, 0, 9.25, 0.75], "texture": "#0"},
				"south": {"uv": [8.5, 12.5, 8.625, 13.25], "texture": "#0"},
				"west": {"uv": [0.5, 9, 0.75, 9.75], "texture": "#0"},
				"up": {"uv": [13.125, 14.25, 13, 14], "texture": "#0"},
				"down": {"uv": [14.125, 13, 14, 13.25], "texture": "#0"}
			}
		},
		{
			"name": "hexadecagon",
			"from": [8.15027, 8.3, 7.85],
			"to": [8.44973, 8.4, 8.15],
			"rotation": {"angle": 0, "axis": "y", "origin": [7.8, 8, 8]},
			"faces": {
				"north": {"uv": [11.5, 10, 11.625, 10.75], "texture": "#0"},
				"east": {"uv": [7.5, 2, 7.75, 2.75], "texture": "#0"},
				"south": {"uv": [11.5, 11, 11.625, 11.75], "texture": "#0"},
				"west": {"uv": [3, 7.5, 3.25, 8.25], "texture": "#0"},
				"up": {"uv": [2.125, 14.25, 2, 14], "texture": "#0"},
				"down": {"uv": [14.125, 2, 14, 2.25], "texture": "#0"}
			}
		},
		{
			"name": "hexadecagon",
			"from": [8.25027, 7, 7.75],
			"to": [8.34973, 8.5, 7.85],
			"rotation": {"angle": -45, "axis": "y", "origin": [8.3, 8, 8]},
			"faces": {
				"north": {"uv": [0, 13, 0.125, 13.75], "texture": "#0"},
				"east": {"uv": [9, 3, 9.25, 3.75], "texture": "#0"},
				"south": {"uv": [13, 0, 13.125, 0.75], "texture": "#0"},
				"west": {"uv": [9, 4, 9.25, 4.75], "texture": "#0"},
				"up": {"uv": [14.625, 0.75, 14.5, 0.5], "texture": "#0"},
				"down": {"uv": [1.125, 14.5, 1, 14.75], "texture": "#0"}
			}
		},
		{
			"name": "hexadecagon",
			"from": [8.25027, 7, 7.75],
			"to": [8.34973, 8.5, 7.85],
			"rotation": {"angle": -22.5, "axis": "y", "origin": [8.3, 8, 8]},
			"faces": {
				"north": {"uv": [12.5, 11, 12.625, 11.75], "texture": "#0"},
				"east": {"uv": [9, 2, 9.25, 2.75], "texture": "#0"},
				"south": {"uv": [12.5, 12, 12.625, 12.75], "texture": "#0"},
				"west": {"uv": [2.5, 9, 2.75, 9.75], "texture": "#0"},
				"up": {"uv": [14.625, 0.25, 14.5, 0], "texture": "#0"},
				"down": {"uv": [0.625, 14.5, 0.5, 14.75], "texture": "#0"}
			}
		},
		{
			"name": "hexadecagon",
			"from": [8.25027, 7, 7.75],
			"to": [8.34973, 8.5, 7.85],
			"rotation": {"angle": 0, "axis": "y", "origin": [8.3, 8, 8]},
			"faces": {
				"north": {"uv": [10, 12.5, 10.125, 13.25], "texture": "#0"},
				"east": {"uv": [1.5, 9, 1.75, 9.75], "texture": "#0"},
				"south": {"uv": [12.5, 10, 12.625, 10.75], "texture": "#0"},
				"west": {"uv": [2, 9, 2.25, 9.75], "texture": "#0"},
				"up": {"uv": [14.125, 14.25, 14, 14], "texture": "#0"},
				"down": {"uv": [0.125, 14.5, 0, 14.75], "texture": "#0"}
			}
		},
		{
			"name": "hexadecagon",
			"from": [8.25027, 7, 7.75],
			"to": [8.34973, 8.5, 7.85],
			"rotation": {"angle": 22.5, "axis": "y", "origin": [8.3, 8, 8]},
			"faces": {
				"north": {"uv": [9, 12.5, 9.125, 13.25], "texture": "#0"},
				"east": {"uv": [1, 9, 1.25, 9.75], "texture": "#0"},
				"south": {"uv": [12.5, 9, 12.625, 9.75], "texture": "#0"},
				"west": {"uv": [9, 1, 9.25, 1.75], "texture": "#0"},
				"up": {"uv": [13.625, 14.25, 13.5, 14], "texture": "#0"},
				"down": {"uv": [14.125, 13.5, 14, 13.75], "texture": "#0"}
			}
		},
		{
			"name": "hexadecagon",
			"from": [8.25027, 7, 8.15],
			"to": [8.34973, 8.5, 8.25],
			"rotation": {"angle": 45, "axis": "y", "origin": [8.3, 8, 8]},
			"faces": {
				"north": {"uv": [12.5, 8, 12.625, 8.75], "texture": "#0"},
				"east": {"uv": [9, 0, 9.25, 0.75], "texture": "#0"},
				"south": {"uv": [8.5, 12.5, 8.625, 13.25], "texture": "#0"},
				"west": {"uv": [0.5, 9, 0.75, 9.75], "texture": "#0"},
				"up": {"uv": [13.125, 14.25, 13, 14], "texture": "#0"},
				"down": {"uv": [14.125, 13, 14, 13.25], "texture": "#0"}
			}
		},
		{
			"name": "hexadecagon",
			"from": [8.45, 7, 7.95027],
			"to": [8.55, 8.5, 8.04973],
			"rotation": {"angle": -22.5, "axis": "y", "origin": [8.3, 8, 8]},
			"faces": {
				"north": {"uv": [8.5, 8, 8.75, 8.75], "texture": "#0"},
				"east": {"uv": [7.5, 12.5, 7.625, 13.25], "texture": "#0"},
				"south": {"uv": [0, 9, 0.25, 9.75], "texture": "#0"},
				"west": {"uv": [8, 12.5, 8.125, 13.25], "texture": "#0"},
				"up": {"uv": [12.75, 14.125, 12.5, 14], "texture": "#0"},
				"down": {"uv": [14.25, 12.5, 14, 12.625], "texture": "#0"}
			}
		},
		{
			"name": "hexadecagon",
			"from": [8.45, 7, 7.95027],
			"to": [8.55, 8.5, 8.04973],
			"rotation": {"angle": 0, "axis": "y", "origin": [8.3, 8, 8]},
			"faces": {
				"north": {"uv": [8.5, 6, 8.75, 6.75], "texture": "#0"},
				"east": {"uv": [7, 12.5, 7.125, 13.25], "texture": "#0"},
				"south": {"uv": [8.5, 7, 8.75, 7.75], "texture": "#0"},
				"west": {"uv": [12.5, 7, 12.625, 7.75], "texture": "#0"},
				"up": {"uv": [12.25, 14.125, 12, 14], "texture": "#0"},
				"down": {"uv": [14.25, 12, 14, 12.125], "texture": "#0"}
			}
		},
		{
			"name": "hexadecagon",
			"from": [8.45, 7, 7.95027],
			"to": [8.55, 8.5, 8.04973],
			"rotation": {"angle": 22.5, "axis": "y", "origin": [8.3, 8, 8]},
			"faces": {
				"north": {"uv": [8.5, 4, 8.75, 4.75], "texture": "#0"},
				"east": {"uv": [12.5, 6, 12.625, 6.75], "texture": "#0"},
				"south": {"uv": [8.5, 5, 8.75, 5.75], "texture": "#0"},
				"west": {"uv": [6.5, 12.5, 6.625, 13.25], "texture": "#0"},
				"up": {"uv": [11.75, 14.125, 11.5, 14], "texture": "#0"},
				"down": {"uv": [14.25, 11.5, 14, 11.625], "texture": "#0"}
			}
		},
		{
			"name": "hexadecagon",
			"from": [8.25027, 7, 8.15],
			"to": [8.34973, 8.5, 8.25],
			"rotation": {"angle": 0, "axis": "y", "origin": [8.3, 8, 8]},
			"faces": {
				"north": {"uv": [10, 12.5, 10.125, 13.25], "texture": "#0"},
				"east": {"uv": [1.5, 9, 1.75, 9.75], "texture": "#0"},
				"south": {"uv": [12.5, 10, 12.625, 10.75], "texture": "#0"},
				"west": {"uv": [2, 9, 2.25, 9.75], "texture": "#0"},
				"up": {"uv": [14.125, 14.25, 14, 14], "texture": "#0"},
				"down": {"uv": [0.125, 14.5, 0, 14.75], "texture": "#0"}
			}
		},
		{
			"name": "hexadecagon",
			"from": [8.25027, 7, 8.15],
			"to": [8.34973, 8.5, 8.25],
			"rotation": {"angle": 22.5, "axis": "y", "origin": [8.3, 8, 8]},
			"faces": {
				"north": {"uv": [9, 12.5, 9.125, 13.25], "texture": "#0"},
				"east": {"uv": [1, 9, 1.25, 9.75], "texture": "#0"},
				"south": {"uv": [12.5, 9, 12.625, 9.75], "texture": "#0"},
				"west": {"uv": [9, 1, 9.25, 1.75], "texture": "#0"},
				"up": {"uv": [13.625, 14.25, 13.5, 14], "texture": "#0"},
				"down": {"uv": [14.125, 13.5, 14, 13.75], "texture": "#0"}
			}
		},
		{
			"name": "hexadecagon",
			"from": [8.25027, 7, 8.15],
			"to": [8.34973, 8.5, 8.25],
			"rotation": {"angle": -22.5, "axis": "y", "origin": [8.3, 8, 8]},
			"faces": {
				"north": {"uv": [12.5, 11, 12.625, 11.75], "texture": "#0"},
				"east": {"uv": [9, 2, 9.25, 2.75], "texture": "#0"},
				"south": {"uv": [12.5, 12, 12.625, 12.75], "texture": "#0"},
				"west": {"uv": [2.5, 9, 2.75, 9.75], "texture": "#0"},
				"up": {"uv": [14.625, 0.25, 14.5, 0], "texture": "#0"},
				"down": {"uv": [0.625, 14.5, 0.5, 14.75], "texture": "#0"}
			}
		},
		{
			"name": "hexadecagon",
			"from": [8.25027, 7, 8.15],
			"to": [8.34973, 8.5, 8.25],
			"rotation": {"angle": -45, "axis": "y", "origin": [8.3, 8, 8]},
			"faces": {
				"north": {"uv": [0, 13, 0.125, 13.75], "texture": "#0"},
				"east": {"uv": [9, 3, 9.25, 3.75], "texture": "#0"},
				"south": {"uv": [13, 0, 13.125, 0.75], "texture": "#0"},
				"west": {"uv": [9, 4, 9.25, 4.75], "texture": "#0"},
				"up": {"uv": [14.625, 0.75, 14.5, 0.5], "texture": "#0"},
				"down": {"uv": [1.125, 14.5, 1, 14.75], "texture": "#0"}
			}
		},
		{
			"name": "hexadecagon",
			"from": [8.05, 7, 7.95027],
			"to": [8.15, 8.5, 8.04973],
			"rotation": {"angle": 22.5, "axis": "y", "origin": [8.3, 8, 8]},
			"faces": {
				"north": {"uv": [8.5, 4, 8.75, 4.75], "texture": "#0"},
				"east": {"uv": [12.5, 6, 12.625, 6.75], "texture": "#0"},
				"south": {"uv": [8.5, 5, 8.75, 5.75], "texture": "#0"},
				"west": {"uv": [6.5, 12.5, 6.625, 13.25], "texture": "#0"},
				"up": {"uv": [11.75, 14.125, 11.5, 14], "texture": "#0"},
				"down": {"uv": [14.25, 11.5, 14, 11.625], "texture": "#0"}
			}
		},
		{
			"name": "hexadecagon",
			"from": [8.05, 7, 7.95027],
			"to": [8.15, 8.5, 8.04973],
			"rotation": {"angle": 0, "axis": "y", "origin": [8.3, 8, 8]},
			"faces": {
				"north": {"uv": [8.5, 6, 8.75, 6.75], "texture": "#0"},
				"east": {"uv": [7, 12.5, 7.125, 13.25], "texture": "#0"},
				"south": {"uv": [8.5, 7, 8.75, 7.75], "texture": "#0"},
				"west": {"uv": [12.5, 7, 12.625, 7.75], "texture": "#0"},
				"up": {"uv": [12.25, 14.125, 12, 14], "texture": "#0"},
				"down": {"uv": [14.25, 12, 14, 12.125], "texture": "#0"}
			}
		},
		{
			"name": "hexadecagon",
			"from": [8.05, 7, 7.95027],
			"to": [8.15, 8.5, 8.04973],
			"rotation": {"angle": -22.5, "axis": "y", "origin": [8.3, 8, 8]},
			"faces": {
				"north": {"uv": [8.5, 8, 8.75, 8.75], "texture": "#0"},
				"east": {"uv": [7.5, 12.5, 7.625, 13.25], "texture": "#0"},
				"south": {"uv": [0, 9, 0.25, 9.75], "texture": "#0"},
				"west": {"uv": [8, 12.5, 8.125, 13.25], "texture": "#0"},
				"up": {"uv": [12.75, 14.125, 12.5, 14], "texture": "#0"},
				"down": {"uv": [14.25, 12.5, 14, 12.625], "texture": "#0"}
			}
		},
		{
			"name": "hexadecagon",
			"from": [8.25027, 7, 7.75],
			"to": [8.34973, 8.5, 7.85],
			"rotation": {"angle": 45, "axis": "y", "origin": [8.3, 8, 8]},
			"faces": {
				"north": {"uv": [12.5, 8, 12.625, 8.75], "texture": "#0"},
				"east": {"uv": [9, 0, 9.25, 0.75], "texture": "#0"},
				"south": {"uv": [8.5, 12.5, 8.625, 13.25], "texture": "#0"},
				"west": {"uv": [0.5, 9, 0.75, 9.75], "texture": "#0"},
				"up": {"uv": [13.125, 14.25, 13, 14], "texture": "#0"},
				"down": {"uv": [14.125, 13, 14, 13.25], "texture": "#0"}
			}
		},
		{
			"name": "hexadecagon",
			"from": [7.65027, 8.3, 7.85],
			"to": [7.94973, 8.4, 8.15],
			"rotation": {"angle": 0, "axis": "y", "origin": [7.3, 8, 8]},
			"faces": {
				"north": {"uv": [11.5, 10, 11.625, 10.75], "texture": "#0"},
				"east": {"uv": [7.5, 2, 7.75, 2.75], "texture": "#0"},
				"south": {"uv": [11.5, 11, 11.625, 11.75], "texture": "#0"},
				"west": {"uv": [3, 7.5, 3.25, 8.25], "texture": "#0"},
				"up": {"uv": [2.125, 14.25, 2, 14], "texture": "#0"},
				"down": {"uv": [14.125, 2, 14, 2.25], "texture": "#0"}
			}
		},
		{
			"name": "hexadecagon",
			"from": [7.75027, 7, 7.75],
			"to": [7.84973, 8.5, 7.85],
			"rotation": {"angle": -45, "axis": "y", "origin": [7.8, 8, 8]},
			"faces": {
				"north": {"uv": [0, 13, 0.125, 13.75], "texture": "#0"},
				"east": {"uv": [9, 3, 9.25, 3.75], "texture": "#0"},
				"south": {"uv": [13, 0, 13.125, 0.75], "texture": "#0"},
				"west": {"uv": [9, 4, 9.25, 4.75], "texture": "#0"},
				"up": {"uv": [14.625, 0.75, 14.5, 0.5], "texture": "#0"},
				"down": {"uv": [1.125, 14.5, 1, 14.75], "texture": "#0"}
			}
		},
		{
			"name": "hexadecagon",
			"from": [7.75027, 7, 7.75],
			"to": [7.84973, 8.5, 7.85],
			"rotation": {"angle": -22.5, "axis": "y", "origin": [7.8, 8, 8]},
			"faces": {
				"north": {"uv": [12.5, 11, 12.625, 11.75], "texture": "#0"},
				"east": {"uv": [9, 2, 9.25, 2.75], "texture": "#0"},
				"south": {"uv": [12.5, 12, 12.625, 12.75], "texture": "#0"},
				"west": {"uv": [2.5, 9, 2.75, 9.75], "texture": "#0"},
				"up": {"uv": [14.625, 0.25, 14.5, 0], "texture": "#0"},
				"down": {"uv": [0.625, 14.5, 0.5, 14.75], "texture": "#0"}
			}
		},
		{
			"name": "hexadecagon",
			"from": [7.75027, 7, 7.75],
			"to": [7.84973, 8.5, 7.85],
			"rotation": {"angle": 0, "axis": "y", "origin": [7.8, 8, 8]},
			"faces": {
				"north": {"uv": [10, 12.5, 10.125, 13.25], "texture": "#0"},
				"east": {"uv": [1.5, 9, 1.75, 9.75], "texture": "#0"},
				"south": {"uv": [12.5, 10, 12.625, 10.75], "texture": "#0"},
				"west": {"uv": [2, 9, 2.25, 9.75], "texture": "#0"},
				"up": {"uv": [14.125, 14.25, 14, 14], "texture": "#0"},
				"down": {"uv": [0.125, 14.5, 0, 14.75], "texture": "#0"}
			}
		},
		{
			"name": "hexadecagon",
			"from": [7.75027, 7, 7.75],
			"to": [7.84973, 8.5, 7.85],
			"rotation": {"angle": 22.5, "axis": "y", "origin": [7.8, 8, 8]},
			"faces": {
				"north": {"uv": [9, 12.5, 9.125, 13.25], "texture": "#0"},
				"east": {"uv": [1, 9, 1.25, 9.75], "texture": "#0"},
				"south": {"uv": [12.5, 9, 12.625, 9.75], "texture": "#0"},
				"west": {"uv": [9, 1, 9.25, 1.75], "texture": "#0"},
				"up": {"uv": [13.625, 14.25, 13.5, 14], "texture": "#0"},
				"down": {"uv": [14.125, 13.5, 14, 13.75], "texture": "#0"}
			}
		},
		{
			"name": "hexadecagon",
			"from": [7.75027, 7, 8.15],
			"to": [7.84973, 8.5, 8.25],
			"rotation": {"angle": 45, "axis": "y", "origin": [7.8, 8, 8]},
			"faces": {
				"north": {"uv": [12.5, 8, 12.625, 8.75], "texture": "#0"},
				"east": {"uv": [9, 0, 9.25, 0.75], "texture": "#0"},
				"south": {"uv": [8.5, 12.5, 8.625, 13.25], "texture": "#0"},
				"west": {"uv": [0.5, 9, 0.75, 9.75], "texture": "#0"},
				"up": {"uv": [13.125, 14.25, 13, 14], "texture": "#0"},
				"down": {"uv": [14.125, 13, 14, 13.25], "texture": "#0"}
			}
		},
		{
			"name": "hexadecagon",
			"from": [7.95, 7, 7.95027],
			"to": [8.05, 8.5, 8.04973],
			"rotation": {"angle": -22.5, "axis": "y", "origin": [7.8, 8, 8]},
			"faces": {
				"north": {"uv": [8.5, 8, 8.75, 8.75], "texture": "#0"},
				"east": {"uv": [7.5, 12.5, 7.625, 13.25], "texture": "#0"},
				"south": {"uv": [0, 9, 0.25, 9.75], "texture": "#0"},
				"west": {"uv": [8, 12.5, 8.125, 13.25], "texture": "#0"},
				"up": {"uv": [12.75, 14.125, 12.5, 14], "texture": "#0"},
				"down": {"uv": [14.25, 12.5, 14, 12.625], "texture": "#0"}
			}
		},
		{
			"name": "hexadecagon",
			"from": [7.95, 7, 7.95027],
			"to": [8.05, 8.5, 8.04973],
			"rotation": {"angle": 0, "axis": "y", "origin": [7.8, 8, 8]},
			"faces": {
				"north": {"uv": [8.5, 6, 8.75, 6.75], "texture": "#0"},
				"east": {"uv": [7, 12.5, 7.125, 13.25], "texture": "#0"},
				"south": {"uv": [8.5, 7, 8.75, 7.75], "texture": "#0"},
				"west": {"uv": [12.5, 7, 12.625, 7.75], "texture": "#0"},
				"up": {"uv": [12.25, 14.125, 12, 14], "texture": "#0"},
				"down": {"uv": [14.25, 12, 14, 12.125], "texture": "#0"}
			}
		},
		{
			"name": "hexadecagon",
			"from": [7.95, 7, 7.95027],
			"to": [8.05, 8.5, 8.04973],
			"rotation": {"angle": 22.5, "axis": "y", "origin": [7.8, 8, 8]},
			"faces": {
				"north": {"uv": [8.5, 4, 8.75, 4.75], "texture": "#0"},
				"east": {"uv": [12.5, 6, 12.625, 6.75], "texture": "#0"},
				"south": {"uv": [8.5, 5, 8.75, 5.75], "texture": "#0"},
				"west": {"uv": [6.5, 12.5, 6.625, 13.25], "texture": "#0"},
				"up": {"uv": [11.75, 14.125, 11.5, 14], "texture": "#0"},
				"down": {"uv": [14.25, 11.5, 14, 11.625], "texture": "#0"}
			}
		},
		{
			"name": "hexadecagon",
			"from": [7.75027, 7, 8.15],
			"to": [7.84973, 8.5, 8.25],
			"rotation": {"angle": 0, "axis": "y", "origin": [7.8, 8, 8]},
			"faces": {
				"north": {"uv": [10, 12.5, 10.125, 13.25], "texture": "#0"},
				"east": {"uv": [1.5, 9, 1.75, 9.75], "texture": "#0"},
				"south": {"uv": [12.5, 10, 12.625, 10.75], "texture": "#0"},
				"west": {"uv": [2, 9, 2.25, 9.75], "texture": "#0"},
				"up": {"uv": [14.125, 14.25, 14, 14], "texture": "#0"},
				"down": {"uv": [0.125, 14.5, 0, 14.75], "texture": "#0"}
			}
		},
		{
			"name": "hexadecagon",
			"from": [7.75027, 7, 8.15],
			"to": [7.84973, 8.5, 8.25],
			"rotation": {"angle": 22.5, "axis": "y", "origin": [7.8, 8, 8]},
			"faces": {
				"north": {"uv": [9, 12.5, 9.125, 13.25], "texture": "#0"},
				"east": {"uv": [1, 9, 1.25, 9.75], "texture": "#0"},
				"south": {"uv": [12.5, 9, 12.625, 9.75], "texture": "#0"},
				"west": {"uv": [9, 1, 9.25, 1.75], "texture": "#0"},
				"up": {"uv": [13.625, 14.25, 13.5, 14], "texture": "#0"},
				"down": {"uv": [14.125, 13.5, 14, 13.75], "texture": "#0"}
			}
		},
		{
			"name": "hexadecagon",
			"from": [7.75027, 7, 8.15],
			"to": [7.84973, 8.5, 8.25],
			"rotation": {"angle": -22.5, "axis": "y", "origin": [7.8, 8, 8]},
			"faces": {
				"north": {"uv": [12.5, 11, 12.625, 11.75], "texture": "#0"},
				"east": {"uv": [9, 2, 9.25, 2.75], "texture": "#0"},
				"south": {"uv": [12.5, 12, 12.625, 12.75], "texture": "#0"},
				"west": {"uv": [2.5, 9, 2.75, 9.75], "texture": "#0"},
				"up": {"uv": [14.625, 0.25, 14.5, 0], "texture": "#0"},
				"down": {"uv": [0.625, 14.5, 0.5, 14.75], "texture": "#0"}
			}
		},
		{
			"name": "hexadecagon",
			"from": [7.75027, 7, 8.15],
			"to": [7.84973, 8.5, 8.25],
			"rotation": {"angle": -45, "axis": "y", "origin": [7.8, 8, 8]},
			"faces": {
				"north": {"uv": [0, 13, 0.125, 13.75], "texture": "#0"},
				"east": {"uv": [9, 3, 9.25, 3.75], "texture": "#0"},
				"south": {"uv": [13, 0, 13.125, 0.75], "texture": "#0"},
				"west": {"uv": [9, 4, 9.25, 4.75], "texture": "#0"},
				"up": {"uv": [14.625, 0.75, 14.5, 0.5], "texture": "#0"},
				"down": {"uv": [1.125, 14.5, 1, 14.75], "texture": "#0"}
			}
		},
		{
			"name": "hexadecagon",
			"from": [7.55, 7, 7.95027],
			"to": [7.65, 8.5, 8.04973],
			"rotation": {"angle": 22.5, "axis": "y", "origin": [7.8, 8, 8]},
			"faces": {
				"north": {"uv": [8.5, 4, 8.75, 4.75], "texture": "#0"},
				"east": {"uv": [12.5, 6, 12.625, 6.75], "texture": "#0"},
				"south": {"uv": [8.5, 5, 8.75, 5.75], "texture": "#0"},
				"west": {"uv": [6.5, 12.5, 6.625, 13.25], "texture": "#0"},
				"up": {"uv": [11.75, 14.125, 11.5, 14], "texture": "#0"},
				"down": {"uv": [14.25, 11.5, 14, 11.625], "texture": "#0"}
			}
		},
		{
			"name": "hexadecagon",
			"from": [7.55, 7, 7.95027],
			"to": [7.65, 8.5, 8.04973],
			"rotation": {"angle": 0, "axis": "y", "origin": [7.8, 8, 8]},
			"faces": {
				"north": {"uv": [8.5, 6, 8.75, 6.75], "texture": "#0"},
				"east": {"uv": [7, 12.5, 7.125, 13.25], "texture": "#0"},
				"south": {"uv": [8.5, 7, 8.75, 7.75], "texture": "#0"},
				"west": {"uv": [12.5, 7, 12.625, 7.75], "texture": "#0"},
				"up": {"uv": [12.25, 14.125, 12, 14], "texture": "#0"},
				"down": {"uv": [14.25, 12, 14, 12.125], "texture": "#0"}
			}
		},
		{
			"name": "hexadecagon",
			"from": [7.55, 7, 7.95027],
			"to": [7.65, 8.5, 8.04973],
			"rotation": {"angle": -22.5, "axis": "y", "origin": [7.8, 8, 8]},
			"faces": {
				"north": {"uv": [8.5, 8, 8.75, 8.75], "texture": "#0"},
				"east": {"uv": [7.5, 12.5, 7.625, 13.25], "texture": "#0"},
				"south": {"uv": [0, 9, 0.25, 9.75], "texture": "#0"},
				"west": {"uv": [8, 12.5, 8.125, 13.25], "texture": "#0"},
				"up": {"uv": [12.75, 14.125, 12.5, 14], "texture": "#0"},
				"down": {"uv": [14.25, 12.5, 14, 12.625], "texture": "#0"}
			}
		},
		{
			"name": "hexadecagon",
			"from": [7.75027, 7, 7.75],
			"to": [7.84973, 8.5, 7.85],
			"rotation": {"angle": 45, "axis": "y", "origin": [7.8, 8, 8]},
			"faces": {
				"north": {"uv": [12.5, 8, 12.625, 8.75], "texture": "#0"},
				"east": {"uv": [9, 0, 9.25, 0.75], "texture": "#0"},
				"south": {"uv": [8.5, 12.5, 8.625, 13.25], "texture": "#0"},
				"west": {"uv": [0.5, 9, 0.75, 9.75], "texture": "#0"},
				"up": {"uv": [13.125, 14.25, 13, 14], "texture": "#0"},
				"down": {"uv": [14.125, 13, 14, 13.25], "texture": "#0"}
			}
		},
		{
			"name": "hexadecagon",
			"from": [8.65027, 8.3, 7.35],
			"to": [8.94973, 8.4, 7.65],
			"rotation": {"angle": 0, "axis": "y", "origin": [8.3, 8, 7.5]},
			"faces": {
				"north": {"uv": [11.5, 10, 11.625, 10.75], "texture": "#0"},
				"east": {"uv": [7.5, 2, 7.75, 2.75], "texture": "#0"},
				"south": {"uv": [11.5, 11, 11.625, 11.75], "texture": "#0"},
				"west": {"uv": [3, 7.5, 3.25, 8.25], "texture": "#0"},
				"up": {"uv": [2.125, 14.25, 2, 14], "texture": "#0"},
				"down": {"uv": [14.125, 2, 14, 2.25], "texture": "#0"}
			}
		},
		{
			"name": "hexadecagon",
			"from": [8.75027, 7, 7.25],
			"to": [8.84973, 8.5, 7.35],
			"rotation": {"angle": -45, "axis": "y", "origin": [8.8, 8, 7.5]},
			"faces": {
				"north": {"uv": [0, 13, 0.125, 13.75], "texture": "#0"},
				"east": {"uv": [9, 3, 9.25, 3.75], "texture": "#0"},
				"south": {"uv": [13, 0, 13.125, 0.75], "texture": "#0"},
				"west": {"uv": [9, 4, 9.25, 4.75], "texture": "#0"},
				"up": {"uv": [14.625, 0.75, 14.5, 0.5], "texture": "#0"},
				"down": {"uv": [1.125, 14.5, 1, 14.75], "texture": "#0"}
			}
		},
		{
			"name": "hexadecagon",
			"from": [8.75027, 7, 7.25],
			"to": [8.84973, 8.5, 7.35],
			"rotation": {"angle": -22.5, "axis": "y", "origin": [8.8, 8, 7.5]},
			"faces": {
				"north": {"uv": [12.5, 11, 12.625, 11.75], "texture": "#0"},
				"east": {"uv": [9, 2, 9.25, 2.75], "texture": "#0"},
				"south": {"uv": [12.5, 12, 12.625, 12.75], "texture": "#0"},
				"west": {"uv": [2.5, 9, 2.75, 9.75], "texture": "#0"},
				"up": {"uv": [14.625, 0.25, 14.5, 0], "texture": "#0"},
				"down": {"uv": [0.625, 14.5, 0.5, 14.75], "texture": "#0"}
			}
		},
		{
			"name": "hexadecagon",
			"from": [8.75027, 7, 7.25],
			"to": [8.84973, 8.5, 7.35],
			"rotation": {"angle": 0, "axis": "y", "origin": [8.8, 8, 7.5]},
			"faces": {
				"north": {"uv": [10, 12.5, 10.125, 13.25], "texture": "#0"},
				"east": {"uv": [1.5, 9, 1.75, 9.75], "texture": "#0"},
				"south": {"uv": [12.5, 10, 12.625, 10.75], "texture": "#0"},
				"west": {"uv": [2, 9, 2.25, 9.75], "texture": "#0"},
				"up": {"uv": [14.125, 14.25, 14, 14], "texture": "#0"},
				"down": {"uv": [0.125, 14.5, 0, 14.75], "texture": "#0"}
			}
		},
		{
			"name": "hexadecagon",
			"from": [8.75027, 7, 7.25],
			"to": [8.84973, 8.5, 7.35],
			"rotation": {"angle": 22.5, "axis": "y", "origin": [8.8, 8, 7.5]},
			"faces": {
				"north": {"uv": [9, 12.5, 9.125, 13.25], "texture": "#0"},
				"east": {"uv": [1, 9, 1.25, 9.75], "texture": "#0"},
				"south": {"uv": [12.5, 9, 12.625, 9.75], "texture": "#0"},
				"west": {"uv": [9, 1, 9.25, 1.75], "texture": "#0"},
				"up": {"uv": [13.625, 14.25, 13.5, 14], "texture": "#0"},
				"down": {"uv": [14.125, 13.5, 14, 13.75], "texture": "#0"}
			}
		},
		{
			"name": "hexadecagon",
			"from": [8.75027, 7, 7.65],
			"to": [8.84973, 8.5, 7.75],
			"rotation": {"angle": 45, "axis": "y", "origin": [8.8, 8, 7.5]},
			"faces": {
				"north": {"uv": [12.5, 8, 12.625, 8.75], "texture": "#0"},
				"east": {"uv": [9, 0, 9.25, 0.75], "texture": "#0"},
				"south": {"uv": [8.5, 12.5, 8.625, 13.25], "texture": "#0"},
				"west": {"uv": [0.5, 9, 0.75, 9.75], "texture": "#0"},
				"up": {"uv": [13.125, 14.25, 13, 14], "texture": "#0"},
				"down": {"uv": [14.125, 13, 14, 13.25], "texture": "#0"}
			}
		},
		{
			"name": "hexadecagon",
			"from": [8.95, 7, 7.45027],
			"to": [9.05, 8.5, 7.54973],
			"rotation": {"angle": -22.5, "axis": "y", "origin": [8.8, 8, 7.5]},
			"faces": {
				"north": {"uv": [8.5, 8, 8.75, 8.75], "texture": "#0"},
				"east": {"uv": [7.5, 12.5, 7.625, 13.25], "texture": "#0"},
				"south": {"uv": [0, 9, 0.25, 9.75], "texture": "#0"},
				"west": {"uv": [8, 12.5, 8.125, 13.25], "texture": "#0"},
				"up": {"uv": [12.75, 14.125, 12.5, 14], "texture": "#0"},
				"down": {"uv": [14.25, 12.5, 14, 12.625], "texture": "#0"}
			}
		},
		{
			"name": "hexadecagon",
			"from": [8.95, 7, 7.45027],
			"to": [9.05, 8.5, 7.54973],
			"rotation": {"angle": 0, "axis": "y", "origin": [8.8, 8, 7.5]},
			"faces": {
				"north": {"uv": [8.5, 6, 8.75, 6.75], "texture": "#0"},
				"east": {"uv": [7, 12.5, 7.125, 13.25], "texture": "#0"},
				"south": {"uv": [8.5, 7, 8.75, 7.75], "texture": "#0"},
				"west": {"uv": [12.5, 7, 12.625, 7.75], "texture": "#0"},
				"up": {"uv": [12.25, 14.125, 12, 14], "texture": "#0"},
				"down": {"uv": [14.25, 12, 14, 12.125], "texture": "#0"}
			}
		},
		{
			"name": "hexadecagon",
			"from": [8.95, 7, 7.45027],
			"to": [9.05, 8.5, 7.54973],
			"rotation": {"angle": 22.5, "axis": "y", "origin": [8.8, 8, 7.5]},
			"faces": {
				"north": {"uv": [8.5, 4, 8.75, 4.75], "texture": "#0"},
				"east": {"uv": [12.5, 6, 12.625, 6.75], "texture": "#0"},
				"south": {"uv": [8.5, 5, 8.75, 5.75], "texture": "#0"},
				"west": {"uv": [6.5, 12.5, 6.625, 13.25], "texture": "#0"},
				"up": {"uv": [11.75, 14.125, 11.5, 14], "texture": "#0"},
				"down": {"uv": [14.25, 11.5, 14, 11.625], "texture": "#0"}
			}
		},
		{
			"name": "hexadecagon",
			"from": [8.75027, 7, 7.65],
			"to": [8.84973, 8.5, 7.75],
			"rotation": {"angle": 0, "axis": "y", "origin": [8.8, 8, 7.5]},
			"faces": {
				"north": {"uv": [10, 12.5, 10.125, 13.25], "texture": "#0"},
				"east": {"uv": [1.5, 9, 1.75, 9.75], "texture": "#0"},
				"south": {"uv": [12.5, 10, 12.625, 10.75], "texture": "#0"},
				"west": {"uv": [2, 9, 2.25, 9.75], "texture": "#0"},
				"up": {"uv": [14.125, 14.25, 14, 14], "texture": "#0"},
				"down": {"uv": [0.125, 14.5, 0, 14.75], "texture": "#0"}
			}
		},
		{
			"name": "hexadecagon",
			"from": [8.75027, 7, 7.65],
			"to": [8.84973, 8.5, 7.75],
			"rotation": {"angle": 22.5, "axis": "y", "origin": [8.8, 8, 7.5]},
			"faces": {
				"north": {"uv": [9, 12.5, 9.125, 13.25], "texture": "#0"},
				"east": {"uv": [1, 9, 1.25, 9.75], "texture": "#0"},
				"south": {"uv": [12.5, 9, 12.625, 9.75], "texture": "#0"},
				"west": {"uv": [9, 1, 9.25, 1.75], "texture": "#0"},
				"up": {"uv": [13.625, 14.25, 13.5, 14], "texture": "#0"},
				"down": {"uv": [14.125, 13.5, 14, 13.75], "texture": "#0"}
			}
		},
		{
			"name": "hexadecagon",
			"from": [8.75027, 7, 7.65],
			"to": [8.84973, 8.5, 7.75],
			"rotation": {"angle": -22.5, "axis": "y", "origin": [8.8, 8, 7.5]},
			"faces": {
				"north": {"uv": [12.5, 11, 12.625, 11.75], "texture": "#0"},
				"east": {"uv": [9, 2, 9.25, 2.75], "texture": "#0"},
				"south": {"uv": [12.5, 12, 12.625, 12.75], "texture": "#0"},
				"west": {"uv": [2.5, 9, 2.75, 9.75], "texture": "#0"},
				"up": {"uv": [14.625, 0.25, 14.5, 0], "texture": "#0"},
				"down": {"uv": [0.625, 14.5, 0.5, 14.75], "texture": "#0"}
			}
		},
		{
			"name": "hexadecagon",
			"from": [8.75027, 7, 7.65],
			"to": [8.84973, 8.5, 7.75],
			"rotation": {"angle": -45, "axis": "y", "origin": [8.8, 8, 7.5]},
			"faces": {
				"north": {"uv": [0, 13, 0.125, 13.75], "texture": "#0"},
				"east": {"uv": [9, 3, 9.25, 3.75], "texture": "#0"},
				"south": {"uv": [13, 0, 13.125, 0.75], "texture": "#0"},
				"west": {"uv": [9, 4, 9.25, 4.75], "texture": "#0"},
				"up": {"uv": [14.625, 0.75, 14.5, 0.5], "texture": "#0"},
				"down": {"uv": [1.125, 14.5, 1, 14.75], "texture": "#0"}
			}
		},
		{
			"name": "hexadecagon",
			"from": [8.55, 7, 7.45027],
			"to": [8.65, 8.5, 7.54973],
			"rotation": {"angle": 22.5, "axis": "y", "origin": [8.8, 8, 7.5]},
			"faces": {
				"north": {"uv": [8.5, 4, 8.75, 4.75], "texture": "#0"},
				"east": {"uv": [12.5, 6, 12.625, 6.75], "texture": "#0"},
				"south": {"uv": [8.5, 5, 8.75, 5.75], "texture": "#0"},
				"west": {"uv": [6.5, 12.5, 6.625, 13.25], "texture": "#0"},
				"up": {"uv": [11.75, 14.125, 11.5, 14], "texture": "#0"},
				"down": {"uv": [14.25, 11.5, 14, 11.625], "texture": "#0"}
			}
		},
		{
			"name": "hexadecagon",
			"from": [8.55, 7, 7.45027],
			"to": [8.65, 8.5, 7.54973],
			"rotation": {"angle": 0, "axis": "y", "origin": [8.8, 8, 7.5]},
			"faces": {
				"north": {"uv": [8.5, 6, 8.75, 6.75], "texture": "#0"},
				"east": {"uv": [7, 12.5, 7.125, 13.25], "texture": "#0"},
				"south": {"uv": [8.5, 7, 8.75, 7.75], "texture": "#0"},
				"west": {"uv": [12.5, 7, 12.625, 7.75], "texture": "#0"},
				"up": {"uv": [12.25, 14.125, 12, 14], "texture": "#0"},
				"down": {"uv": [14.25, 12, 14, 12.125], "texture": "#0"}
			}
		},
		{
			"name": "hexadecagon",
			"from": [8.55, 7, 7.45027],
			"to": [8.65, 8.5, 7.54973],
			"rotation": {"angle": -22.5, "axis": "y", "origin": [8.8, 8, 7.5]},
			"faces": {
				"north": {"uv": [8.5, 8, 8.75, 8.75], "texture": "#0"},
				"east": {"uv": [7.5, 12.5, 7.625, 13.25], "texture": "#0"},
				"south": {"uv": [0, 9, 0.25, 9.75], "texture": "#0"},
				"west": {"uv": [8, 12.5, 8.125, 13.25], "texture": "#0"},
				"up": {"uv": [12.75, 14.125, 12.5, 14], "texture": "#0"},
				"down": {"uv": [14.25, 12.5, 14, 12.625], "texture": "#0"}
			}
		},
		{
			"name": "hexadecagon",
			"from": [8.75027, 7, 7.25],
			"to": [8.84973, 8.5, 7.35],
			"rotation": {"angle": 45, "axis": "y", "origin": [8.8, 8, 7.5]},
			"faces": {
				"north": {"uv": [12.5, 8, 12.625, 8.75], "texture": "#0"},
				"east": {"uv": [9, 0, 9.25, 0.75], "texture": "#0"},
				"south": {"uv": [8.5, 12.5, 8.625, 13.25], "texture": "#0"},
				"west": {"uv": [0.5, 9, 0.75, 9.75], "texture": "#0"},
				"up": {"uv": [13.125, 14.25, 13, 14], "texture": "#0"},
				"down": {"uv": [14.125, 13, 14, 13.25], "texture": "#0"}
			}
		},
		{
			"name": "hexadecagon",
			"from": [8.15027, 8.3, 7.35],
			"to": [8.44973, 8.4, 7.65],
			"rotation": {"angle": 0, "axis": "y", "origin": [7.8, 8, 7.5]},
			"faces": {
				"north": {"uv": [11.5, 10, 11.625, 10.75], "texture": "#0"},
				"east": {"uv": [7.5, 2, 7.75, 2.75], "texture": "#0"},
				"south": {"uv": [11.5, 11, 11.625, 11.75], "texture": "#0"},
				"west": {"uv": [3, 7.5, 3.25, 8.25], "texture": "#0"},
				"up": {"uv": [2.125, 14.25, 2, 14], "texture": "#0"},
				"down": {"uv": [14.125, 2, 14, 2.25], "texture": "#0"}
			}
		},
		{
			"name": "hexadecagon",
			"from": [8.25027, 7, 7.25],
			"to": [8.34973, 8.5, 7.35],
			"rotation": {"angle": -45, "axis": "y", "origin": [8.3, 8, 7.5]},
			"faces": {
				"north": {"uv": [0, 13, 0.125, 13.75], "texture": "#0"},
				"east": {"uv": [9, 3, 9.25, 3.75], "texture": "#0"},
				"south": {"uv": [13, 0, 13.125, 0.75], "texture": "#0"},
				"west": {"uv": [9, 4, 9.25, 4.75], "texture": "#0"},
				"up": {"uv": [14.625, 0.75, 14.5, 0.5], "texture": "#0"},
				"down": {"uv": [1.125, 14.5, 1, 14.75], "texture": "#0"}
			}
		},
		{
			"name": "hexadecagon",
			"from": [8.25027, 7, 7.25],
			"to": [8.34973, 8.5, 7.35],
			"rotation": {"angle": -22.5, "axis": "y", "origin": [8.3, 8, 7.5]},
			"faces": {
				"north": {"uv": [12.5, 11, 12.625, 11.75], "texture": "#0"},
				"east": {"uv": [9, 2, 9.25, 2.75], "texture": "#0"},
				"south": {"uv": [12.5, 12, 12.625, 12.75], "texture": "#0"},
				"west": {"uv": [2.5, 9, 2.75, 9.75], "texture": "#0"},
				"up": {"uv": [14.625, 0.25, 14.5, 0], "texture": "#0"},
				"down": {"uv": [0.625, 14.5, 0.5, 14.75], "texture": "#0"}
			}
		},
		{
			"name": "hexadecagon",
			"from": [8.25027, 7, 7.25],
			"to": [8.34973, 8.5, 7.35],
			"rotation": {"angle": 0, "axis": "y", "origin": [8.3, 8, 7.5]},
			"faces": {
				"north": {"uv": [10, 12.5, 10.125, 13.25], "texture": "#0"},
				"east": {"uv": [1.5, 9, 1.75, 9.75], "texture": "#0"},
				"south": {"uv": [12.5, 10, 12.625, 10.75], "texture": "#0"},
				"west": {"uv": [2, 9, 2.25, 9.75], "texture": "#0"},
				"up": {"uv": [14.125, 14.25, 14, 14], "texture": "#0"},
				"down": {"uv": [0.125, 14.5, 0, 14.75], "texture": "#0"}
			}
		},
		{
			"name": "hexadecagon",
			"from": [8.25027, 7, 7.25],
			"to": [8.34973, 8.5, 7.35],
			"rotation": {"angle": 22.5, "axis": "y", "origin": [8.3, 8, 7.5]},
			"faces": {
				"north": {"uv": [9, 12.5, 9.125, 13.25], "texture": "#0"},
				"east": {"uv": [1, 9, 1.25, 9.75], "texture": "#0"},
				"south": {"uv": [12.5, 9, 12.625, 9.75], "texture": "#0"},
				"west": {"uv": [9, 1, 9.25, 1.75], "texture": "#0"},
				"up": {"uv": [13.625, 14.25, 13.5, 14], "texture": "#0"},
				"down": {"uv": [14.125, 13.5, 14, 13.75], "texture": "#0"}
			}
		},
		{
			"name": "hexadecagon",
			"from": [8.25027, 7, 7.65],
			"to": [8.34973, 8.5, 7.75],
			"rotation": {"angle": 45, "axis": "y", "origin": [8.3, 8, 7.5]},
			"faces": {
				"north": {"uv": [12.5, 8, 12.625, 8.75], "texture": "#0"},
				"east": {"uv": [9, 0, 9.25, 0.75], "texture": "#0"},
				"south": {"uv": [8.5, 12.5, 8.625, 13.25], "texture": "#0"},
				"west": {"uv": [0.5, 9, 0.75, 9.75], "texture": "#0"},
				"up": {"uv": [13.125, 14.25, 13, 14], "texture": "#0"},
				"down": {"uv": [14.125, 13, 14, 13.25], "texture": "#0"}
			}
		},
		{
			"name": "hexadecagon",
			"from": [8.45, 7, 7.45027],
			"to": [8.55, 8.5, 7.54973],
			"rotation": {"angle": -22.5, "axis": "y", "origin": [8.3, 8, 7.5]},
			"faces": {
				"north": {"uv": [8.5, 8, 8.75, 8.75], "texture": "#0"},
				"east": {"uv": [7.5, 12.5, 7.625, 13.25], "texture": "#0"},
				"south": {"uv": [0, 9, 0.25, 9.75], "texture": "#0"},
				"west": {"uv": [8, 12.5, 8.125, 13.25], "texture": "#0"},
				"up": {"uv": [12.75, 14.125, 12.5, 14], "texture": "#0"},
				"down": {"uv": [14.25, 12.5, 14, 12.625], "texture": "#0"}
			}
		},
		{
			"name": "hexadecagon",
			"from": [8.45, 7, 7.45027],
			"to": [8.55, 8.5, 7.54973],
			"rotation": {"angle": 0, "axis": "y", "origin": [8.3, 8, 7.5]},
			"faces": {
				"north": {"uv": [8.5, 6, 8.75, 6.75], "texture": "#0"},
				"east": {"uv": [7, 12.5, 7.125, 13.25], "texture": "#0"},
				"south": {"uv": [8.5, 7, 8.75, 7.75], "texture": "#0"},
				"west": {"uv": [12.5, 7, 12.625, 7.75], "texture": "#0"},
				"up": {"uv": [12.25, 14.125, 12, 14], "texture": "#0"},
				"down": {"uv": [14.25, 12, 14, 12.125], "texture": "#0"}
			}
		},
		{
			"name": "hexadecagon",
			"from": [8.45, 7, 7.45027],
			"to": [8.55, 8.5, 7.54973],
			"rotation": {"angle": 22.5, "axis": "y", "origin": [8.3, 8, 7.5]},
			"faces": {
				"north": {"uv": [8.5, 4, 8.75, 4.75], "texture": "#0"},
				"east": {"uv": [12.5, 6, 12.625, 6.75], "texture": "#0"},
				"south": {"uv": [8.5, 5, 8.75, 5.75], "texture": "#0"},
				"west": {"uv": [6.5, 12.5, 6.625, 13.25], "texture": "#0"},
				"up": {"uv": [11.75, 14.125, 11.5, 14], "texture": "#0"},
				"down": {"uv": [14.25, 11.5, 14, 11.625], "texture": "#0"}
			}
		},
		{
			"name": "hexadecagon",
			"from": [8.25027, 7, 7.65],
			"to": [8.34973, 8.5, 7.75],
			"rotation": {"angle": 0, "axis": "y", "origin": [8.3, 8, 7.5]},
			"faces": {
				"north": {"uv": [10, 12.5, 10.125, 13.25], "texture": "#0"},
				"east": {"uv": [1.5, 9, 1.75, 9.75], "texture": "#0"},
				"south": {"uv": [12.5, 10, 12.625, 10.75], "texture": "#0"},
				"west": {"uv": [2, 9, 2.25, 9.75], "texture": "#0"},
				"up": {"uv": [14.125, 14.25, 14, 14], "texture": "#0"},
				"down": {"uv": [0.125, 14.5, 0, 14.75], "texture": "#0"}
			}
		},
		{
			"name": "hexadecagon",
			"from": [8.25027, 7, 7.65],
			"to": [8.34973, 8.5, 7.75],
			"rotation": {"angle": 22.5, "axis": "y", "origin": [8.3, 8, 7.5]},
			"faces": {
				"north": {"uv": [9, 12.5, 9.125, 13.25], "texture": "#0"},
				"east": {"uv": [1, 9, 1.25, 9.75], "texture": "#0"},
				"south": {"uv": [12.5, 9, 12.625, 9.75], "texture": "#0"},
				"west": {"uv": [9, 1, 9.25, 1.75], "texture": "#0"},
				"up": {"uv": [13.625, 14.25, 13.5, 14], "texture": "#0"},
				"down": {"uv": [14.125, 13.5, 14, 13.75], "texture": "#0"}
			}
		},
		{
			"name": "hexadecagon",
			"from": [8.25027, 7, 7.65],
			"to": [8.34973, 8.5, 7.75],
			"rotation": {"angle": -22.5, "axis": "y", "origin": [8.3, 8, 7.5]},
			"faces": {
				"north": {"uv": [12.5, 11, 12.625, 11.75], "texture": "#0"},
				"east": {"uv": [9, 2, 9.25, 2.75], "texture": "#0"},
				"south": {"uv": [12.5, 12, 12.625, 12.75], "texture": "#0"},
				"west": {"uv": [2.5, 9, 2.75, 9.75], "texture": "#0"},
				"up": {"uv": [14.625, 0.25, 14.5, 0], "texture": "#0"},
				"down": {"uv": [0.625, 14.5, 0.5, 14.75], "texture": "#0"}
			}
		},
		{
			"name": "hexadecagon",
			"from": [8.25027, 7, 7.65],
			"to": [8.34973, 8.5, 7.75],
			"rotation": {"angle": -45, "axis": "y", "origin": [8.3, 8, 7.5]},
			"faces": {
				"north": {"uv": [0, 13, 0.125, 13.75], "texture": "#0"},
				"east": {"uv": [9, 3, 9.25, 3.75], "texture": "#0"},
				"south": {"uv": [13, 0, 13.125, 0.75], "texture": "#0"},
				"west": {"uv": [9, 4, 9.25, 4.75], "texture": "#0"},
				"up": {"uv": [14.625, 0.75, 14.5, 0.5], "texture": "#0"},
				"down": {"uv": [1.125, 14.5, 1, 14.75], "texture": "#0"}
			}
		},
		{
			"name": "hexadecagon",
			"from": [8.05, 7, 7.45027],
			"to": [8.15, 8.5, 7.54973],
			"rotation": {"angle": 22.5, "axis": "y", "origin": [8.3, 8, 7.5]},
			"faces": {
				"north": {"uv": [8.5, 4, 8.75, 4.75], "texture": "#0"},
				"east": {"uv": [12.5, 6, 12.625, 6.75], "texture": "#0"},
				"south": {"uv": [8.5, 5, 8.75, 5.75], "texture": "#0"},
				"west": {"uv": [6.5, 12.5, 6.625, 13.25], "texture": "#0"},
				"up": {"uv": [11.75, 14.125, 11.5, 14], "texture": "#0"},
				"down": {"uv": [14.25, 11.5, 14, 11.625], "texture": "#0"}
			}
		},
		{
			"name": "hexadecagon",
			"from": [8.05, 7, 7.45027],
			"to": [8.15, 8.5, 7.54973],
			"rotation": {"angle": 0, "axis": "y", "origin": [8.3, 8, 7.5]},
			"faces": {
				"north": {"uv": [8.5, 6, 8.75, 6.75], "texture": "#0"},
				"east": {"uv": [7, 12.5, 7.125, 13.25], "texture": "#0"},
				"south": {"uv": [8.5, 7, 8.75, 7.75], "texture": "#0"},
				"west": {"uv": [12.5, 7, 12.625, 7.75], "texture": "#0"},
				"up": {"uv": [12.25, 14.125, 12, 14], "texture": "#0"},
				"down": {"uv": [14.25, 12, 14, 12.125], "texture": "#0"}
			}
		},
		{
			"name": "hexadecagon",
			"from": [8.05, 7, 7.45027],
			"to": [8.15, 8.5, 7.54973],
			"rotation": {"angle": -22.5, "axis": "y", "origin": [8.3, 8, 7.5]},
			"faces": {
				"north": {"uv": [8.5, 8, 8.75, 8.75], "texture": "#0"},
				"east": {"uv": [7.5, 12.5, 7.625, 13.25], "texture": "#0"},
				"south": {"uv": [0, 9, 0.25, 9.75], "texture": "#0"},
				"west": {"uv": [8, 12.5, 8.125, 13.25], "texture": "#0"},
				"up": {"uv": [12.75, 14.125, 12.5, 14], "texture": "#0"},
				"down": {"uv": [14.25, 12.5, 14, 12.625], "texture": "#0"}
			}
		},
		{
			"name": "hexadecagon",
			"from": [8.25027, 7, 7.25],
			"to": [8.34973, 8.5, 7.35],
			"rotation": {"angle": 45, "axis": "y", "origin": [8.3, 8, 7.5]},
			"faces": {
				"north": {"uv": [12.5, 8, 12.625, 8.75], "texture": "#0"},
				"east": {"uv": [9, 0, 9.25, 0.75], "texture": "#0"},
				"south": {"uv": [8.5, 12.5, 8.625, 13.25], "texture": "#0"},
				"west": {"uv": [0.5, 9, 0.75, 9.75], "texture": "#0"},
				"up": {"uv": [13.125, 14.25, 13, 14], "texture": "#0"},
				"down": {"uv": [14.125, 13, 14, 13.25], "texture": "#0"}
			}
		},
		{
			"name": "hexadecagon",
			"from": [7.65027, 8.3, 7.35],
			"to": [7.94973, 8.4, 7.65],
			"rotation": {"angle": 0, "axis": "y", "origin": [7.3, 8, 7.5]},
			"faces": {
				"north": {"uv": [11.5, 10, 11.625, 10.75], "texture": "#0"},
				"east": {"uv": [7.5, 2, 7.75, 2.75], "texture": "#0"},
				"south": {"uv": [11.5, 11, 11.625, 11.75], "texture": "#0"},
				"west": {"uv": [3, 7.5, 3.25, 8.25], "texture": "#0"},
				"up": {"uv": [2.125, 14.25, 2, 14], "texture": "#0"},
				"down": {"uv": [14.125, 2, 14, 2.25], "texture": "#0"}
			}
		},
		{
			"name": "hexadecagon",
			"from": [7.75027, 7, 7.25],
			"to": [7.84973, 8.5, 7.35],
			"rotation": {"angle": -45, "axis": "y", "origin": [7.8, 8, 7.5]},
			"faces": {
				"north": {"uv": [0, 13, 0.125, 13.75], "texture": "#0"},
				"east": {"uv": [9, 3, 9.25, 3.75], "texture": "#0"},
				"south": {"uv": [13, 0, 13.125, 0.75], "texture": "#0"},
				"west": {"uv": [9, 4, 9.25, 4.75], "texture": "#0"},
				"up": {"uv": [14.625, 0.75, 14.5, 0.5], "texture": "#0"},
				"down": {"uv": [1.125, 14.5, 1, 14.75], "texture": "#0"}
			}
		},
		{
			"name": "hexadecagon",
			"from": [7.75027, 7, 7.25],
			"to": [7.84973, 8.5, 7.35],
			"rotation": {"angle": -22.5, "axis": "y", "origin": [7.8, 8, 7.5]},
			"faces": {
				"north": {"uv": [12.5, 11, 12.625, 11.75], "texture": "#0"},
				"east": {"uv": [9, 2, 9.25, 2.75], "texture": "#0"},
				"south": {"uv": [12.5, 12, 12.625, 12.75], "texture": "#0"},
				"west": {"uv": [2.5, 9, 2.75, 9.75], "texture": "#0"},
				"up": {"uv": [14.625, 0.25, 14.5, 0], "texture": "#0"},
				"down": {"uv": [0.625, 14.5, 0.5, 14.75], "texture": "#0"}
			}
		},
		{
			"name": "hexadecagon",
			"from": [7.75027, 7, 7.25],
			"to": [7.84973, 8.5, 7.35],
			"rotation": {"angle": 0, "axis": "y", "origin": [7.8, 8, 7.5]},
			"faces": {
				"north": {"uv": [10, 12.5, 10.125, 13.25], "texture": "#0"},
				"east": {"uv": [1.5, 9, 1.75, 9.75], "texture": "#0"},
				"south": {"uv": [12.5, 10, 12.625, 10.75], "texture": "#0"},
				"west": {"uv": [2, 9, 2.25, 9.75], "texture": "#0"},
				"up": {"uv": [14.125, 14.25, 14, 14], "texture": "#0"},
				"down": {"uv": [0.125, 14.5, 0, 14.75], "texture": "#0"}
			}
		},
		{
			"name": "hexadecagon",
			"from": [7.75027, 7, 7.25],
			"to": [7.84973, 8.5, 7.35],
			"rotation": {"angle": 22.5, "axis": "y", "origin": [7.8, 8, 7.5]},
			"faces": {
				"north": {"uv": [9, 12.5, 9.125, 13.25], "texture": "#0"},
				"east": {"uv": [1, 9, 1.25, 9.75], "texture": "#0"},
				"south": {"uv": [12.5, 9, 12.625, 9.75], "texture": "#0"},
				"west": {"uv": [9, 1, 9.25, 1.75], "texture": "#0"},
				"up": {"uv": [13.625, 14.25, 13.5, 14], "texture": "#0"},
				"down": {"uv": [14.125, 13.5, 14, 13.75], "texture": "#0"}
			}
		},
		{
			"name": "hexadecagon",
			"from": [7.75027, 7, 7.65],
			"to": [7.84973, 8.5, 7.75],
			"rotation": {"angle": 45, "axis": "y", "origin": [7.8, 8, 7.5]},
			"faces": {
				"north": {"uv": [12.5, 8, 12.625, 8.75], "texture": "#0"},
				"east": {"uv": [9, 0, 9.25, 0.75], "texture": "#0"},
				"south": {"uv": [8.5, 12.5, 8.625, 13.25], "texture": "#0"},
				"west": {"uv": [0.5, 9, 0.75, 9.75], "texture": "#0"},
				"up": {"uv": [13.125, 14.25, 13, 14], "texture": "#0"},
				"down": {"uv": [14.125, 13, 14, 13.25], "texture": "#0"}
			}
		},
		{
			"name": "hexadecagon",
			"from": [7.95, 7, 7.45027],
			"to": [8.05, 8.5, 7.54973],
			"rotation": {"angle": -22.5, "axis": "y", "origin": [7.8, 8, 7.5]},
			"faces": {
				"north": {"uv": [8.5, 8, 8.75, 8.75], "texture": "#0"},
				"east": {"uv": [7.5, 12.5, 7.625, 13.25], "texture": "#0"},
				"south": {"uv": [0, 9, 0.25, 9.75], "texture": "#0"},
				"west": {"uv": [8, 12.5, 8.125, 13.25], "texture": "#0"},
				"up": {"uv": [12.75, 14.125, 12.5, 14], "texture": "#0"},
				"down": {"uv": [14.25, 12.5, 14, 12.625], "texture": "#0"}
			}
		},
		{
			"name": "hexadecagon",
			"from": [7.95, 7, 7.45027],
			"to": [8.05, 8.5, 7.54973],
			"rotation": {"angle": 0, "axis": "y", "origin": [7.8, 8, 7.5]},
			"faces": {
				"north": {"uv": [8.5, 6, 8.75, 6.75], "texture": "#0"},
				"east": {"uv": [7, 12.5, 7.125, 13.25], "texture": "#0"},
				"south": {"uv": [8.5, 7, 8.75, 7.75], "texture": "#0"},
				"west": {"uv": [12.5, 7, 12.625, 7.75], "texture": "#0"},
				"up": {"uv": [12.25, 14.125, 12, 14], "texture": "#0"},
				"down": {"uv": [14.25, 12, 14, 12.125], "texture": "#0"}
			}
		},
		{
			"name": "hexadecagon",
			"from": [7.95, 7, 7.45027],
			"to": [8.05, 8.5, 7.54973],
			"rotation": {"angle": 22.5, "axis": "y", "origin": [7.8, 8, 7.5]},
			"faces": {
				"north": {"uv": [8.5, 4, 8.75, 4.75], "texture": "#0"},
				"east": {"uv": [12.5, 6, 12.625, 6.75], "texture": "#0"},
				"south": {"uv": [8.5, 5, 8.75, 5.75], "texture": "#0"},
				"west": {"uv": [6.5, 12.5, 6.625, 13.25], "texture": "#0"},
				"up": {"uv": [11.75, 14.125, 11.5, 14], "texture": "#0"},
				"down": {"uv": [14.25, 11.5, 14, 11.625], "texture": "#0"}
			}
		},
		{
			"name": "hexadecagon",
			"from": [7.75027, 7, 7.65],
			"to": [7.84973, 8.5, 7.75],
			"rotation": {"angle": 0, "axis": "y", "origin": [7.8, 8, 7.5]},
			"faces": {
				"north": {"uv": [10, 12.5, 10.125, 13.25], "texture": "#0"},
				"east": {"uv": [1.5, 9, 1.75, 9.75], "texture": "#0"},
				"south": {"uv": [12.5, 10, 12.625, 10.75], "texture": "#0"},
				"west": {"uv": [2, 9, 2.25, 9.75], "texture": "#0"},
				"up": {"uv": [14.125, 14.25, 14, 14], "texture": "#0"},
				"down": {"uv": [0.125, 14.5, 0, 14.75], "texture": "#0"}
			}
		},
		{
			"name": "hexadecagon",
			"from": [7.75027, 7, 7.65],
			"to": [7.84973, 8.5, 7.75],
			"rotation": {"angle": 22.5, "axis": "y", "origin": [7.8, 8, 7.5]},
			"faces": {
				"north": {"uv": [9, 12.5, 9.125, 13.25], "texture": "#0"},
				"east": {"uv": [1, 9, 1.25, 9.75], "texture": "#0"},
				"south": {"uv": [12.5, 9, 12.625, 9.75], "texture": "#0"},
				"west": {"uv": [9, 1, 9.25, 1.75], "texture": "#0"},
				"up": {"uv": [13.625, 14.25, 13.5, 14], "texture": "#0"},
				"down": {"uv": [14.125, 13.5, 14, 13.75], "texture": "#0"}
			}
		},
		{
			"name": "hexadecagon",
			"from": [7.75027, 7, 7.65],
			"to": [7.84973, 8.5, 7.75],
			"rotation": {"angle": -22.5, "axis": "y", "origin": [7.8, 8, 7.5]},
			"faces": {
				"north": {"uv": [12.5, 11, 12.625, 11.75], "texture": "#0"},
				"east": {"uv": [9, 2, 9.25, 2.75], "texture": "#0"},
				"south": {"uv": [12.5, 12, 12.625, 12.75], "texture": "#0"},
				"west": {"uv": [2.5, 9, 2.75, 9.75], "texture": "#0"},
				"up": {"uv": [14.625, 0.25, 14.5, 0], "texture": "#0"},
				"down": {"uv": [0.625, 14.5, 0.5, 14.75], "texture": "#0"}
			}
		},
		{
			"name": "hexadecagon",
			"from": [7.75027, 7, 7.65],
			"to": [7.84973, 8.5, 7.75],
			"rotation": {"angle": -45, "axis": "y", "origin": [7.8, 8, 7.5]},
			"faces": {
				"north": {"uv": [0, 13, 0.125, 13.75], "texture": "#0"},
				"east": {"uv": [9, 3, 9.25, 3.75], "texture": "#0"},
				"south": {"uv": [13, 0, 13.125, 0.75], "texture": "#0"},
				"west": {"uv": [9, 4, 9.25, 4.75], "texture": "#0"},
				"up": {"uv": [14.625, 0.75, 14.5, 0.5], "texture": "#0"},
				"down": {"uv": [1.125, 14.5, 1, 14.75], "texture": "#0"}
			}
		},
		{
			"name": "hexadecagon",
			"from": [7.55, 7, 7.45027],
			"to": [7.65, 8.5, 7.54973],
			"rotation": {"angle": 22.5, "axis": "y", "origin": [7.8, 8, 7.5]},
			"faces": {
				"north": {"uv": [8.5, 4, 8.75, 4.75], "texture": "#0"},
				"east": {"uv": [12.5, 6, 12.625, 6.75], "texture": "#0"},
				"south": {"uv": [8.5, 5, 8.75, 5.75], "texture": "#0"},
				"west": {"uv": [6.5, 12.5, 6.625, 13.25], "texture": "#0"},
				"up": {"uv": [11.75, 14.125, 11.5, 14], "texture": "#0"},
				"down": {"uv": [14.25, 11.5, 14, 11.625], "texture": "#0"}
			}
		},
		{
			"name": "hexadecagon",
			"from": [7.55, 7, 7.45027],
			"to": [7.65, 8.5, 7.54973],
			"rotation": {"angle": 0, "axis": "y", "origin": [7.8, 8, 7.5]},
			"faces": {
				"north": {"uv": [8.5, 6, 8.75, 6.75], "texture": "#0"},
				"east": {"uv": [7, 12.5, 7.125, 13.25], "texture": "#0"},
				"south": {"uv": [8.5, 7, 8.75, 7.75], "texture": "#0"},
				"west": {"uv": [12.5, 7, 12.625, 7.75], "texture": "#0"},
				"up": {"uv": [12.25, 14.125, 12, 14], "texture": "#0"},
				"down": {"uv": [14.25, 12, 14, 12.125], "texture": "#0"}
			}
		},
		{
			"name": "hexadecagon",
			"from": [7.55, 7, 7.45027],
			"to": [7.65, 8.5, 7.54973],
			"rotation": {"angle": -22.5, "axis": "y", "origin": [7.8, 8, 7.5]},
			"faces": {
				"north": {"uv": [8.5, 8, 8.75, 8.75], "texture": "#0"},
				"east": {"uv": [7.5, 12.5, 7.625, 13.25], "texture": "#0"},
				"south": {"uv": [0, 9, 0.25, 9.75], "texture": "#0"},
				"west": {"uv": [8, 12.5, 8.125, 13.25], "texture": "#0"},
				"up": {"uv": [12.75, 14.125, 12.5, 14], "texture": "#0"},
				"down": {"uv": [14.25, 12.5, 14, 12.625], "texture": "#0"}
			}
		},
		{
			"name": "hexadecagon",
			"from": [7.75027, 7, 7.25],
			"to": [7.84973, 8.5, 7.35],
			"rotation": {"angle": 45, "axis": "y", "origin": [7.8, 8, 7.5]},
			"faces": {
				"north": {"uv": [12.5, 8, 12.625, 8.75], "texture": "#0"},
				"east": {"uv": [9, 0, 9.25, 0.75], "texture": "#0"},
				"south": {"uv": [8.5, 12.5, 8.625, 13.25], "texture": "#0"},
				"west": {"uv": [0.5, 9, 0.75, 9.75], "texture": "#0"},
				"up": {"uv": [13.125, 14.25, 13, 14], "texture": "#0"},
				"down": {"uv": [14.125, 13, 14, 13.25], "texture": "#0"}
			}
		},
		{
			"name": "hexadecagon",
			"from": [8.65027, 8.3, 6.85],
			"to": [8.94973, 8.4, 7.15],
			"rotation": {"angle": 0, "axis": "y", "origin": [8.3, 8, 7]},
			"faces": {
				"north": {"uv": [11.5, 10, 11.625, 10.75], "texture": "#0"},
				"east": {"uv": [7.5, 2, 7.75, 2.75], "texture": "#0"},
				"south": {"uv": [11.5, 11, 11.625, 11.75], "texture": "#0"},
				"west": {"uv": [3, 7.5, 3.25, 8.25], "texture": "#0"},
				"up": {"uv": [2.125, 14.25, 2, 14], "texture": "#0"},
				"down": {"uv": [14.125, 2, 14, 2.25], "texture": "#0"}
			}
		},
		{
			"name": "hexadecagon",
			"from": [8.75027, 7, 6.75],
			"to": [8.84973, 8.5, 6.85],
			"rotation": {"angle": -45, "axis": "y", "origin": [8.8, 8, 7]},
			"faces": {
				"north": {"uv": [0, 13, 0.125, 13.75], "texture": "#0"},
				"east": {"uv": [9, 3, 9.25, 3.75], "texture": "#0"},
				"south": {"uv": [13, 0, 13.125, 0.75], "texture": "#0"},
				"west": {"uv": [9, 4, 9.25, 4.75], "texture": "#0"},
				"up": {"uv": [14.625, 0.75, 14.5, 0.5], "texture": "#0"},
				"down": {"uv": [1.125, 14.5, 1, 14.75], "texture": "#0"}
			}
		},
		{
			"name": "hexadecagon",
			"from": [8.75027, 7, 6.75],
			"to": [8.84973, 8.5, 6.85],
			"rotation": {"angle": -22.5, "axis": "y", "origin": [8.8, 8, 7]},
			"faces": {
				"north": {"uv": [12.5, 11, 12.625, 11.75], "texture": "#0"},
				"east": {"uv": [9, 2, 9.25, 2.75], "texture": "#0"},
				"south": {"uv": [12.5, 12, 12.625, 12.75], "texture": "#0"},
				"west": {"uv": [2.5, 9, 2.75, 9.75], "texture": "#0"},
				"up": {"uv": [14.625, 0.25, 14.5, 0], "texture": "#0"},
				"down": {"uv": [0.625, 14.5, 0.5, 14.75], "texture": "#0"}
			}
		},
		{
			"name": "hexadecagon",
			"from": [8.75027, 7, 6.75],
			"to": [8.84973, 8.5, 6.85],
			"rotation": {"angle": 0, "axis": "y", "origin": [8.8, 8, 7]},
			"faces": {
				"north": {"uv": [10, 12.5, 10.125, 13.25], "texture": "#0"},
				"east": {"uv": [1.5, 9, 1.75, 9.75], "texture": "#0"},
				"south": {"uv": [12.5, 10, 12.625, 10.75], "texture": "#0"},
				"west": {"uv": [2, 9, 2.25, 9.75], "texture": "#0"},
				"up": {"uv": [14.125, 14.25, 14, 14], "texture": "#0"},
				"down": {"uv": [0.125, 14.5, 0, 14.75], "texture": "#0"}
			}
		},
		{
			"name": "hexadecagon",
			"from": [8.75027, 7, 6.75],
			"to": [8.84973, 8.5, 6.85],
			"rotation": {"angle": 22.5, "axis": "y", "origin": [8.8, 8, 7]},
			"faces": {
				"north": {"uv": [9, 12.5, 9.125, 13.25], "texture": "#0"},
				"east": {"uv": [1, 9, 1.25, 9.75], "texture": "#0"},
				"south": {"uv": [12.5, 9, 12.625, 9.75], "texture": "#0"},
				"west": {"uv": [9, 1, 9.25, 1.75], "texture": "#0"},
				"up": {"uv": [13.625, 14.25, 13.5, 14], "texture": "#0"},
				"down": {"uv": [14.125, 13.5, 14, 13.75], "texture": "#0"}
			}
		},
		{
			"name": "hexadecagon",
			"from": [8.75027, 7, 7.15],
			"to": [8.84973, 8.5, 7.25],
			"rotation": {"angle": 45, "axis": "y", "origin": [8.8, 8, 7]},
			"faces": {
				"north": {"uv": [12.5, 8, 12.625, 8.75], "texture": "#0"},
				"east": {"uv": [9, 0, 9.25, 0.75], "texture": "#0"},
				"south": {"uv": [8.5, 12.5, 8.625, 13.25], "texture": "#0"},
				"west": {"uv": [0.5, 9, 0.75, 9.75], "texture": "#0"},
				"up": {"uv": [13.125, 14.25, 13, 14], "texture": "#0"},
				"down": {"uv": [14.125, 13, 14, 13.25], "texture": "#0"}
			}
		},
		{
			"name": "hexadecagon",
			"from": [8.95, 7, 6.95027],
			"to": [9.05, 8.5, 7.04973],
			"rotation": {"angle": -22.5, "axis": "y", "origin": [8.8, 8, 7]},
			"faces": {
				"north": {"uv": [8.5, 8, 8.75, 8.75], "texture": "#0"},
				"east": {"uv": [7.5, 12.5, 7.625, 13.25], "texture": "#0"},
				"south": {"uv": [0, 9, 0.25, 9.75], "texture": "#0"},
				"west": {"uv": [8, 12.5, 8.125, 13.25], "texture": "#0"},
				"up": {"uv": [12.75, 14.125, 12.5, 14], "texture": "#0"},
				"down": {"uv": [14.25, 12.5, 14, 12.625], "texture": "#0"}
			}
		},
		{
			"name": "hexadecagon",
			"from": [8.95, 7, 6.95027],
			"to": [9.05, 8.5, 7.04973],
			"rotation": {"angle": 0, "axis": "y", "origin": [8.8, 8, 7]},
			"faces": {
				"north": {"uv": [8.5, 6, 8.75, 6.75], "texture": "#0"},
				"east": {"uv": [7, 12.5, 7.125, 13.25], "texture": "#0"},
				"south": {"uv": [8.5, 7, 8.75, 7.75], "texture": "#0"},
				"west": {"uv": [12.5, 7, 12.625, 7.75], "texture": "#0"},
				"up": {"uv": [12.25, 14.125, 12, 14], "texture": "#0"},
				"down": {"uv": [14.25, 12, 14, 12.125], "texture": "#0"}
			}
		},
		{
			"name": "hexadecagon",
			"from": [8.95, 7, 6.95027],
			"to": [9.05, 8.5, 7.04973],
			"rotation": {"angle": 22.5, "axis": "y", "origin": [8.8, 8, 7]},
			"faces": {
				"north": {"uv": [8.5, 4, 8.75, 4.75], "texture": "#0"},
				"east": {"uv": [12.5, 6, 12.625, 6.75], "texture": "#0"},
				"south": {"uv": [8.5, 5, 8.75, 5.75], "texture": "#0"},
				"west": {"uv": [6.5, 12.5, 6.625, 13.25], "texture": "#0"},
				"up": {"uv": [11.75, 14.125, 11.5, 14], "texture": "#0"},
				"down": {"uv": [14.25, 11.5, 14, 11.625], "texture": "#0"}
			}
		},
		{
			"name": "hexadecagon",
			"from": [8.75027, 7, 7.15],
			"to": [8.84973, 8.5, 7.25],
			"rotation": {"angle": 0, "axis": "y", "origin": [8.8, 8, 7]},
			"faces": {
				"north": {"uv": [10, 12.5, 10.125, 13.25], "texture": "#0"},
				"east": {"uv": [1.5, 9, 1.75, 9.75], "texture": "#0"},
				"south": {"uv": [12.5, 10, 12.625, 10.75], "texture": "#0"},
				"west": {"uv": [2, 9, 2.25, 9.75], "texture": "#0"},
				"up": {"uv": [14.125, 14.25, 14, 14], "texture": "#0"},
				"down": {"uv": [0.125, 14.5, 0, 14.75], "texture": "#0"}
			}
		},
		{
			"name": "hexadecagon",
			"from": [8.75027, 7, 7.15],
			"to": [8.84973, 8.5, 7.25],
			"rotation": {"angle": 22.5, "axis": "y", "origin": [8.8, 8, 7]},
			"faces": {
				"north": {"uv": [9, 12.5, 9.125, 13.25], "texture": "#0"},
				"east": {"uv": [1, 9, 1.25, 9.75], "texture": "#0"},
				"south": {"uv": [12.5, 9, 12.625, 9.75], "texture": "#0"},
				"west": {"uv": [9, 1, 9.25, 1.75], "texture": "#0"},
				"up": {"uv": [13.625, 14.25, 13.5, 14], "texture": "#0"},
				"down": {"uv": [14.125, 13.5, 14, 13.75], "texture": "#0"}
			}
		},
		{
			"name": "hexadecagon",
			"from": [8.75027, 7, 7.15],
			"to": [8.84973, 8.5, 7.25],
			"rotation": {"angle": -22.5, "axis": "y", "origin": [8.8, 8, 7]},
			"faces": {
				"north": {"uv": [12.5, 11, 12.625, 11.75], "texture": "#0"},
				"east": {"uv": [9, 2, 9.25, 2.75], "texture": "#0"},
				"south": {"uv": [12.5, 12, 12.625, 12.75], "texture": "#0"},
				"west": {"uv": [2.5, 9, 2.75, 9.75], "texture": "#0"},
				"up": {"uv": [14.625, 0.25, 14.5, 0], "texture": "#0"},
				"down": {"uv": [0.625, 14.5, 0.5, 14.75], "texture": "#0"}
			}
		},
		{
			"name": "hexadecagon",
			"from": [8.75027, 7, 7.15],
			"to": [8.84973, 8.5, 7.25],
			"rotation": {"angle": -45, "axis": "y", "origin": [8.8, 8, 7]},
			"faces": {
				"north": {"uv": [0, 13, 0.125, 13.75], "texture": "#0"},
				"east": {"uv": [9, 3, 9.25, 3.75], "texture": "#0"},
				"south": {"uv": [13, 0, 13.125, 0.75], "texture": "#0"},
				"west": {"uv": [9, 4, 9.25, 4.75], "texture": "#0"},
				"up": {"uv": [14.625, 0.75, 14.5, 0.5], "texture": "#0"},
				"down": {"uv": [1.125, 14.5, 1, 14.75], "texture": "#0"}
			}
		},
		{
			"name": "hexadecagon",
			"from": [8.55, 7, 6.95027],
			"to": [8.65, 8.5, 7.04973],
			"rotation": {"angle": 22.5, "axis": "y", "origin": [8.8, 8, 7]},
			"faces": {
				"north": {"uv": [8.5, 4, 8.75, 4.75], "texture": "#0"},
				"east": {"uv": [12.5, 6, 12.625, 6.75], "texture": "#0"},
				"south": {"uv": [8.5, 5, 8.75, 5.75], "texture": "#0"},
				"west": {"uv": [6.5, 12.5, 6.625, 13.25], "texture": "#0"},
				"up": {"uv": [11.75, 14.125, 11.5, 14], "texture": "#0"},
				"down": {"uv": [14.25, 11.5, 14, 11.625], "texture": "#0"}
			}
		},
		{
			"name": "hexadecagon",
			"from": [8.55, 7, 6.95027],
			"to": [8.65, 8.5, 7.04973],
			"rotation": {"angle": 0, "axis": "y", "origin": [8.8, 8, 7]},
			"faces": {
				"north": {"uv": [8.5, 6, 8.75, 6.75], "texture": "#0"},
				"east": {"uv": [7, 12.5, 7.125, 13.25], "texture": "#0"},
				"south": {"uv": [8.5, 7, 8.75, 7.75], "texture": "#0"},
				"west": {"uv": [12.5, 7, 12.625, 7.75], "texture": "#0"},
				"up": {"uv": [12.25, 14.125, 12, 14], "texture": "#0"},
				"down": {"uv": [14.25, 12, 14, 12.125], "texture": "#0"}
			}
		},
		{
			"name": "hexadecagon",
			"from": [8.55, 7, 6.95027],
			"to": [8.65, 8.5, 7.04973],
			"rotation": {"angle": -22.5, "axis": "y", "origin": [8.8, 8, 7]},
			"faces": {
				"north": {"uv": [8.5, 8, 8.75, 8.75], "texture": "#0"},
				"east": {"uv": [7.5, 12.5, 7.625, 13.25], "texture": "#0"},
				"south": {"uv": [0, 9, 0.25, 9.75], "texture": "#0"},
				"west": {"uv": [8, 12.5, 8.125, 13.25], "texture": "#0"},
				"up": {"uv": [12.75, 14.125, 12.5, 14], "texture": "#0"},
				"down": {"uv": [14.25, 12.5, 14, 12.625], "texture": "#0"}
			}
		},
		{
			"name": "hexadecagon",
			"from": [8.75027, 7, 6.75],
			"to": [8.84973, 8.5, 6.85],
			"rotation": {"angle": 45, "axis": "y", "origin": [8.8, 8, 7]},
			"faces": {
				"north": {"uv": [12.5, 8, 12.625, 8.75], "texture": "#0"},
				"east": {"uv": [9, 0, 9.25, 0.75], "texture": "#0"},
				"south": {"uv": [8.5, 12.5, 8.625, 13.25], "texture": "#0"},
				"west": {"uv": [0.5, 9, 0.75, 9.75], "texture": "#0"},
				"up": {"uv": [13.125, 14.25, 13, 14], "texture": "#0"},
				"down": {"uv": [14.125, 13, 14, 13.25], "texture": "#0"}
			}
		},
		{
			"name": "hexadecagon",
			"from": [8.15027, 8.3, 6.85],
			"to": [8.44973, 8.4, 7.15],
			"rotation": {"angle": 0, "axis": "y", "origin": [7.8, 8, 7]},
			"faces": {
				"north": {"uv": [11.5, 10, 11.625, 10.75], "texture": "#0"},
				"east": {"uv": [7.5, 2, 7.75, 2.75], "texture": "#0"},
				"south": {"uv": [11.5, 11, 11.625, 11.75], "texture": "#0"},
				"west": {"uv": [3, 7.5, 3.25, 8.25], "texture": "#0"},
				"up": {"uv": [2.125, 14.25, 2, 14], "texture": "#0"},
				"down": {"uv": [14.125, 2, 14, 2.25], "texture": "#0"}
			}
		},
		{
			"name": "hexadecagon",
			"from": [8.25027, 7, 6.75],
			"to": [8.34973, 8.5, 6.85],
			"rotation": {"angle": -45, "axis": "y", "origin": [8.3, 8, 7]},
			"faces": {
				"north": {"uv": [0, 13, 0.125, 13.75], "texture": "#0"},
				"east": {"uv": [9, 3, 9.25, 3.75], "texture": "#0"},
				"south": {"uv": [13, 0, 13.125, 0.75], "texture": "#0"},
				"west": {"uv": [9, 4, 9.25, 4.75], "texture": "#0"},
				"up": {"uv": [14.625, 0.75, 14.5, 0.5], "texture": "#0"},
				"down": {"uv": [1.125, 14.5, 1, 14.75], "texture": "#0"}
			}
		},
		{
			"name": "hexadecagon",
			"from": [8.25027, 7, 6.75],
			"to": [8.34973, 8.5, 6.85],
			"rotation": {"angle": -22.5, "axis": "y", "origin": [8.3, 8, 7]},
			"faces": {
				"north": {"uv": [12.5, 11, 12.625, 11.75], "texture": "#0"},
				"east": {"uv": [9, 2, 9.25, 2.75], "texture": "#0"},
				"south": {"uv": [12.5, 12, 12.625, 12.75], "texture": "#0"},
				"west": {"uv": [2.5, 9, 2.75, 9.75], "texture": "#0"},
				"up": {"uv": [14.625, 0.25, 14.5, 0], "texture": "#0"},
				"down": {"uv": [0.625, 14.5, 0.5, 14.75], "texture": "#0"}
			}
		},
		{
			"name": "hexadecagon",
			"from": [8.25027, 7, 6.75],
			"to": [8.34973, 8.5, 6.85],
			"rotation": {"angle": 0, "axis": "y", "origin": [8.3, 8, 7]},
			"faces": {
				"north": {"uv": [10, 12.5, 10.125, 13.25], "texture": "#0"},
				"east": {"uv": [1.5, 9, 1.75, 9.75], "texture": "#0"},
				"south": {"uv": [12.5, 10, 12.625, 10.75], "texture": "#0"},
				"west": {"uv": [2, 9, 2.25, 9.75], "texture": "#0"},
				"up": {"uv": [14.125, 14.25, 14, 14], "texture": "#0"},
				"down": {"uv": [0.125, 14.5, 0, 14.75], "texture": "#0"}
			}
		},
		{
			"name": "hexadecagon",
			"from": [8.25027, 7, 6.75],
			"to": [8.34973, 8.5, 6.85],
			"rotation": {"angle": 22.5, "axis": "y", "origin": [8.3, 8, 7]},
			"faces": {
				"north": {"uv": [9, 12.5, 9.125, 13.25], "texture": "#0"},
				"east": {"uv": [1, 9, 1.25, 9.75], "texture": "#0"},
				"south": {"uv": [12.5, 9, 12.625, 9.75], "texture": "#0"},
				"west": {"uv": [9, 1, 9.25, 1.75], "texture": "#0"},
				"up": {"uv": [13.625, 14.25, 13.5, 14], "texture": "#0"},
				"down": {"uv": [14.125, 13.5, 14, 13.75], "texture": "#0"}
			}
		},
		{
			"name": "hexadecagon",
			"from": [8.25027, 7, 7.15],
			"to": [8.34973, 8.5, 7.25],
			"rotation": {"angle": 45, "axis": "y", "origin": [8.3, 8, 7]},
			"faces": {
				"north": {"uv": [12.5, 8, 12.625, 8.75], "texture": "#0"},
				"east": {"uv": [9, 0, 9.25, 0.75], "texture": "#0"},
				"south": {"uv": [8.5, 12.5, 8.625, 13.25], "texture": "#0"},
				"west": {"uv": [0.5, 9, 0.75, 9.75], "texture": "#0"},
				"up": {"uv": [13.125, 14.25, 13, 14], "texture": "#0"},
				"down": {"uv": [14.125, 13, 14, 13.25], "texture": "#0"}
			}
		},
		{
			"name": "hexadecagon",
			"from": [8.45, 7, 6.95027],
			"to": [8.55, 8.5, 7.04973],
			"rotation": {"angle": -22.5, "axis": "y", "origin": [8.3, 8, 7]},
			"faces": {
				"north": {"uv": [8.5, 8, 8.75, 8.75], "texture": "#0"},
				"east": {"uv": [7.5, 12.5, 7.625, 13.25], "texture": "#0"},
				"south": {"uv": [0, 9, 0.25, 9.75], "texture": "#0"},
				"west": {"uv": [8, 12.5, 8.125, 13.25], "texture": "#0"},
				"up": {"uv": [12.75, 14.125, 12.5, 14], "texture": "#0"},
				"down": {"uv": [14.25, 12.5, 14, 12.625], "texture": "#0"}
			}
		},
		{
			"name": "hexadecagon",
			"from": [8.45, 7, 6.95027],
			"to": [8.55, 8.5, 7.04973],
			"rotation": {"angle": 0, "axis": "y", "origin": [8.3, 8, 7]},
			"faces": {
				"north": {"uv": [8.5, 6, 8.75, 6.75], "texture": "#0"},
				"east": {"uv": [7, 12.5, 7.125, 13.25], "texture": "#0"},
				"south": {"uv": [8.5, 7, 8.75, 7.75], "texture": "#0"},
				"west": {"uv": [12.5, 7, 12.625, 7.75], "texture": "#0"},
				"up": {"uv": [12.25, 14.125, 12, 14], "texture": "#0"},
				"down": {"uv": [14.25, 12, 14, 12.125], "texture": "#0"}
			}
		},
		{
			"name": "hexadecagon",
			"from": [8.45, 7, 6.95027],
			"to": [8.55, 8.5, 7.04973],
			"rotation": {"angle": 22.5, "axis": "y", "origin": [8.3, 8, 7]},
			"faces": {
				"north": {"uv": [8.5, 4, 8.75, 4.75], "texture": "#0"},
				"east": {"uv": [12.5, 6, 12.625, 6.75], "texture": "#0"},
				"south": {"uv": [8.5, 5, 8.75, 5.75], "texture": "#0"},
				"west": {"uv": [6.5, 12.5, 6.625, 13.25], "texture": "#0"},
				"up": {"uv": [11.75, 14.125, 11.5, 14], "texture": "#0"},
				"down": {"uv": [14.25, 11.5, 14, 11.625], "texture": "#0"}
			}
		},
		{
			"name": "hexadecagon",
			"from": [8.25027, 7, 7.15],
			"to": [8.34973, 8.5, 7.25],
			"rotation": {"angle": 0, "axis": "y", "origin": [8.3, 8, 7]},
			"faces": {
				"north": {"uv": [10, 12.5, 10.125, 13.25], "texture": "#0"},
				"east": {"uv": [1.5, 9, 1.75, 9.75], "texture": "#0"},
				"south": {"uv": [12.5, 10, 12.625, 10.75], "texture": "#0"},
				"west": {"uv": [2, 9, 2.25, 9.75], "texture": "#0"},
				"up": {"uv": [14.125, 14.25, 14, 14], "texture": "#0"},
				"down": {"uv": [0.125, 14.5, 0, 14.75], "texture": "#0"}
			}
		},
		{
			"name": "hexadecagon",
			"from": [8.25027, 7, 7.15],
			"to": [8.34973, 8.5, 7.25],
			"rotation": {"angle": 22.5, "axis": "y", "origin": [8.3, 8, 7]},
			"faces": {
				"north": {"uv": [9, 12.5, 9.125, 13.25], "texture": "#0"},
				"east": {"uv": [1, 9, 1.25, 9.75], "texture": "#0"},
				"south": {"uv": [12.5, 9, 12.625, 9.75], "texture": "#0"},
				"west": {"uv": [9, 1, 9.25, 1.75], "texture": "#0"},
				"up": {"uv": [13.625, 14.25, 13.5, 14], "texture": "#0"},
				"down": {"uv": [14.125, 13.5, 14, 13.75], "texture": "#0"}
			}
		},
		{
			"name": "hexadecagon",
			"from": [8.25027, 7, 7.15],
			"to": [8.34973, 8.5, 7.25],
			"rotation": {"angle": -22.5, "axis": "y", "origin": [8.3, 8, 7]},
			"faces": {
				"north": {"uv": [12.5, 11, 12.625, 11.75], "texture": "#0"},
				"east": {"uv": [9, 2, 9.25, 2.75], "texture": "#0"},
				"south": {"uv": [12.5, 12, 12.625, 12.75], "texture": "#0"},
				"west": {"uv": [2.5, 9, 2.75, 9.75], "texture": "#0"},
				"up": {"uv": [14.625, 0.25, 14.5, 0], "texture": "#0"},
				"down": {"uv": [0.625, 14.5, 0.5, 14.75], "texture": "#0"}
			}
		},
		{
			"name": "hexadecagon",
			"from": [8.25027, 7, 7.15],
			"to": [8.34973, 8.5, 7.25],
			"rotation": {"angle": -45, "axis": "y", "origin": [8.3, 8, 7]},
			"faces": {
				"north": {"uv": [0, 13, 0.125, 13.75], "texture": "#0"},
				"east": {"uv": [9, 3, 9.25, 3.75], "texture": "#0"},
				"south": {"uv": [13, 0, 13.125, 0.75], "texture": "#0"},
				"west": {"uv": [9, 4, 9.25, 4.75], "texture": "#0"},
				"up": {"uv": [14.625, 0.75, 14.5, 0.5], "texture": "#0"},
				"down": {"uv": [1.125, 14.5, 1, 14.75], "texture": "#0"}
			}
		},
		{
			"name": "hexadecagon",
			"from": [8.05, 7, 6.95027],
			"to": [8.15, 8.5, 7.04973],
			"rotation": {"angle": 22.5, "axis": "y", "origin": [8.3, 8, 7]},
			"faces": {
				"north": {"uv": [8.5, 4, 8.75, 4.75], "texture": "#0"},
				"east": {"uv": [12.5, 6, 12.625, 6.75], "texture": "#0"},
				"south": {"uv": [8.5, 5, 8.75, 5.75], "texture": "#0"},
				"west": {"uv": [6.5, 12.5, 6.625, 13.25], "texture": "#0"},
				"up": {"uv": [11.75, 14.125, 11.5, 14], "texture": "#0"},
				"down": {"uv": [14.25, 11.5, 14, 11.625], "texture": "#0"}
			}
		},
		{
			"name": "hexadecagon",
			"from": [8.05, 7, 6.95027],
			"to": [8.15, 8.5, 7.04973],
			"rotation": {"angle": 0, "axis": "y", "origin": [8.3, 8, 7]},
			"faces": {
				"north": {"uv": [8.5, 6, 8.75, 6.75], "texture": "#0"},
				"east": {"uv": [7, 12.5, 7.125, 13.25], "texture": "#0"},
				"south": {"uv": [8.5, 7, 8.75, 7.75], "texture": "#0"},
				"west": {"uv": [12.5, 7, 12.625, 7.75], "texture": "#0"},
				"up": {"uv": [12.25, 14.125, 12, 14], "texture": "#0"},
				"down": {"uv": [14.25, 12, 14, 12.125], "texture": "#0"}
			}
		},
		{
			"name": "hexadecagon",
			"from": [8.05, 7, 6.95027],
			"to": [8.15, 8.5, 7.04973],
			"rotation": {"angle": -22.5, "axis": "y", "origin": [8.3, 8, 7]},
			"faces": {
				"north": {"uv": [8.5, 8, 8.75, 8.75], "texture": "#0"},
				"east": {"uv": [7.5, 12.5, 7.625, 13.25], "texture": "#0"},
				"south": {"uv": [0, 9, 0.25, 9.75], "texture": "#0"},
				"west": {"uv": [8, 12.5, 8.125, 13.25], "texture": "#0"},
				"up": {"uv": [12.75, 14.125, 12.5, 14], "texture": "#0"},
				"down": {"uv": [14.25, 12.5, 14, 12.625], "texture": "#0"}
			}
		},
		{
			"name": "hexadecagon",
			"from": [8.25027, 7, 6.75],
			"to": [8.34973, 8.5, 6.85],
			"rotation": {"angle": 45, "axis": "y", "origin": [8.3, 8, 7]},
			"faces": {
				"north": {"uv": [12.5, 8, 12.625, 8.75], "texture": "#0"},
				"east": {"uv": [9, 0, 9.25, 0.75], "texture": "#0"},
				"south": {"uv": [8.5, 12.5, 8.625, 13.25], "texture": "#0"},
				"west": {"uv": [0.5, 9, 0.75, 9.75], "texture": "#0"},
				"up": {"uv": [13.125, 14.25, 13, 14], "texture": "#0"},
				"down": {"uv": [14.125, 13, 14, 13.25], "texture": "#0"}
			}
		},
		{
			"name": "hexadecagon",
			"from": [7.65027, 8.3, 6.85],
			"to": [7.94973, 8.4, 7.15],
			"rotation": {"angle": 0, "axis": "y", "origin": [7.3, 8, 7]},
			"faces": {
				"north": {"uv": [11.5, 10, 11.625, 10.75], "texture": "#0"},
				"east": {"uv": [7.5, 2, 7.75, 2.75], "texture": "#0"},
				"south": {"uv": [11.5, 11, 11.625, 11.75], "texture": "#0"},
				"west": {"uv": [3, 7.5, 3.25, 8.25], "texture": "#0"},
				"up": {"uv": [2.125, 14.25, 2, 14], "texture": "#0"},
				"down": {"uv": [14.125, 2, 14, 2.25], "texture": "#0"}
			}
		},
		{
			"name": "hexadecagon",
			"from": [7.75027, 7, 6.75],
			"to": [7.84973, 8.5, 6.85],
			"rotation": {"angle": -45, "axis": "y", "origin": [7.8, 8, 7]},
			"faces": {
				"north": {"uv": [0, 13, 0.125, 13.75], "texture": "#0"},
				"east": {"uv": [9, 3, 9.25, 3.75], "texture": "#0"},
				"south": {"uv": [13, 0, 13.125, 0.75], "texture": "#0"},
				"west": {"uv": [9, 4, 9.25, 4.75], "texture": "#0"},
				"up": {"uv": [14.625, 0.75, 14.5, 0.5], "texture": "#0"},
				"down": {"uv": [1.125, 14.5, 1, 14.75], "texture": "#0"}
			}
		},
		{
			"name": "hexadecagon",
			"from": [7.75027, 7, 6.75],
			"to": [7.84973, 8.5, 6.85],
			"rotation": {"angle": -22.5, "axis": "y", "origin": [7.8, 8, 7]},
			"faces": {
				"north": {"uv": [12.5, 11, 12.625, 11.75], "texture": "#0"},
				"east": {"uv": [9, 2, 9.25, 2.75], "texture": "#0"},
				"south": {"uv": [12.5, 12, 12.625, 12.75], "texture": "#0"},
				"west": {"uv": [2.5, 9, 2.75, 9.75], "texture": "#0"},
				"up": {"uv": [14.625, 0.25, 14.5, 0], "texture": "#0"},
				"down": {"uv": [0.625, 14.5, 0.5, 14.75], "texture": "#0"}
			}
		},
		{
			"name": "hexadecagon",
			"from": [7.75027, 7, 6.75],
			"to": [7.84973, 8.5, 6.85],
			"rotation": {"angle": 0, "axis": "y", "origin": [7.8, 8, 7]},
			"faces": {
				"north": {"uv": [10, 12.5, 10.125, 13.25], "texture": "#0"},
				"east": {"uv": [1.5, 9, 1.75, 9.75], "texture": "#0"},
				"south": {"uv": [12.5, 10, 12.625, 10.75], "texture": "#0"},
				"west": {"uv": [2, 9, 2.25, 9.75], "texture": "#0"},
				"up": {"uv": [14.125, 14.25, 14, 14], "texture": "#0"},
				"down": {"uv": [0.125, 14.5, 0, 14.75], "texture": "#0"}
			}
		},
		{
			"name": "hexadecagon",
			"from": [7.75027, 7, 6.75],
			"to": [7.84973, 8.5, 6.85],
			"rotation": {"angle": 22.5, "axis": "y", "origin": [7.8, 8, 7]},
			"faces": {
				"north": {"uv": [9, 12.5, 9.125, 13.25], "texture": "#0"},
				"east": {"uv": [1, 9, 1.25, 9.75], "texture": "#0"},
				"south": {"uv": [12.5, 9, 12.625, 9.75], "texture": "#0"},
				"west": {"uv": [9, 1, 9.25, 1.75], "texture": "#0"},
				"up": {"uv": [13.625, 14.25, 13.5, 14], "texture": "#0"},
				"down": {"uv": [14.125, 13.5, 14, 13.75], "texture": "#0"}
			}
		},
		{
			"name": "hexadecagon",
			"from": [7.75027, 7, 7.15],
			"to": [7.84973, 8.5, 7.25],
			"rotation": {"angle": 45, "axis": "y", "origin": [7.8, 8, 7]},
			"faces": {
				"north": {"uv": [12.5, 8, 12.625, 8.75], "texture": "#0"},
				"east": {"uv": [9, 0, 9.25, 0.75], "texture": "#0"},
				"south": {"uv": [8.5, 12.5, 8.625, 13.25], "texture": "#0"},
				"west": {"uv": [0.5, 9, 0.75, 9.75], "texture": "#0"},
				"up": {"uv": [13.125, 14.25, 13, 14], "texture": "#0"},
				"down": {"uv": [14.125, 13, 14, 13.25], "texture": "#0"}
			}
		},
		{
			"name": "hexadecagon",
			"from": [7.95, 7, 6.95027],
			"to": [8.05, 8.5, 7.04973],
			"rotation": {"angle": -22.5, "axis": "y", "origin": [7.8, 8, 7]},
			"faces": {
				"north": {"uv": [8.5, 8, 8.75, 8.75], "texture": "#0"},
				"east": {"uv": [7.5, 12.5, 7.625, 13.25], "texture": "#0"},
				"south": {"uv": [0, 9, 0.25, 9.75], "texture": "#0"},
				"west": {"uv": [8, 12.5, 8.125, 13.25], "texture": "#0"},
				"up": {"uv": [12.75, 14.125, 12.5, 14], "texture": "#0"},
				"down": {"uv": [14.25, 12.5, 14, 12.625], "texture": "#0"}
			}
		},
		{
			"name": "hexadecagon",
			"from": [7.95, 7, 6.95027],
			"to": [8.05, 8.5, 7.04973],
			"rotation": {"angle": 0, "axis": "y", "origin": [7.8, 8, 7]},
			"faces": {
				"north": {"uv": [8.5, 6, 8.75, 6.75], "texture": "#0"},
				"east": {"uv": [7, 12.5, 7.125, 13.25], "texture": "#0"},
				"south": {"uv": [8.5, 7, 8.75, 7.75], "texture": "#0"},
				"west": {"uv": [12.5, 7, 12.625, 7.75], "texture": "#0"},
				"up": {"uv": [12.25, 14.125, 12, 14], "texture": "#0"},
				"down": {"uv": [14.25, 12, 14, 12.125], "texture": "#0"}
			}
		},
		{
			"name": "hexadecagon",
			"from": [7.95, 7, 6.95027],
			"to": [8.05, 8.5, 7.04973],
			"rotation": {"angle": 22.5, "axis": "y", "origin": [7.8, 8, 7]},
			"faces": {
				"north": {"uv": [8.5, 4, 8.75, 4.75], "texture": "#0"},
				"east": {"uv": [12.5, 6, 12.625, 6.75], "texture": "#0"},
				"south": {"uv": [8.5, 5, 8.75, 5.75], "texture": "#0"},
				"west": {"uv": [6.5, 12.5, 6.625, 13.25], "texture": "#0"},
				"up": {"uv": [11.75, 14.125, 11.5, 14], "texture": "#0"},
				"down": {"uv": [14.25, 11.5, 14, 11.625], "texture": "#0"}
			}
		},
		{
			"name": "hexadecagon",
			"from": [7.75027, 7, 7.15],
			"to": [7.84973, 8.5, 7.25],
			"rotation": {"angle": 0, "axis": "y", "origin": [7.8, 8, 7]},
			"faces": {
				"north": {"uv": [10, 12.5, 10.125, 13.25], "texture": "#0"},
				"east": {"uv": [1.5, 9, 1.75, 9.75], "texture": "#0"},
				"south": {"uv": [12.5, 10, 12.625, 10.75], "texture": "#0"},
				"west": {"uv": [2, 9, 2.25, 9.75], "texture": "#0"},
				"up": {"uv": [14.125, 14.25, 14, 14], "texture": "#0"},
				"down": {"uv": [0.125, 14.5, 0, 14.75], "texture": "#0"}
			}
		},
		{
			"name": "hexadecagon",
			"from": [7.75027, 7, 7.15],
			"to": [7.84973, 8.5, 7.25],
			"rotation": {"angle": 22.5, "axis": "y", "origin": [7.8, 8, 7]},
			"faces": {
				"north": {"uv": [9, 12.5, 9.125, 13.25], "texture": "#0"},
				"east": {"uv": [1, 9, 1.25, 9.75], "texture": "#0"},
				"south": {"uv": [12.5, 9, 12.625, 9.75], "texture": "#0"},
				"west": {"uv": [9, 1, 9.25, 1.75], "texture": "#0"},
				"up": {"uv": [13.625, 14.25, 13.5, 14], "texture": "#0"},
				"down": {"uv": [14.125, 13.5, 14, 13.75], "texture": "#0"}
			}
		},
		{
			"name": "hexadecagon",
			"from": [7.75027, 7, 7.15],
			"to": [7.84973, 8.5, 7.25],
			"rotation": {"angle": -22.5, "axis": "y", "origin": [7.8, 8, 7]},
			"faces": {
				"north": {"uv": [12.5, 11, 12.625, 11.75], "texture": "#0"},
				"east": {"uv": [9, 2, 9.25, 2.75], "texture": "#0"},
				"south": {"uv": [12.5, 12, 12.625, 12.75], "texture": "#0"},
				"west": {"uv": [2.5, 9, 2.75, 9.75], "texture": "#0"},
				"up": {"uv": [14.625, 0.25, 14.5, 0], "texture": "#0"},
				"down": {"uv": [0.625, 14.5, 0.5, 14.75], "texture": "#0"}
			}
		},
		{
			"name": "hexadecagon",
			"from": [7.75027, 7, 7.15],
			"to": [7.84973, 8.5, 7.25],
			"rotation": {"angle": -45, "axis": "y", "origin": [7.8, 8, 7]},
			"faces": {
				"north": {"uv": [0, 13, 0.125, 13.75], "texture": "#0"},
				"east": {"uv": [9, 3, 9.25, 3.75], "texture": "#0"},
				"south": {"uv": [13, 0, 13.125, 0.75], "texture": "#0"},
				"west": {"uv": [9, 4, 9.25, 4.75], "texture": "#0"},
				"up": {"uv": [14.625, 0.75, 14.5, 0.5], "texture": "#0"},
				"down": {"uv": [1.125, 14.5, 1, 14.75], "texture": "#0"}
			}
		},
		{
			"name": "hexadecagon",
			"from": [7.55, 7, 6.95027],
			"to": [7.65, 8.5, 7.04973],
			"rotation": {"angle": 22.5, "axis": "y", "origin": [7.8, 8, 7]},
			"faces": {
				"north": {"uv": [8.5, 4, 8.75, 4.75], "texture": "#0"},
				"east": {"uv": [12.5, 6, 12.625, 6.75], "texture": "#0"},
				"south": {"uv": [8.5, 5, 8.75, 5.75], "texture": "#0"},
				"west": {"uv": [6.5, 12.5, 6.625, 13.25], "texture": "#0"},
				"up": {"uv": [11.75, 14.125, 11.5, 14], "texture": "#0"},
				"down": {"uv": [14.25, 11.5, 14, 11.625], "texture": "#0"}
			}
		},
		{
			"name": "hexadecagon",
			"from": [7.55, 7, 6.95027],
			"to": [7.65, 8.5, 7.04973],
			"rotation": {"angle": 0, "axis": "y", "origin": [7.8, 8, 7]},
			"faces": {
				"north": {"uv": [8.5, 6, 8.75, 6.75], "texture": "#0"},
				"east": {"uv": [7, 12.5, 7.125, 13.25], "texture": "#0"},
				"south": {"uv": [8.5, 7, 8.75, 7.75], "texture": "#0"},
				"west": {"uv": [12.5, 7, 12.625, 7.75], "texture": "#0"},
				"up": {"uv": [12.25, 14.125, 12, 14], "texture": "#0"},
				"down": {"uv": [14.25, 12, 14, 12.125], "texture": "#0"}
			}
		},
		{
			"name": "hexadecagon",
			"from": [7.55, 7, 6.95027],
			"to": [7.65, 8.5, 7.04973],
			"rotation": {"angle": -22.5, "axis": "y", "origin": [7.8, 8, 7]},
			"faces": {
				"north": {"uv": [8.5, 8, 8.75, 8.75], "texture": "#0"},
				"east": {"uv": [7.5, 12.5, 7.625, 13.25], "texture": "#0"},
				"south": {"uv": [0, 9, 0.25, 9.75], "texture": "#0"},
				"west": {"uv": [8, 12.5, 8.125, 13.25], "texture": "#0"},
				"up": {"uv": [12.75, 14.125, 12.5, 14], "texture": "#0"},
				"down": {"uv": [14.25, 12.5, 14, 12.625], "texture": "#0"}
			}
		},
		{
			"name": "hexadecagon",
			"from": [7.75027, 7, 6.75],
			"to": [7.84973, 8.5, 6.85],
			"rotation": {"angle": 45, "axis": "y", "origin": [7.8, 8, 7]},
			"faces": {
				"north": {"uv": [12.5, 8, 12.625, 8.75], "texture": "#0"},
				"east": {"uv": [9, 0, 9.25, 0.75], "texture": "#0"},
				"south": {"uv": [8.5, 12.5, 8.625, 13.25], "texture": "#0"},
				"west": {"uv": [0.5, 9, 0.75, 9.75], "texture": "#0"},
				"up": {"uv": [13.125, 14.25, 13, 14], "texture": "#0"},
				"down": {"uv": [14.125, 13, 14, 13.25], "texture": "#0"}
			}
		}
	],
	"display": {
		"firstperson_righthand": {
			"rotation": [8, 124, 0],
			"translation": [-1.25, 4.25, 4]
		},
		"firstperson_lefthand": {
			"rotation": [0, 124, 0],
			"translation": [-0.75, 4.25, 4]
		},
		"ground": {
			"translation": [0, -2.25, 0],
			"scale": [1.5, 1.5, 1.5]
		},
		"gui": {
			"rotation": [37, 155, 0],
			"translation": [0.5, 0, 0],
			"scale": [3, 3, 3]
		}
	},
	"groups": [
		0,
		1,
		2,
		3,
		4,
		5,
		6,
		7,
		8,
		{
			"name": "hexadecagon",
			"origin": [8, 8, 8],
			"color": 0,
			"children": [
				9,
				10,
				11,
				12,
				13,
				14,
				15,
				16,
				17,
				18,
				19,
				20,
				21,
				22,
				23,
				24,
				25,
				26,
				27,
				28,
				29,
				30,
				31,
				32,
				33,
				34,
				35,
				36,
				37,
				38,
				39,
				40,
				41,
				42,
				43,
				44,
				45,
				46,
				47,
				48,
				49,
				50,
				51,
				52,
				53,
				54,
				55,
				56,
				57,
				58,
				59
			]
		},
		{
			"name": "hexadecagon",
			"origin": [8, 8, 8],
			"color": 0,
			"children": [
				60,
				61,
				62,
				63,
				64,
				65,
				66,
				67,
				68,
				69,
				70,
				71,
				72,
				73,
				74,
				75,
				76,
				77,
				78,
				79,
				80,
				81,
				82,
				83,
				84,
				85,
				86,
				87,
				88,
				89,
				90,
				91,
				92,
				93,
				94,
				95,
				96,
				97,
				98,
				99,
				100,
				101,
				102,
				103,
				104,
				105,
				106,
				107,
				108,
				109,
				110
			]
		},
		{
			"name": "hexadecagon",
			"origin": [8, 8, 8],
			"color": 0,
			"children": [
				111,
				112,
				113,
				114,
				115,
				116,
				117,
				118,
				119,
				120,
				121,
				122,
				123,
				124,
				125,
				126,
				127,
				128,
				129,
				130,
				131,
				132,
				133,
				134,
				135,
				136,
				137,
				138,
				139,
				140,
				141,
				142,
				143,
				144,
				145,
				146,
				147,
				148,
				149,
				150,
				151,
				152,
				153,
				154,
				155,
				156,
				157,
				158,
				159,
				160,
				161
			]
		}
	]
}