{
	"credit": "By MR_SET_",
	"texture_size": [8, 8],
	"textures": {
		"0": "block/nether_wart_stage0",
		"particle": "block/nether_wart_stage0"
	},
	"elements": [
		{
			"from": [8, -6.4, 1.6],
			"to": [8, 19.2, 14.4],
			"rotation": {"angle": 0, "axis": "y", "origin": [-17.6, 6.4, -17.6]},
			"faces": {
				"north": {"uv": [0.064, 0.064, 0.064, 15.936], "texture": "#0"},
				"east": {"uv": [7.936, 0.064, 0.064, 15.936], "texture": "#0"},
				"south": {"uv": [0.064, 0.064, 0.064, 15.936], "texture": "#0"},
				"west": {"uv": [0.064, 0.064, 7.936, 15.936], "texture": "#0"},
				"up": {"uv": [0.064, 7.936, 0.064, 0.064], "texture": "#0"},
				"down": {"uv": [0.064, 0.064, 0.064, 7.936], "texture": "#0"}
			}
		},
		{
			"from": [1.28, -6.4, 7.68],
			"to": [14.08, 19.2, 7.68],
			"rotation": {"angle": 0, "axis": "y", "origin": [-17.6, 6.4, -17.6]},
			"faces": {
				"north": {"uv": [0.064, 0.064, 7.936, 15.936], "texture": "#0"},
				"east": {"uv": [0.064, 0.064, 0.064, 15.936], "texture": "#0"},
				"south": {"uv": [7.936, 0.064, 0.064, 15.936], "texture": "#0"},
				"west": {"uv": [0.064, 0.064, 0.064, 15.936], "texture": "#0"},
				"up": {"uv": [0.064, 7.936, 0.064, 0.064], "rotation": 90, "texture": "#0"},
				"down": {"uv": [0.064, 0.064, 0.064, 7.936], "rotation": 270, "texture": "#0"}
			}
		}
	],
	"display": {
		"thirdperson_righthand": {
			"translation": [0, 16, 0.25],
			"scale": [3, 3, 3]
		},
		"thirdperson_lefthand": {
			"translation": [0, 16, 0],
			"scale": [3, 3, 3]
		},
		"fixed": {
			"rotation": [0, 104, 0],
			"translation": [0, 48, 17.5],
			"scale": [4, 4, 4]
		}
	}
}