{
	"credit": "By MR_SET_",
	"texture_size": [64, 64],
	"textures": {
		"1": "block/twisting_vines_plant",
		"particle": "block/twisting_vines_plant"
	},
	"elements": [
		{
			"from": [8, -10.56, -4.672],
			"to": [8, 31.68, 20.672],
			"rotation": {"angle": 0, "axis": "y", "origin": [-8.896, -10.56, -8.896]},
			"faces": {
				"north": {"uv": [0, 0, 0, 5], "texture": "#1"},
				"east": {"uv": [0, 5.5625, 3, 10.5625], "texture": "#1"},
				"south": {"uv": [0, 0, 0, 5], "texture": "#1"},
				"west": {"uv": [3, 5.5625, 0, 10.5625], "texture": "#1"},
				"up": {"uv": [0, 3, 0, 0], "texture": "#1"},
				"down": {"uv": [0, 0, 0, 3], "texture": "#1"}
			}
		},
		{
			"from": [-4.4608, -10.56, 8.2112],
			"to": [20.8832, 31.68, 8.2112],
			"rotation": {"angle": 0, "axis": "y", "origin": [-8.896, -10.56, -8.896]},
			"faces": {
				"north": {"uv": [3, 5.5625, 0, 10.5625], "texture": "#1"},
				"east": {"uv": [0, 0, 0, 5], "texture": "#1"},
				"south": {"uv": [0, 5.5625, 3, 10.5625], "texture": "#1"},
				"west": {"uv": [0, 0, 0, 5], "texture": "#1"},
				"up": {"uv": [3, 0, 0, 0], "texture": "#1"},
				"down": {"uv": [3, 0, 0, 0], "texture": "#1"}
			}
		}
	],
	"display": {
		"fixed": {
			"translation": [0, 47.75, 15.5],
			"scale": [4, 4, 4]
		}
	}
}