{
	"credit": "quiktori",
	"texture_size": [256, 256],
	"textures": {
		"1": "items/tank-2048"
	},
	"elements": [
		{
			"from": [3.51913, 9.53611, 7.75546],
			"to": [13.31565, 10.71663, 9.14776],
			"rotation": {"angle": 0, "axis": "y", "origin": [4.90091, 3.76794, 3.68066]},
			"faces": {
				"north": {"uv": [4.252, 2.002, 4.85938, 2.07031], "texture": "#1"},
				"east": {"uv": [4.8145, 6.5645, 4.89844, 6.63281], "texture": "#1"},
				"south": {"uv": [4.252, 3.002, 4.85938, 3.07031], "texture": "#1"},
				"west": {"uv": [6.5645, 4.877, 6.64844, 4.94531], "texture": "#1"},
				"up": {"uv": [4.79688, 0.21094, 4.1895, 0.127], "texture": "#1"},
				"down": {"uv": [4.79688, 0.252, 4.1895, 0.33594], "texture": "#1"}
			}
		},
		{
			"from": [3.51913, 7.25886, 7.75546],
			"to": [13.35186, 9.02442, 9.1458],
			"rotation": {"angle": 0, "axis": "y", "origin": [4.82347, -0.91119, -0.64393]},
			"faces": {
				"north": {"uv": [3.627, 3.002, 4.24219, 3.10938], "texture": "#1"},
				"east": {"uv": [5.252, 2.3145, 5.33594, 2.42188], "texture": "#1"},
				"south": {"uv": [3.1895, 3.627, 3.80469, 3.73438], "texture": "#1"},
				"west": {"uv": [5.252, 3.752, 5.33594, 3.85938], "texture": "#1"},
				"up": {"uv": [4.74219, 2.46094, 4.127, 2.377], "texture": "#1"},
				"down": {"uv": [4.80469, 0.002, 4.1895, 0.08594], "texture": "#1"}
			}
		},
		{
			"from": [3.51913, 9.02442, 7.75546],
			"to": [4.71643, 9.53611, 9.14776],
			"rotation": {"angle": 0, "axis": "y", "origin": [4.90091, 3.82953, 3.68066]},
			"faces": {
				"north": {"uv": [6.9395, 5.0645, 7.01563, 5.09375], "texture": "#1"},
				"east": {"uv": [4.627, 6.9395, 4.71094, 6.96875], "texture": "#1"},
				"south": {"uv": [5.127, 6.9395, 5.20313, 6.96875], "texture": "#1"},
				"west": {"uv": [6.9395, 4.6895, 7.02344, 4.71875], "texture": "#1"},
				"up": {"uv": [4.14063, 6.58594, 4.0645, 6.502], "texture": "#1"},
				"down": {"uv": [4.26563, 6.502, 4.1895, 6.58594], "texture": "#1"}
			}
		},
		{
			"from": [5.43007, 9.02442, 7.75546],
			"to": [5.6719, 9.53611, 9.14776],
			"rotation": {"angle": 0, "axis": "y", "origin": [4.90091, 3.82953, 3.68066]},
			"faces": {
				"north": {"uv": [4.752, 8.002, 4.76563, 8.03125], "texture": "#1"},
				"east": {"uv": [6.9395, 4.8145, 7.02344, 4.84375], "texture": "#1"},
				"south": {"uv": [8.002, 4.752, 8.01563, 4.78125], "texture": "#1"},
				"west": {"uv": [4.877, 6.9395, 4.96094, 6.96875], "texture": "#1"},
				"up": {"uv": [7.39063, 5.21094, 7.377, 5.127], "texture": "#1"},
				"down": {"uv": [5.20313, 7.377, 5.1895, 7.46094], "texture": "#1"}
			}
		},
		{
			"from": [6.38554, 9.02442, 7.75546],
			"to": [10.44924, 9.53611, 9.14776],
			"rotation": {"angle": 0, "axis": "y", "origin": [4.90091, 3.82953, 3.68066]},
			"faces": {
				"north": {"uv": [5.377, 0.752, 5.63281, 0.78125], "texture": "#1"},
				"east": {"uv": [4.752, 6.9395, 4.83594, 6.96875], "texture": "#1"},
				"south": {"uv": [5.377, 1.252, 5.63281, 1.28125], "texture": "#1"},
				"west": {"uv": [6.9395, 4.752, 7.02344, 4.78125], "texture": "#1"},
				"up": {"uv": [4.88281, 1.96094, 4.627, 1.877], "texture": "#1"},
				"down": {"uv": [3.19531, 4.627, 2.9395, 4.71094], "texture": "#1"}
			}
		},
		{
			"from": [11.16288, 9.02442, 7.75546],
			"to": [11.40471, 9.53611, 9.14776],
			"rotation": {"angle": 0, "axis": "y", "origin": [11.93387, 3.82953, 3.68066]},
			"faces": {
				"north": {"uv": [4.8145, 8.002, 4.82813, 8.03125], "texture": "#1"},
				"east": {"uv": [6.9395, 4.877, 7.02344, 4.90625], "texture": "#1"},
				"south": {"uv": [8.002, 4.8145, 8.01563, 4.84375], "texture": "#1"},
				"west": {"uv": [6.9395, 4.9395, 7.02344, 4.96875], "texture": "#1"},
				"up": {"uv": [5.26563, 7.46094, 5.252, 7.377], "texture": "#1"},
				"down": {"uv": [7.39063, 5.252, 7.377, 5.33594], "texture": "#1"}
			}
		},
		{
			"from": [12.11835, 9.02442, 7.75546],
			"to": [13.31565, 9.53611, 9.14776],
			"rotation": {"angle": 0, "axis": "y", "origin": [11.93387, 3.82953, 3.68066]},
			"faces": {
				"north": {"uv": [7.002, 4.502, 7.07813, 4.53125], "texture": "#1"},
				"east": {"uv": [5.002, 6.9395, 5.08594, 6.96875], "texture": "#1"},
				"south": {"uv": [7.002, 4.5645, 7.07813, 4.59375], "texture": "#1"},
				"west": {"uv": [6.9395, 5.002, 7.02344, 5.03125], "texture": "#1"},
				"up": {"uv": [4.39063, 6.58594, 4.3145, 6.502], "texture": "#1"},
				"down": {"uv": [4.51563, 6.502, 4.4395, 6.58594], "texture": "#1"}
			}
		},
		{
			"from": [9.55512, 9.01157, 9.4555],
			"to": [9.73269, 10.40751, 10.44769],
			"rotation": {"angle": 22.5, "axis": "y", "origin": [12.04752, -0.91119, -0.64393]},
			"faces": {
				"north": {"uv": [2.5645, 7.752, 2.57031, 7.83594], "texture": "#1"},
				"east": {"uv": [5.627, 6.5645, 5.6855, 6.64844], "texture": "#1"},
				"south": {"uv": [7.752, 2.5645, 7.75781, 2.64844], "texture": "#1"},
				"west": {"uv": [5.6895, 6.5645, 5.748, 6.64844], "texture": "#1"},
				"up": {"uv": [7.75781, 4.4355, 7.752, 4.377], "texture": "#1"},
				"down": {"uv": [4.44531, 7.752, 4.4395, 7.8105], "texture": "#1"}
			}
		},
		{
			"from": [7.07734, 7.25886, 13.64105],
			"to": [9.23144, 11.07872, 17.50562],
			"rotation": {"angle": 22.5, "axis": "y", "origin": [-0.00792, -1.12619, 1.03606]},
			"faces": {
				"north": {"uv": [4.377, 2.127, 4.50781, 2.36719], "texture": "#1"},
				"east": {"uv": [1.3145, 4.127, 1.55469, 4.36719], "texture": "#1"},
				"south": {"uv": [3.002, 4.377, 3.13281, 4.61719], "texture": "#1"},
				"west": {"uv": [1.5645, 4.127, 1.80469, 4.36719], "texture": "#1"},
				"up": {"uv": [3.32031, 4.61719, 3.1895, 4.377], "texture": "#1"},
				"down": {"uv": [3.50781, 4.377, 3.377, 4.61719], "texture": "#1"}
			}
		},
		{
			"from": [20.74652, 9.93322, 5.50559],
			"to": [21.71408, 10.40751, 5.97112],
			"rotation": {"angle": -45, "axis": "y", "origin": [12.04752, -0.91119, -0.64393]},
			"faces": {
				"north": {"uv": [0.3145, 7.0645, 0.373, 7.09375], "texture": "#1"},
				"east": {"uv": [0.252, 7.502, 0.28125, 7.53125], "texture": "#1"},
				"south": {"uv": [7.0645, 0.3145, 7.123, 0.34375], "texture": "#1"},
				"west": {"uv": [0.3145, 7.502, 0.34375, 7.53125], "texture": "#1"},
				"up": {"uv": [0.4355, 7.09375, 0.377, 7.0645], "texture": "#1"},
				"down": {"uv": [7.123, 0.377, 7.0645, 0.40625], "texture": "#1"}
			}
		},
		{
			"from": [20.74652, 9.2749, 5.37393],
			"to": [21.71408, 9.74919, 5.83946],
			"rotation": {"angle": -45, "axis": "y", "origin": [12.04752, -0.91119, -0.64393]},
			"faces": {
				"north": {"uv": [0.1895, 7.0645, 0.248, 7.09375], "texture": "#1"},
				"east": {"uv": [0.127, 7.502, 0.15625, 7.53125], "texture": "#1"},
				"south": {"uv": [7.0645, 0.1895, 7.123, 0.21875], "texture": "#1"},
				"west": {"uv": [0.1895, 7.502, 0.21875, 7.53125], "texture": "#1"},
				"up": {"uv": [0.3105, 7.09375, 0.252, 7.0645], "texture": "#1"},
				"down": {"uv": [7.123, 0.252, 7.0645, 0.28125], "texture": "#1"}
			}
		},
		{
			"from": [12.67666, 7.25886, 12.71619],
			"to": [14.83077, 10.98317, 15.15879],
			"rotation": {"angle": 0, "axis": "y", "origin": [4.73822, -1.12619, 0.1112]},
			"faces": {
				"north": {"uv": [2.002, 4.4395, 2.13281, 4.67188], "texture": "#1"},
				"east": {"uv": [4.002, 4.252, 4.15625, 4.48438], "texture": "#1"},
				"south": {"uv": [2.5645, 4.4395, 2.69531, 4.67188], "texture": "#1"},
				"west": {"uv": [0.9395, 4.3145, 1.09375, 4.54688], "texture": "#1"},
				"up": {"uv": [4.75781, 3.28125, 4.627, 3.127], "texture": "#1"},
				"down": {"uv": [3.38281, 4.627, 3.252, 4.78125], "texture": "#1"}
			}
		},
		{
			"from": [15.23682, 7.25886, 9.13297],
			"to": [17.39094, 11.07872, 12.99754],
			"rotation": {"angle": -22.5, "axis": "y", "origin": [1.04173, -1.12619, 5.69499]},
			"faces": {
				"north": {"uv": [3.5645, 4.377, 3.69531, 4.61719], "texture": "#1"},
				"east": {"uv": [1.8145, 4.127, 2.05469, 4.36719], "texture": "#1"},
				"south": {"uv": [3.752, 4.377, 3.88281, 4.61719], "texture": "#1"},
				"west": {"uv": [4.127, 2.127, 4.36719, 2.36719], "texture": "#1"},
				"up": {"uv": [4.50781, 4.17969, 4.377, 3.9395], "texture": "#1"},
				"down": {"uv": [4.50781, 4.1895, 4.377, 4.42969], "texture": "#1"}
			}
		},
		{
			"from": [10.08862, 11.04129, 10.43979],
			"to": [12.35648, 11.2778, 12.02921],
			"rotation": {"angle": 0, "axis": "y", "origin": [4.82347, -1.12619, -0.61527]},
			"faces": {
				"north": {"uv": [4.627, 7.002, 4.76563, 7.01563], "texture": "#1"},
				"east": {"uv": [7.252, 3.8145, 7.35156, 3.82813], "texture": "#1"},
				"south": {"uv": [7.002, 4.627, 7.14063, 4.64063], "texture": "#1"},
				"west": {"uv": [7.252, 3.877, 7.35156, 3.89063], "texture": "#1"},
				"up": {"uv": [4.95313, 0.78906, 4.8145, 0.6895], "texture": "#1"},
				"down": {"uv": [4.95313, 1.127, 4.8145, 1.22656], "texture": "#1"}
			}
		},
		{
			"from": [14.44151, 11.60854, 7.96346],
			"to": [15.44005, 11.84503, 8.26207],
			"rotation": {"angle": -22.5, "axis": "y", "origin": [4.79799, -1.18831, -0.67658]},
			"faces": {
				"north": {"uv": [7.377, 7.4395, 7.4355, 7.45313], "texture": "#1"},
				"east": {"uv": [8.1895, 7.3145, 8.20313, 7.32813], "texture": "#1"},
				"south": {"uv": [7.4395, 7.4395, 7.498, 7.45313], "texture": "#1"},
				"west": {"uv": [7.377, 8.1895, 7.39063, 8.20313], "texture": "#1"},
				"up": {"uv": [0.0605, 7.51563, 0.002, 7.502], "texture": "#1"},
				"down": {"uv": [0.123, 7.502, 0.0645, 7.51563], "texture": "#1"}
			}
		},
		{
			"from": [15.23149, 11.24037, 7.96346],
			"to": [15.44005, 11.60854, 8.26207],
			"rotation": {"angle": -22.5, "axis": "y", "origin": [4.79799, -1.16148, -0.67658]},
			"faces": {
				"north": {"uv": [8.1895, 2.6895, 8.20313, 2.71094], "texture": "#1"},
				"east": {"uv": [2.752, 8.1895, 2.76563, 8.21094], "texture": "#1"},
				"south": {"uv": [8.1895, 2.752, 8.20313, 2.77344], "texture": "#1"},
				"west": {"uv": [2.8145, 8.1895, 2.82813, 8.21094], "texture": "#1"},
				"up": {"uv": [8.20313, 7.20313, 8.1895, 7.1895], "texture": "#1"},
				"down": {"uv": [7.26563, 8.1895, 7.252, 8.20313], "texture": "#1"}
			}
		},
		{
			"from": [14.44151, 11.24037, 7.96346],
			"to": [14.65007, 11.60854, 8.26207],
			"rotation": {"angle": -22.5, "axis": "y", "origin": [4.79799, -1.16148, -0.67658]},
			"faces": {
				"north": {"uv": [8.1895, 2.8145, 8.20313, 2.83594], "texture": "#1"},
				"east": {"uv": [2.877, 8.1895, 2.89063, 8.21094], "texture": "#1"},
				"south": {"uv": [8.1895, 2.877, 8.20313, 2.89844], "texture": "#1"},
				"west": {"uv": [2.9395, 8.1895, 2.95313, 8.21094], "texture": "#1"},
				"up": {"uv": [8.20313, 7.26563, 8.1895, 7.252], "texture": "#1"},
				"down": {"uv": [7.32813, 8.1895, 7.3145, 8.20313], "texture": "#1"}
			}
		},
		{
			"from": [4.69209, 11.04129, 13.42592],
			"to": [7.67821, 11.47687, 16.41205],
			"rotation": {"angle": 0, "axis": "y", "origin": [4.82347, -1.12619, -0.61527]},
			"faces": {
				"north": {"uv": [5.5645, 6.6895, 5.748, 6.71094], "texture": "#1"},
				"east": {"uv": [6.752, 1.752, 6.9355, 1.77344], "texture": "#1"},
				"south": {"uv": [6.752, 1.8145, 6.9355, 1.83594], "texture": "#1"},
				"west": {"uv": [6.752, 1.877, 6.9355, 1.89844], "texture": "#1"},
				"up": {"uv": [0.9355, 3.4355, 0.752, 3.252], "texture": "#1"},
				"down": {"uv": [4.4355, 3.127, 4.252, 3.3105], "texture": "#1"}
			}
		},
		{
			"from": [7.67821, 11.04129, 13.92361],
			"to": [7.97683, 11.47687, 15.91436],
			"rotation": {"angle": 0, "axis": "y", "origin": [4.82347, -1.12619, -0.61527]},
			"faces": {
				"north": {"uv": [8.1895, 2.252, 8.20313, 2.27344], "texture": "#1"},
				"east": {"uv": [6.3145, 6.877, 6.4355, 6.89844], "texture": "#1"},
				"south": {"uv": [2.3145, 8.1895, 2.32813, 8.21094], "texture": "#1"},
				"west": {"uv": [6.4395, 6.877, 6.5605, 6.89844], "texture": "#1"},
				"up": {"uv": [7.01563, 7.0605, 7.002, 6.9395], "texture": "#1"},
				"down": {"uv": [0.01563, 7.0645, 0.002, 7.1855], "texture": "#1"}
			}
		},
		{
			"from": [7.18053, 11.47687, 14.22222],
			"to": [7.47914, 11.71337, 15.61575],
			"rotation": {"angle": 0, "axis": "y", "origin": [4.75977, -1.18831, -0.40345]},
			"faces": {
				"north": {"uv": [8.1895, 6.877, 8.20313, 6.89063], "texture": "#1"},
				"east": {"uv": [4.752, 7.377, 4.83594, 7.39063], "texture": "#1"},
				"south": {"uv": [6.9395, 8.1895, 6.95313, 8.20313], "texture": "#1"},
				"west": {"uv": [7.377, 4.8145, 7.46094, 4.82813], "texture": "#1"},
				"up": {"uv": [4.89063, 7.46094, 4.877, 7.377], "texture": "#1"},
				"down": {"uv": [7.39063, 4.877, 7.377, 4.96094], "texture": "#1"}
			}
		},
		{
			"from": [5.48838, 11.47687, 13.62499],
			"to": [6.88192, 11.71337, 13.92361],
			"rotation": {"angle": 0, "axis": "y", "origin": [4.79799, -1.18831, -0.67658]},
			"faces": {
				"north": {"uv": [4.9395, 7.377, 5.02344, 7.39063], "texture": "#1"},
				"east": {"uv": [8.1895, 6.9395, 8.20313, 6.95313], "texture": "#1"},
				"south": {"uv": [7.377, 5.002, 7.46094, 5.01563], "texture": "#1"},
				"west": {"uv": [7.002, 8.1895, 7.01563, 8.20313], "texture": "#1"},
				"up": {"uv": [5.14844, 7.39063, 5.0645, 7.377], "texture": "#1"},
				"down": {"uv": [7.46094, 5.0645, 7.377, 5.07813], "texture": "#1"}
			}
		},
		{
			"from": [5.18977, 11.04129, 13.12731],
			"to": [7.18053, 11.47687, 13.42592],
			"rotation": {"angle": 0, "axis": "y", "origin": [4.30031, -1.12619, -0.57704]},
			"faces": {
				"north": {"uv": [6.877, 6.627, 6.998, 6.64844], "texture": "#1"},
				"east": {"uv": [8.1895, 2.377, 8.20313, 2.39844], "texture": "#1"},
				"south": {"uv": [6.6895, 6.877, 6.8105, 6.89844], "texture": "#1"},
				"west": {"uv": [2.4395, 8.1895, 2.45313, 8.21094], "texture": "#1"},
				"up": {"uv": [7.1855, 0.07813, 7.0645, 0.0645], "texture": "#1"},
				"down": {"uv": [7.1855, 0.127, 7.0645, 0.14063], "texture": "#1"}
			}
		},
		{
			"from": [11.01826, 12.00353, 13.62499],
			"to": [12.0168, 12.24002, 13.92361],
			"rotation": {"angle": -22.5, "axis": "y", "origin": [4.79799, -1.18831, -0.67658]},
			"faces": {
				"north": {"uv": [5.127, 7.4395, 5.1855, 7.45313], "texture": "#1"},
				"east": {"uv": [8.1895, 7.002, 8.20313, 7.01563], "texture": "#1"},
				"south": {"uv": [7.1895, 7.4395, 7.248, 7.45313], "texture": "#1"},
				"west": {"uv": [7.0645, 8.1895, 7.07813, 8.20313], "texture": "#1"},
				"up": {"uv": [7.3105, 7.45313, 7.252, 7.4395], "texture": "#1"},
				"down": {"uv": [7.373, 7.4395, 7.3145, 7.45313], "texture": "#1"}
			}
		},
		{
			"from": [11.01826, 11.63537, 13.62499],
			"to": [11.22681, 12.00353, 13.92361],
			"rotation": {"angle": -22.5, "axis": "y", "origin": [4.79799, -1.16148, -0.67658]},
			"faces": {
				"north": {"uv": [8.1895, 2.4395, 8.20313, 2.46094], "texture": "#1"},
				"east": {"uv": [2.502, 8.1895, 2.51563, 8.21094], "texture": "#1"},
				"south": {"uv": [8.1895, 2.502, 8.20313, 2.52344], "texture": "#1"},
				"west": {"uv": [2.5645, 8.1895, 2.57813, 8.21094], "texture": "#1"},
				"up": {"uv": [8.20313, 7.07813, 8.1895, 7.0645], "texture": "#1"},
				"down": {"uv": [7.14063, 8.1895, 7.127, 8.20313], "texture": "#1"}
			}
		},
		{
			"from": [11.80824, 11.63537, 13.62499],
			"to": [12.0168, 12.00353, 13.92361],
			"rotation": {"angle": -22.5, "axis": "y", "origin": [4.79799, -1.16148, -0.67658]},
			"faces": {
				"north": {"uv": [8.1895, 2.5645, 8.20313, 2.58594], "texture": "#1"},
				"east": {"uv": [2.627, 8.1895, 2.64063, 8.21094], "texture": "#1"},
				"south": {"uv": [8.1895, 2.627, 8.20313, 2.64844], "texture": "#1"},
				"west": {"uv": [2.6895, 8.1895, 2.70313, 8.21094], "texture": "#1"},
				"up": {"uv": [8.20313, 7.14063, 8.1895, 7.127], "texture": "#1"},
				"down": {"uv": [7.20313, 8.1895, 7.1895, 8.20313], "texture": "#1"}
			}
		},
		{
			"from": [5.18977, 11.47687, 13.92361],
			"to": [7.18053, 11.71337, 15.91436],
			"rotation": {"angle": 0, "axis": "y", "origin": [4.82347, -1.08877, -0.61527]},
			"faces": {
				"north": {"uv": [7.002, 6.627, 7.123, 6.64063], "texture": "#1"},
				"east": {"uv": [7.002, 6.6895, 7.123, 6.70313], "texture": "#1"},
				"south": {"uv": [7.002, 6.752, 7.123, 6.76563], "texture": "#1"},
				"west": {"uv": [6.8145, 7.002, 6.9355, 7.01563], "texture": "#1"},
				"up": {"uv": [1.0605, 3.373, 0.9395, 3.252], "texture": "#1"},
				"down": {"uv": [2.4355, 3.4395, 2.3145, 3.5605], "texture": "#1"}
			}
		},
		{
			"from": [4.39347, 11.04129, 13.92361],
			"to": [4.69209, 11.47687, 15.91436],
			"rotation": {"angle": 0, "axis": "y", "origin": [4.82347, -1.12619, -0.61527]},
			"faces": {
				"north": {"uv": [8.1895, 2.1895, 8.20313, 2.21094], "texture": "#1"},
				"east": {"uv": [6.0645, 6.877, 6.1855, 6.89844], "texture": "#1"},
				"south": {"uv": [2.252, 8.1895, 2.26563, 8.21094], "texture": "#1"},
				"west": {"uv": [6.1895, 6.877, 6.3105, 6.89844], "texture": "#1"},
				"up": {"uv": [7.01563, 6.9355, 7.002, 6.8145], "texture": "#1"},
				"down": {"uv": [6.95313, 7.002, 6.9395, 7.123], "texture": "#1"}
			}
		},
		{
			"from": [4.89116, 11.47687, 14.22222],
			"to": [5.18977, 11.71337, 15.61575],
			"rotation": {"angle": 0, "axis": "y", "origin": [4.75977, -1.18831, -0.40345]},
			"faces": {
				"north": {"uv": [8.1895, 6.8145, 8.20313, 6.82813], "texture": "#1"},
				"east": {"uv": [7.377, 4.5645, 7.46094, 4.57813], "texture": "#1"},
				"south": {"uv": [6.877, 8.1895, 6.89063, 8.20313], "texture": "#1"},
				"west": {"uv": [7.377, 4.627, 7.46094, 4.64063], "texture": "#1"},
				"up": {"uv": [4.70313, 7.46094, 4.6895, 7.377], "texture": "#1"},
				"down": {"uv": [7.39063, 4.6895, 7.377, 4.77344], "texture": "#1"}
			}
		},
		{
			"from": [5.18977, 11.04129, 16.41205],
			"to": [7.18053, 11.47687, 16.71066],
			"rotation": {"angle": 0, "axis": "y", "origin": [4.30031, -1.12619, -0.57704]},
			"faces": {
				"north": {"uv": [6.877, 6.4395, 6.998, 6.46094], "texture": "#1"},
				"east": {"uv": [8.1895, 2.3145, 8.20313, 2.33594], "texture": "#1"},
				"south": {"uv": [6.5645, 6.877, 6.6855, 6.89844], "texture": "#1"},
				"west": {"uv": [2.377, 8.1895, 2.39063, 8.21094], "texture": "#1"},
				"up": {"uv": [7.1855, 0.01563, 7.0645, 0.002], "texture": "#1"},
				"down": {"uv": [0.1855, 7.0645, 0.0645, 7.07813], "texture": "#1"}
			}
		},
		{
			"from": [5.48838, 11.47687, 15.91436],
			"to": [6.88192, 11.71337, 16.21298],
			"rotation": {"angle": 0, "axis": "y", "origin": [4.79799, -1.18831, -0.67658]},
			"faces": {
				"north": {"uv": [4.4395, 7.377, 4.52344, 7.39063], "texture": "#1"},
				"east": {"uv": [8.1895, 6.752, 8.20313, 6.76563], "texture": "#1"},
				"south": {"uv": [7.377, 4.4395, 7.46094, 4.45313], "texture": "#1"},
				"west": {"uv": [6.8145, 8.1895, 6.82813, 8.20313], "texture": "#1"},
				"up": {"uv": [7.46094, 4.51563, 7.377, 4.502], "texture": "#1"},
				"down": {"uv": [4.64844, 7.377, 4.5645, 7.39063], "texture": "#1"}
			}
		},
		{
			"from": [3.51913, 7.25886, 9.1458],
			"to": [13.35186, 11.17427, 18.69824],
			"rotation": {"angle": 0, "axis": "y", "origin": [4.82347, -1.12619, -0.61527]},
			"faces": {
				"north": {"uv": [3.127, 2.252, 3.74219, 2.49219], "texture": "#1"},
				"east": {"uv": [2.877, 3.127, 3.46875, 3.36719], "texture": "#1"},
				"south": {"uv": [3.127, 2.502, 3.74219, 2.74219], "texture": "#1"},
				"west": {"uv": [1.0645, 3.1895, 1.65625, 3.42969], "texture": "#1"},
				"up": {"uv": [2.74219, 0.59375, 2.127, 0.002], "texture": "#1"},
				"down": {"uv": [2.74219, 0.627, 2.127, 1.21875], "texture": "#1"}
			}
		},
		{
			"from": [7.00295, 7.25886, 18.70142],
			"to": [9.86804, 11.17427, 20.68898],
			"rotation": {"angle": 0, "axis": "y", "origin": [4.82347, -1.12619, -0.61527]},
			"faces": {
				"north": {"uv": [2.5645, 4.1895, 2.74219, 4.42969], "texture": "#1"},
				"east": {"uv": [2.1895, 4.4395, 2.3105, 4.67969], "texture": "#1"},
				"south": {"uv": [4.1895, 3.9395, 4.36719, 4.17969], "texture": "#1"},
				"west": {"uv": [4.377, 4.4395, 4.498, 4.67969], "texture": "#1"},
				"up": {"uv": [2.30469, 3.5605, 2.127, 3.4395], "texture": "#1"},
				"down": {"uv": [4.74219, 4.3145, 4.5645, 4.4355], "texture": "#1"}
			}
		},
		{
			"from": [20.67975, 7.25886, 21.37424],
			"to": [23.54485, 11.07872, 23.3618],
			"rotation": {"angle": -45, "axis": "y", "origin": [18.50028, -1.12619, 2.05756]},
			"faces": {
				"north": {"uv": [4.252, 1.252, 4.42969, 1.49219], "texture": "#1"},
				"east": {"uv": [4.0645, 4.502, 4.1855, 4.74219], "texture": "#1"},
				"south": {"uv": [4.252, 1.752, 4.42969, 1.99219], "texture": "#1"},
				"west": {"uv": [4.502, 4.4395, 4.623, 4.67969], "texture": "#1"},
				"up": {"uv": [4.80469, 1.373, 4.627, 1.252], "texture": "#1"},
				"down": {"uv": [4.80469, 1.752, 4.627, 1.873], "texture": "#1"}
			}
		},
		{
			"from": [-6.67386, 7.25886, 21.37424],
			"to": [-3.80876, 11.07872, 23.3618],
			"rotation": {"angle": 45, "axis": "y", "origin": [-1.62929, -1.12619, 2.05756]},
			"faces": {
				"north": {"uv": [4.1895, 4.1895, 4.36719, 4.42969], "texture": "#1"},
				"east": {"uv": [0.752, 4.502, 0.873, 4.74219], "texture": "#1"},
				"south": {"uv": [4.252, 0.377, 4.42969, 0.61719], "texture": "#1"},
				"west": {"uv": [3.9395, 4.502, 4.0605, 4.74219], "texture": "#1"},
				"up": {"uv": [4.80469, 1.248, 4.627, 1.127], "texture": "#1"},
				"down": {"uv": [1.42969, 4.627, 1.252, 4.748], "texture": "#1"}
			}
		},
		{
			"from": [-0.51994, 7.25886, 9.13297],
			"to": [1.63418, 11.07872, 12.99754],
			"rotation": {"angle": 22.5, "axis": "y", "origin": [15.82927, -1.12619, 5.69499]},
			"faces": {
				"north": {"uv": [0.5645, 4.4395, 0.69531, 4.67969], "texture": "#1"},
				"east": {"uv": [3.502, 4.127, 3.74219, 4.36719], "texture": "#1"},
				"south": {"uv": [4.4395, 0.6895, 4.57031, 0.92969], "texture": "#1"},
				"west": {"uv": [0.002, 4.1895, 0.24219, 4.42969], "texture": "#1"},
				"up": {"uv": [4.57031, 1.36719, 4.4395, 1.127], "texture": "#1"},
				"down": {"uv": [4.57031, 1.752, 4.4395, 1.99219], "texture": "#1"}
			}
		},
		{
			"from": [2.04023, 7.25886, 12.71619],
			"to": [4.19434, 10.98317, 15.15879],
			"rotation": {"angle": 0, "axis": "y", "origin": [12.13278, -1.12619, 0.1112]},
			"faces": {
				"north": {"uv": [2.752, 4.4395, 2.88281, 4.67188], "texture": "#1"},
				"east": {"uv": [1.127, 4.3145, 1.28125, 4.54688], "texture": "#1"},
				"south": {"uv": [4.1895, 4.4395, 4.32031, 4.67188], "texture": "#1"},
				"west": {"uv": [1.3145, 4.377, 1.46875, 4.60938], "texture": "#1"},
				"up": {"uv": [4.75781, 3.46875, 4.627, 3.3145], "texture": "#1"},
				"down": {"uv": [3.57031, 4.627, 3.4395, 4.78125], "texture": "#1"}
			}
		},
		{
			"from": [7.63955, 7.25886, 13.64105],
			"to": [9.79366, 11.07872, 17.50562],
			"rotation": {"angle": -22.5, "axis": "y", "origin": [16.87892, -1.12619, 1.03606]},
			"faces": {
				"north": {"uv": [0.002, 4.4395, 0.13281, 4.67969], "texture": "#1"},
				"east": {"uv": [3.002, 4.127, 3.24219, 4.36719], "texture": "#1"},
				"south": {"uv": [0.1895, 4.4395, 0.32031, 4.67969], "texture": "#1"},
				"west": {"uv": [3.252, 4.127, 3.49219, 4.36719], "texture": "#1"},
				"up": {"uv": [0.50781, 4.67969, 0.377, 4.4395], "texture": "#1"},
				"down": {"uv": [4.57031, 0.377, 4.4395, 0.61719], "texture": "#1"}
			}
		},
		{
			"from": [1.37359, 7.15844, 13.02343],
			"to": [1.9541, 11.22196, 13.66844],
			"rotation": {"angle": 0, "axis": "y", "origin": [4.82347, 0.61253, 1.43918]},
			"faces": {
				"north": {"uv": [1.3145, 5.252, 1.35156, 5.50781], "texture": "#1"},
				"east": {"uv": [1.377, 5.252, 1.41406, 5.50781], "texture": "#1"},
				"south": {"uv": [5.252, 1.377, 5.28906, 1.63281], "texture": "#1"},
				"west": {"uv": [5.252, 1.6895, 5.28906, 1.94531], "texture": "#1"},
				"up": {"uv": [4.03906, 7.28906, 4.002, 7.252], "texture": "#1"},
				"down": {"uv": [7.28906, 4.002, 7.252, 4.03906], "texture": "#1"}
			}
		},
		{
			"from": [1.21968, 9.61791, 13.02343],
			"to": [1.37359, 10.69531, 13.66844],
			"rotation": {"angle": 0, "axis": "y", "origin": [3.75904, 0.60947, 1.43005]},
			"faces": {
				"north": {"uv": [2.9395, 7.752, 2.94531, 7.82031], "texture": "#1"},
				"east": {"uv": [6.9395, 3.502, 6.97656, 3.57031], "texture": "#1"},
				"south": {"uv": [7.752, 2.9395, 7.75781, 3.00781], "texture": "#1"},
				"west": {"uv": [3.5645, 6.9395, 3.60156, 7.00781], "texture": "#1"},
				"up": {"uv": [8.19531, 3.22656, 8.1895, 3.1895], "texture": "#1"},
				"down": {"uv": [3.25781, 8.1895, 3.252, 8.22656], "texture": "#1"}
			}
		},
		{
			"from": [1.40815, 10.08675, 12.87457],
			"to": [1.55034, 10.22895, 15.20765],
			"rotation": {"angle": 0, "axis": "y", "origin": [4.82347, 0.61253, 1.43918]},
			"faces": {
				"north": {"uv": [3.9395, 8.502, 3.94531, 8.50781], "texture": "#1"},
				"east": {"uv": [7.4395, 1.252, 7.58594, 1.25781], "texture": "#1"},
				"south": {"uv": [8.502, 3.9395, 8.50781, 3.94531], "texture": "#1"},
				"west": {"uv": [1.3145, 7.4395, 1.46094, 7.44531], "texture": "#1"},
				"up": {"uv": [7.44531, 1.46094, 7.4395, 1.3145], "texture": "#1"},
				"down": {"uv": [1.50781, 7.4395, 1.502, 7.58594], "texture": "#1"}
			}
		},
		{
			"from": [1.37359, 7.15844, 13.94508],
			"to": [1.9541, 11.22196, 14.59008],
			"rotation": {"angle": 0, "axis": "y", "origin": [4.82347, 0.61253, 1.43918]},
			"faces": {
				"north": {"uv": [1.8145, 5.252, 1.85156, 5.50781], "texture": "#1"},
				"east": {"uv": [1.877, 5.252, 1.91406, 5.50781], "texture": "#1"},
				"south": {"uv": [5.252, 2.002, 5.28906, 2.25781], "texture": "#1"},
				"west": {"uv": [5.252, 2.502, 5.28906, 2.75781], "texture": "#1"},
				"up": {"uv": [4.10156, 7.28906, 4.0645, 7.252], "texture": "#1"},
				"down": {"uv": [7.28906, 4.0645, 7.252, 4.10156], "texture": "#1"}
			}
		},
		{
			"from": [1.21968, 9.61791, 13.94508],
			"to": [1.37359, 10.69531, 14.59008],
			"rotation": {"angle": 0, "axis": "y", "origin": [3.75904, 0.60947, 1.43005]},
			"faces": {
				"north": {"uv": [3.002, 7.752, 3.00781, 7.82031], "texture": "#1"},
				"east": {"uv": [3.627, 6.9395, 3.66406, 7.00781], "texture": "#1"},
				"south": {"uv": [3.0645, 7.752, 3.07031, 7.82031], "texture": "#1"},
				"west": {"uv": [3.6895, 6.9395, 3.72656, 7.00781], "texture": "#1"},
				"up": {"uv": [8.19531, 3.28906, 8.1895, 3.252], "texture": "#1"},
				"down": {"uv": [3.32031, 8.1895, 3.3145, 8.22656], "texture": "#1"}
			}
		},
		{
			"from": [-4.17292, 9.60633, 13.00942],
			"to": [-4.01901, 10.68373, 13.65443],
			"rotation": {"angle": 22.5, "axis": "y", "origin": [3.63298, 1.12454, 0.4944]},
			"faces": {
				"north": {"uv": [3.1895, 7.752, 3.19531, 7.82031], "texture": "#1"},
				"east": {"uv": [3.8145, 6.9395, 3.85156, 7.00781], "texture": "#1"},
				"south": {"uv": [7.752, 3.1895, 7.75781, 3.25781], "texture": "#1"},
				"west": {"uv": [3.877, 6.9395, 3.91406, 7.00781], "texture": "#1"},
				"up": {"uv": [8.19531, 3.41406, 8.1895, 3.377], "texture": "#1"},
				"down": {"uv": [3.44531, 8.1895, 3.4395, 8.22656], "texture": "#1"}
			}
		},
		{
			"from": [-3.79422, 7.14686, 12.54125],
			"to": [-3.21372, 11.21038, 13.18626],
			"rotation": {"angle": 22.5, "axis": "y", "origin": [4.9222, 0.4693, 0.82534]},
			"faces": {
				"north": {"uv": [5.252, 2.8145, 5.28906, 3.07031], "texture": "#1"},
				"east": {"uv": [2.9395, 5.252, 2.97656, 5.50781], "texture": "#1"},
				"south": {"uv": [3.002, 5.252, 3.03906, 5.50781], "texture": "#1"},
				"west": {"uv": [3.0645, 5.252, 3.10156, 5.50781], "texture": "#1"},
				"up": {"uv": [4.16406, 7.28906, 4.127, 7.252], "texture": "#1"},
				"down": {"uv": [7.28906, 4.127, 7.252, 4.16406], "texture": "#1"}
			}
		},
		{
			"from": [-3.79422, 7.14686, 13.4629],
			"to": [-3.21372, 11.21038, 14.10791],
			"rotation": {"angle": 22.5, "axis": "y", "origin": [4.9222, 0.4693, 0.82534]},
			"faces": {
				"north": {"uv": [3.377, 5.252, 3.41406, 5.50781], "texture": "#1"},
				"east": {"uv": [3.4395, 5.252, 3.47656, 5.50781], "texture": "#1"},
				"south": {"uv": [5.252, 3.4395, 5.28906, 3.69531], "texture": "#1"},
				"west": {"uv": [3.502, 5.252, 3.53906, 5.50781], "texture": "#1"},
				"up": {"uv": [4.28906, 7.28906, 4.252, 7.252], "texture": "#1"},
				"down": {"uv": [7.28906, 4.252, 7.252, 4.28906], "texture": "#1"}
			}
		},
		{
			"from": [-4.17292, 9.60633, 13.93107],
			"to": [-4.01901, 10.68373, 14.57608],
			"rotation": {"angle": 22.5, "axis": "y", "origin": [3.63298, 1.12454, 0.4944]},
			"faces": {
				"north": {"uv": [7.752, 3.3145, 7.75781, 3.38281], "texture": "#1"},
				"east": {"uv": [4.002, 6.9395, 4.03906, 7.00781], "texture": "#1"},
				"south": {"uv": [3.377, 7.752, 3.38281, 7.82031], "texture": "#1"},
				"west": {"uv": [4.0645, 6.9395, 4.10156, 7.00781], "texture": "#1"},
				"up": {"uv": [8.19531, 3.53906, 8.1895, 3.502], "texture": "#1"},
				"down": {"uv": [3.57031, 8.1895, 3.5645, 8.22656], "texture": "#1"}
			}
		},
		{
			"from": [-3.79422, 7.14686, 14.38454],
			"to": [-3.21372, 11.21038, 15.02955],
			"rotation": {"angle": 22.5, "axis": "y", "origin": [4.9222, 0.4693, 0.82534]},
			"faces": {
				"north": {"uv": [3.127, 5.252, 3.16406, 5.50781], "texture": "#1"},
				"east": {"uv": [5.252, 3.127, 5.28906, 3.38281], "texture": "#1"},
				"south": {"uv": [3.252, 5.252, 3.28906, 5.50781], "texture": "#1"},
				"west": {"uv": [3.3145, 5.252, 3.35156, 5.50781], "texture": "#1"},
				"up": {"uv": [4.22656, 7.28906, 4.1895, 7.252], "texture": "#1"},
				"down": {"uv": [7.28906, 4.1895, 7.252, 4.22656], "texture": "#1"}
			}
		},
		{
			"from": [-4.17292, 9.60633, 14.85271],
			"to": [-4.01901, 10.68373, 15.49772],
			"rotation": {"angle": 22.5, "axis": "y", "origin": [3.63298, 1.12454, 0.4944]},
			"faces": {
				"north": {"uv": [3.502, 7.752, 3.50781, 7.82031], "texture": "#1"},
				"east": {"uv": [4.1895, 6.9395, 4.22656, 7.00781], "texture": "#1"},
				"south": {"uv": [3.5645, 7.752, 3.57031, 7.82031], "texture": "#1"},
				"west": {"uv": [6.9395, 4.1895, 6.97656, 4.25781], "texture": "#1"},
				"up": {"uv": [8.19531, 3.66406, 8.1895, 3.627], "texture": "#1"},
				"down": {"uv": [3.69531, 8.1895, 3.6895, 8.22656], "texture": "#1"}
			}
		},
		{
			"from": [-3.4634, 10.08675, 12.87457],
			"to": [-3.32121, 10.22895, 15.20765],
			"rotation": {"angle": 22.5, "axis": "y", "origin": [4.82347, 0.61253, 1.43918]},
			"faces": {
				"north": {"uv": [4.0645, 8.502, 4.07031, 8.50781], "texture": "#1"},
				"east": {"uv": [7.4395, 1.752, 7.58594, 1.75781], "texture": "#1"},
				"south": {"uv": [8.502, 4.0645, 8.50781, 4.07031], "texture": "#1"},
				"west": {"uv": [1.8145, 7.4395, 1.96094, 7.44531], "texture": "#1"},
				"up": {"uv": [7.44531, 1.96094, 7.4395, 1.8145], "texture": "#1"},
				"down": {"uv": [2.00781, 7.4395, 2.002, 7.58594], "texture": "#1"}
			}
		},
		{
			"from": [-4.17292, 7.75778, 14.85271],
			"to": [-4.01901, 8.83517, 15.49772],
			"rotation": {"angle": 22.5, "axis": "y", "origin": [3.63298, 1.12454, 0.4944]},
			"faces": {
				"north": {"uv": [7.752, 3.5645, 7.75781, 3.63281], "texture": "#1"},
				"east": {"uv": [4.252, 6.9395, 4.28906, 7.00781], "texture": "#1"},
				"south": {"uv": [3.627, 7.752, 3.63281, 7.82031], "texture": "#1"},
				"west": {"uv": [4.3145, 6.9395, 4.35156, 7.00781], "texture": "#1"},
				"up": {"uv": [8.19531, 3.72656, 8.1895, 3.6895], "texture": "#1"},
				"down": {"uv": [3.75781, 8.1895, 3.752, 8.22656], "texture": "#1"}
			}
		},
		{
			"from": [-4.17292, 7.75778, 13.93107],
			"to": [-4.01901, 8.83517, 14.57608],
			"rotation": {"angle": 22.5, "axis": "y", "origin": [3.63298, 1.12454, 0.4944]},
			"faces": {
				"north": {"uv": [3.4395, 7.752, 3.44531, 7.82031], "texture": "#1"},
				"east": {"uv": [6.9395, 4.0645, 6.97656, 4.13281], "texture": "#1"},
				"south": {"uv": [7.752, 3.4395, 7.75781, 3.50781], "texture": "#1"},
				"west": {"uv": [4.127, 6.9395, 4.16406, 7.00781], "texture": "#1"},
				"up": {"uv": [8.19531, 3.60156, 8.1895, 3.5645], "texture": "#1"},
				"down": {"uv": [3.63281, 8.1895, 3.627, 8.22656], "texture": "#1"}
			}
		},
		{
			"from": [-4.17292, 7.75778, 13.00942],
			"to": [-4.01901, 8.83517, 13.65443],
			"rotation": {"angle": 22.5, "axis": "y", "origin": [3.63298, 1.12454, 0.4944]},
			"faces": {
				"north": {"uv": [3.252, 7.752, 3.25781, 7.82031], "texture": "#1"},
				"east": {"uv": [3.9395, 6.9395, 3.97656, 7.00781], "texture": "#1"},
				"south": {"uv": [3.3145, 7.752, 3.32031, 7.82031], "texture": "#1"},
				"west": {"uv": [6.9395, 3.9395, 6.97656, 4.00781], "texture": "#1"},
				"up": {"uv": [8.19531, 3.47656, 8.1895, 3.4395], "texture": "#1"},
				"down": {"uv": [3.50781, 8.1895, 3.502, 8.22656], "texture": "#1"}
			}
		},
		{
			"from": [1.40815, 7.98013, 12.87457],
			"to": [1.55034, 8.12234, 15.20765],
			"rotation": {"angle": 0, "axis": "y", "origin": [4.82347, 0.61253, 1.43918]},
			"faces": {
				"north": {"uv": [4.002, 8.502, 4.00781, 8.50781], "texture": "#1"},
				"east": {"uv": [7.4395, 1.502, 7.58594, 1.50781], "texture": "#1"},
				"south": {"uv": [8.502, 4.002, 8.50781, 4.00781], "texture": "#1"},
				"west": {"uv": [1.5645, 7.4395, 1.71094, 7.44531], "texture": "#1"},
				"up": {"uv": [7.44531, 1.71094, 7.4395, 1.5645], "texture": "#1"},
				"down": {"uv": [1.75781, 7.4395, 1.752, 7.58594], "texture": "#1"}
			}
		},
		{
			"from": [1.21968, 7.76936, 13.94508],
			"to": [1.37359, 8.84675, 14.59008],
			"rotation": {"angle": 0, "axis": "y", "origin": [3.75904, 0.60947, 1.43005]},
			"faces": {
				"north": {"uv": [7.752, 3.0645, 7.75781, 3.13281], "texture": "#1"},
				"east": {"uv": [3.752, 6.9395, 3.78906, 7.00781], "texture": "#1"},
				"south": {"uv": [3.127, 7.752, 3.13281, 7.82031], "texture": "#1"},
				"west": {"uv": [6.9395, 3.752, 6.97656, 3.82031], "texture": "#1"},
				"up": {"uv": [8.19531, 3.35156, 8.1895, 3.3145], "texture": "#1"},
				"down": {"uv": [3.38281, 8.1895, 3.377, 8.22656], "texture": "#1"}
			}
		},
		{
			"from": [1.21968, 7.76936, 13.02343],
			"to": [1.37359, 8.84675, 13.66844],
			"rotation": {"angle": 0, "axis": "y", "origin": [3.75904, 0.60947, 1.43005]},
			"faces": {
				"north": {"uv": [7.752, 2.8145, 7.75781, 2.88281], "texture": "#1"},
				"east": {"uv": [3.4395, 6.9395, 3.47656, 7.00781], "texture": "#1"},
				"south": {"uv": [2.877, 7.752, 2.88281, 7.82031], "texture": "#1"},
				"west": {"uv": [3.502, 6.9395, 3.53906, 7.00781], "texture": "#1"},
				"up": {"uv": [8.19531, 3.16406, 8.1895, 3.127], "texture": "#1"},
				"down": {"uv": [3.19531, 8.1895, 3.1895, 8.22656], "texture": "#1"}
			}
		},
		{
			"from": [-3.4634, 7.98013, 12.87457],
			"to": [-3.32121, 8.12234, 15.20765],
			"rotation": {"angle": 22.5, "axis": "y", "origin": [4.82347, 0.61253, 1.43918]},
			"faces": {
				"north": {"uv": [4.127, 8.502, 4.13281, 8.50781], "texture": "#1"},
				"east": {"uv": [7.4395, 2.002, 7.58594, 2.00781], "texture": "#1"},
				"south": {"uv": [8.502, 4.127, 8.50781, 4.13281], "texture": "#1"},
				"west": {"uv": [2.0645, 7.4395, 2.21094, 7.44531], "texture": "#1"},
				"up": {"uv": [7.44531, 2.21094, 7.4395, 2.0645], "texture": "#1"},
				"down": {"uv": [2.25781, 7.4395, 2.252, 7.58594], "texture": "#1"}
			}
		},
		{
			"from": [15.42641, 9.61791, 13.02343],
			"to": [15.58032, 10.69531, 13.66844],
			"rotation": {"angle": 0, "axis": "y", "origin": [13.04096, 0.60947, 1.43005]},
			"faces": {
				"north": {"uv": [2.94531, 7.752, 2.9395, 7.82031], "texture": "#1"},
				"east": {"uv": [3.60156, 6.9395, 3.5645, 7.00781], "texture": "#1"},
				"south": {"uv": [7.75781, 2.9395, 7.752, 3.00781], "texture": "#1"},
				"west": {"uv": [6.97656, 3.502, 6.9395, 3.57031], "texture": "#1"},
				"up": {"uv": [8.1895, 3.22656, 8.19531, 3.1895], "texture": "#1"},
				"down": {"uv": [3.252, 8.1895, 3.25781, 8.22656], "texture": "#1"}
			}
		},
		{
			"from": [14.8459, 7.15844, 13.02343],
			"to": [15.42641, 11.22196, 13.66844],
			"rotation": {"angle": 0, "axis": "y", "origin": [11.97653, 0.61253, 1.43918]},
			"faces": {
				"north": {"uv": [1.35156, 5.252, 1.3145, 5.50781], "texture": "#1"},
				"east": {"uv": [5.28906, 1.6895, 5.252, 1.94531], "texture": "#1"},
				"south": {"uv": [5.28906, 1.377, 5.252, 1.63281], "texture": "#1"},
				"west": {"uv": [1.41406, 5.252, 1.377, 5.50781], "texture": "#1"},
				"up": {"uv": [4.002, 7.28906, 4.03906, 7.252], "texture": "#1"},
				"down": {"uv": [7.252, 4.002, 7.28906, 4.03906], "texture": "#1"}
			}
		},
		{
			"from": [15.42641, 7.76936, 13.02343],
			"to": [15.58032, 8.84675, 13.66844],
			"rotation": {"angle": 0, "axis": "y", "origin": [13.04096, 0.60947, 1.43005]},
			"faces": {
				"north": {"uv": [7.75781, 2.8145, 7.752, 2.88281], "texture": "#1"},
				"east": {"uv": [3.53906, 6.9395, 3.502, 7.00781], "texture": "#1"},
				"south": {"uv": [2.88281, 7.752, 2.877, 7.82031], "texture": "#1"},
				"west": {"uv": [3.47656, 6.9395, 3.4395, 7.00781], "texture": "#1"},
				"up": {"uv": [8.1895, 3.16406, 8.19531, 3.127], "texture": "#1"},
				"down": {"uv": [3.1895, 8.1895, 3.19531, 8.22656], "texture": "#1"}
			}
		},
		{
			"from": [15.42641, 9.61791, 13.94508],
			"to": [15.58032, 10.69531, 14.59008],
			"rotation": {"angle": 0, "axis": "y", "origin": [13.04096, 0.60947, 1.43005]},
			"faces": {
				"north": {"uv": [3.00781, 7.752, 3.002, 7.82031], "texture": "#1"},
				"east": {"uv": [3.72656, 6.9395, 3.6895, 7.00781], "texture": "#1"},
				"south": {"uv": [3.07031, 7.752, 3.0645, 7.82031], "texture": "#1"},
				"west": {"uv": [3.66406, 6.9395, 3.627, 7.00781], "texture": "#1"},
				"up": {"uv": [8.1895, 3.28906, 8.19531, 3.252], "texture": "#1"},
				"down": {"uv": [3.3145, 8.1895, 3.32031, 8.22656], "texture": "#1"}
			}
		},
		{
			"from": [14.8459, 7.15844, 13.94508],
			"to": [15.42641, 11.22196, 14.59008],
			"rotation": {"angle": 0, "axis": "y", "origin": [11.97653, 0.61253, 1.43918]},
			"faces": {
				"north": {"uv": [1.85156, 5.252, 1.8145, 5.50781], "texture": "#1"},
				"east": {"uv": [5.28906, 2.502, 5.252, 2.75781], "texture": "#1"},
				"south": {"uv": [5.28906, 2.002, 5.252, 2.25781], "texture": "#1"},
				"west": {"uv": [1.91406, 5.252, 1.877, 5.50781], "texture": "#1"},
				"up": {"uv": [4.0645, 7.28906, 4.10156, 7.252], "texture": "#1"},
				"down": {"uv": [7.252, 4.0645, 7.28906, 4.10156], "texture": "#1"}
			}
		},
		{
			"from": [20.81901, 9.60633, 13.00942],
			"to": [20.97292, 10.68373, 13.65443],
			"rotation": {"angle": -22.5, "axis": "y", "origin": [13.16702, 1.12454, 0.4944]},
			"faces": {
				"north": {"uv": [3.19531, 7.752, 3.1895, 7.82031], "texture": "#1"},
				"east": {"uv": [3.91406, 6.9395, 3.877, 7.00781], "texture": "#1"},
				"south": {"uv": [7.75781, 3.1895, 7.752, 3.25781], "texture": "#1"},
				"west": {"uv": [3.85156, 6.9395, 3.8145, 7.00781], "texture": "#1"},
				"up": {"uv": [8.1895, 3.41406, 8.19531, 3.377], "texture": "#1"},
				"down": {"uv": [3.4395, 8.1895, 3.44531, 8.22656], "texture": "#1"}
			}
		},
		{
			"from": [15.42641, 7.76936, 13.94508],
			"to": [15.58032, 8.84675, 14.59008],
			"rotation": {"angle": 0, "axis": "y", "origin": [13.04096, 0.60947, 1.43005]},
			"faces": {
				"north": {"uv": [7.75781, 3.0645, 7.752, 3.13281], "texture": "#1"},
				"east": {"uv": [6.97656, 3.752, 6.9395, 3.82031], "texture": "#1"},
				"south": {"uv": [3.13281, 7.752, 3.127, 7.82031], "texture": "#1"},
				"west": {"uv": [3.78906, 6.9395, 3.752, 7.00781], "texture": "#1"},
				"up": {"uv": [8.1895, 3.35156, 8.19531, 3.3145], "texture": "#1"},
				"down": {"uv": [3.377, 8.1895, 3.38281, 8.22656], "texture": "#1"}
			}
		},
		{
			"from": [15.24966, 7.98013, 12.87457],
			"to": [15.39185, 8.12234, 15.20765],
			"rotation": {"angle": 0, "axis": "y", "origin": [11.97653, 0.61253, 1.43918]},
			"faces": {
				"north": {"uv": [4.00781, 8.502, 4.002, 8.50781], "texture": "#1"},
				"east": {"uv": [1.71094, 7.4395, 1.5645, 7.44531], "texture": "#1"},
				"south": {"uv": [8.50781, 4.002, 8.502, 4.00781], "texture": "#1"},
				"west": {"uv": [7.58594, 1.502, 7.4395, 1.50781], "texture": "#1"},
				"up": {"uv": [7.4395, 1.71094, 7.44531, 1.5645], "texture": "#1"},
				"down": {"uv": [1.752, 7.4395, 1.75781, 7.58594], "texture": "#1"}
			}
		},
		{
			"from": [15.24966, 10.08675, 12.87457],
			"to": [15.39185, 10.22895, 15.20765],
			"rotation": {"angle": 0, "axis": "y", "origin": [11.97653, 0.61253, 1.43918]},
			"faces": {
				"north": {"uv": [3.94531, 8.502, 3.9395, 8.50781], "texture": "#1"},
				"east": {"uv": [1.46094, 7.4395, 1.3145, 7.44531], "texture": "#1"},
				"south": {"uv": [8.50781, 3.9395, 8.502, 3.94531], "texture": "#1"},
				"west": {"uv": [7.58594, 1.252, 7.4395, 1.25781], "texture": "#1"},
				"up": {"uv": [7.4395, 1.46094, 7.44531, 1.3145], "texture": "#1"},
				"down": {"uv": [1.502, 7.4395, 1.50781, 7.58594], "texture": "#1"}
			}
		},
		{
			"from": [20.01372, 7.14686, 12.54125],
			"to": [20.59422, 11.21038, 13.18626],
			"rotation": {"angle": -22.5, "axis": "y", "origin": [11.8778, 0.4693, 0.82534]},
			"faces": {
				"north": {"uv": [5.28906, 2.8145, 5.252, 3.07031], "texture": "#1"},
				"east": {"uv": [3.10156, 5.252, 3.0645, 5.50781], "texture": "#1"},
				"south": {"uv": [3.03906, 5.252, 3.002, 5.50781], "texture": "#1"},
				"west": {"uv": [2.97656, 5.252, 2.9395, 5.50781], "texture": "#1"},
				"up": {"uv": [4.127, 7.28906, 4.16406, 7.252], "texture": "#1"},
				"down": {"uv": [7.252, 4.127, 7.28906, 4.16406], "texture": "#1"}
			}
		},
		{
			"from": [20.81901, 9.60633, 13.93107],
			"to": [20.97292, 10.68373, 14.57608],
			"rotation": {"angle": -22.5, "axis": "y", "origin": [13.16702, 1.12454, 0.4944]},
			"faces": {
				"north": {"uv": [7.75781, 3.3145, 7.752, 3.38281], "texture": "#1"},
				"east": {"uv": [4.10156, 6.9395, 4.0645, 7.00781], "texture": "#1"},
				"south": {"uv": [3.38281, 7.752, 3.377, 7.82031], "texture": "#1"},
				"west": {"uv": [4.03906, 6.9395, 4.002, 7.00781], "texture": "#1"},
				"up": {"uv": [8.1895, 3.53906, 8.19531, 3.502], "texture": "#1"},
				"down": {"uv": [3.5645, 8.1895, 3.57031, 8.22656], "texture": "#1"}
			}
		},
		{
			"from": [20.81901, 7.75778, 13.00942],
			"to": [20.97292, 8.83517, 13.65443],
			"rotation": {"angle": -22.5, "axis": "y", "origin": [13.16702, 1.12454, 0.4944]},
			"faces": {
				"north": {"uv": [3.25781, 7.752, 3.252, 7.82031], "texture": "#1"},
				"east": {"uv": [6.97656, 3.9395, 6.9395, 4.00781], "texture": "#1"},
				"south": {"uv": [3.32031, 7.752, 3.3145, 7.82031], "texture": "#1"},
				"west": {"uv": [3.97656, 6.9395, 3.9395, 7.00781], "texture": "#1"},
				"up": {"uv": [8.1895, 3.47656, 8.19531, 3.4395], "texture": "#1"},
				"down": {"uv": [3.502, 8.1895, 3.50781, 8.22656], "texture": "#1"}
			}
		},
		{
			"from": [20.81901, 7.75778, 13.93107],
			"to": [20.97292, 8.83517, 14.57608],
			"rotation": {"angle": -22.5, "axis": "y", "origin": [13.16702, 1.12454, 0.4944]},
			"faces": {
				"north": {"uv": [3.44531, 7.752, 3.4395, 7.82031], "texture": "#1"},
				"east": {"uv": [4.16406, 6.9395, 4.127, 7.00781], "texture": "#1"},
				"south": {"uv": [7.75781, 3.4395, 7.752, 3.50781], "texture": "#1"},
				"west": {"uv": [6.97656, 4.0645, 6.9395, 4.13281], "texture": "#1"},
				"up": {"uv": [8.1895, 3.60156, 8.19531, 3.5645], "texture": "#1"},
				"down": {"uv": [3.627, 8.1895, 3.63281, 8.22656], "texture": "#1"}
			}
		},
		{
			"from": [20.12121, 7.98013, 12.87457],
			"to": [20.2634, 8.12234, 15.20765],
			"rotation": {"angle": -22.5, "axis": "y", "origin": [11.97653, 0.61253, 1.43918]},
			"faces": {
				"north": {"uv": [4.13281, 8.502, 4.127, 8.50781], "texture": "#1"},
				"east": {"uv": [2.21094, 7.4395, 2.0645, 7.44531], "texture": "#1"},
				"south": {"uv": [8.50781, 4.127, 8.502, 4.13281], "texture": "#1"},
				"west": {"uv": [7.58594, 2.002, 7.4395, 2.00781], "texture": "#1"},
				"up": {"uv": [7.4395, 2.21094, 7.44531, 2.0645], "texture": "#1"},
				"down": {"uv": [2.252, 7.4395, 2.25781, 7.58594], "texture": "#1"}
			}
		},
		{
			"from": [20.81901, 7.75778, 14.85271],
			"to": [20.97292, 8.83517, 15.49772],
			"rotation": {"angle": -22.5, "axis": "y", "origin": [13.16702, 1.12454, 0.4944]},
			"faces": {
				"north": {"uv": [7.75781, 3.5645, 7.752, 3.63281], "texture": "#1"},
				"east": {"uv": [4.35156, 6.9395, 4.3145, 7.00781], "texture": "#1"},
				"south": {"uv": [3.63281, 7.752, 3.627, 7.82031], "texture": "#1"},
				"west": {"uv": [4.28906, 6.9395, 4.252, 7.00781], "texture": "#1"},
				"up": {"uv": [8.1895, 3.72656, 8.19531, 3.6895], "texture": "#1"},
				"down": {"uv": [3.752, 8.1895, 3.75781, 8.22656], "texture": "#1"}
			}
		},
		{
			"from": [20.81901, 9.60633, 14.85271],
			"to": [20.97292, 10.68373, 15.49772],
			"rotation": {"angle": -22.5, "axis": "y", "origin": [13.16702, 1.12454, 0.4944]},
			"faces": {
				"north": {"uv": [3.50781, 7.752, 3.502, 7.82031], "texture": "#1"},
				"east": {"uv": [6.97656, 4.1895, 6.9395, 4.25781], "texture": "#1"},
				"south": {"uv": [3.57031, 7.752, 3.5645, 7.82031], "texture": "#1"},
				"west": {"uv": [4.22656, 6.9395, 4.1895, 7.00781], "texture": "#1"},
				"up": {"uv": [8.1895, 3.66406, 8.19531, 3.627], "texture": "#1"},
				"down": {"uv": [3.6895, 8.1895, 3.69531, 8.22656], "texture": "#1"}
			}
		},
		{
			"from": [20.01372, 7.14686, 13.4629],
			"to": [20.59422, 11.21038, 14.10791],
			"rotation": {"angle": -22.5, "axis": "y", "origin": [11.8778, 0.4693, 0.82534]},
			"faces": {
				"north": {"uv": [3.41406, 5.252, 3.377, 5.50781], "texture": "#1"},
				"east": {"uv": [3.53906, 5.252, 3.502, 5.50781], "texture": "#1"},
				"south": {"uv": [5.28906, 3.4395, 5.252, 3.69531], "texture": "#1"},
				"west": {"uv": [3.47656, 5.252, 3.4395, 5.50781], "texture": "#1"},
				"up": {"uv": [4.252, 7.28906, 4.28906, 7.252], "texture": "#1"},
				"down": {"uv": [7.252, 4.252, 7.28906, 4.28906], "texture": "#1"}
			}
		},
		{
			"from": [20.12121, 10.08675, 12.87457],
			"to": [20.2634, 10.22895, 15.20765],
			"rotation": {"angle": -22.5, "axis": "y", "origin": [11.97653, 0.61253, 1.43918]},
			"faces": {
				"north": {"uv": [4.07031, 8.502, 4.0645, 8.50781], "texture": "#1"},
				"east": {"uv": [1.96094, 7.4395, 1.8145, 7.44531], "texture": "#1"},
				"south": {"uv": [8.50781, 4.0645, 8.502, 4.07031], "texture": "#1"},
				"west": {"uv": [7.58594, 1.752, 7.4395, 1.75781], "texture": "#1"},
				"up": {"uv": [7.4395, 1.96094, 7.44531, 1.8145], "texture": "#1"},
				"down": {"uv": [2.002, 7.4395, 2.00781, 7.58594], "texture": "#1"}
			}
		},
		{
			"from": [20.01372, 7.14686, 14.38454],
			"to": [20.59422, 11.21038, 15.02955],
			"rotation": {"angle": -22.5, "axis": "y", "origin": [11.8778, 0.4693, 0.82534]},
			"faces": {
				"north": {"uv": [3.16406, 5.252, 3.127, 5.50781], "texture": "#1"},
				"east": {"uv": [3.35156, 5.252, 3.3145, 5.50781], "texture": "#1"},
				"south": {"uv": [3.28906, 5.252, 3.252, 5.50781], "texture": "#1"},
				"west": {"uv": [5.28906, 3.127, 5.252, 3.38281], "texture": "#1"},
				"up": {"uv": [4.1895, 7.28906, 4.22656, 7.252], "texture": "#1"},
				"down": {"uv": [7.252, 4.1895, 7.28906, 4.22656], "texture": "#1"}
			}
		},
		{
			"from": [3.12098, 12.6339, -1.80016],
			"to": [3.3981, 13.2367, -1.20612],
			"rotation": {"angle": 45, "axis": "x", "origin": [4.82347, -0.91119, -0.64393]},
			"faces": {
				"north": {"uv": [7.752, 2.6895, 7.76563, 2.72656], "texture": "#1"},
				"east": {"uv": [3.9395, 7.252, 3.97656, 7.28906], "texture": "#1"},
				"south": {"uv": [2.752, 7.752, 2.76563, 7.78906], "texture": "#1"},
				"west": {"uv": [7.252, 3.9395, 7.28906, 3.97656], "texture": "#1"},
				"up": {"uv": [7.76563, 2.78906, 7.752, 2.752], "texture": "#1"},
				"down": {"uv": [2.82813, 7.752, 2.8145, 7.78906], "texture": "#1"}
			}
		},
		{
			"from": [3.32006, 12.43483, -1.99923],
			"to": [3.49764, 13.43577, -1.00705],
			"rotation": {"angle": 45, "axis": "x", "origin": [4.82347, -0.91119, -0.64393]},
			"faces": {
				"north": {"uv": [7.752, 4.252, 7.75781, 4.3105], "texture": "#1"},
				"east": {"uv": [1.002, 3.5645, 1.0605, 3.623], "texture": "#1"},
				"south": {"uv": [4.3145, 7.752, 4.32031, 7.8105], "texture": "#1"},
				"west": {"uv": [2.0645, 3.752, 2.123, 3.8105], "texture": "#1"},
				"up": {"uv": [7.75781, 4.373, 7.752, 4.3145], "texture": "#1"},
				"down": {"uv": [4.38281, 7.752, 4.377, 7.8105], "texture": "#1"}
			}
		},
		{
			"from": [-4.84308, 9.93322, 5.50559],
			"to": [-3.87553, 10.40751, 5.97112],
			"rotation": {"angle": 45, "axis": "y", "origin": [4.82347, -0.91119, -0.64393]},
			"faces": {
				"north": {"uv": [0.4395, 7.0645, 0.498, 7.09375], "texture": "#1"},
				"east": {"uv": [3.4395, 7.627, 3.46875, 7.65625], "texture": "#1"},
				"south": {"uv": [7.0645, 0.4395, 7.123, 0.46875], "texture": "#1"},
				"west": {"uv": [7.627, 3.4395, 7.65625, 3.46875], "texture": "#1"},
				"up": {"uv": [0.5605, 7.09375, 0.502, 7.0645], "texture": "#1"},
				"down": {"uv": [7.123, 0.502, 7.0645, 0.53125], "texture": "#1"}
			}
		},
		{
			"from": [7.13831, 9.01157, 9.4555],
			"to": [7.31588, 10.40751, 10.44769],
			"rotation": {"angle": -22.5, "axis": "y", "origin": [4.82347, -0.91119, -0.64393]},
			"faces": {
				"north": {"uv": [2.627, 7.752, 2.63281, 7.83594], "texture": "#1"},
				"east": {"uv": [3.502, 6.627, 3.5605, 6.71094], "texture": "#1"},
				"south": {"uv": [2.6895, 7.752, 2.69531, 7.83594], "texture": "#1"},
				"west": {"uv": [6.627, 3.502, 6.6855, 3.58594], "texture": "#1"},
				"up": {"uv": [4.69531, 8.0605, 4.6895, 8.002], "texture": "#1"},
				"down": {"uv": [8.00781, 4.6895, 8.002, 4.748], "texture": "#1"}
			}
		},
		{
			"from": [-4.84308, 9.2749, 5.37393],
			"to": [-3.87553, 9.74919, 5.83946],
			"rotation": {"angle": 45, "axis": "y", "origin": [4.82347, -0.91119, -0.64393]},
			"faces": {
				"north": {"uv": [0.5645, 7.0645, 0.623, 7.09375], "texture": "#1"},
				"east": {"uv": [3.502, 7.627, 3.53125, 7.65625], "texture": "#1"},
				"south": {"uv": [7.0645, 0.5645, 7.123, 0.59375], "texture": "#1"},
				"west": {"uv": [7.627, 3.502, 7.65625, 3.53125], "texture": "#1"},
				"up": {"uv": [0.6855, 7.09375, 0.627, 7.0645], "texture": "#1"},
				"down": {"uv": [7.123, 0.627, 7.0645, 0.65625], "texture": "#1"}
			}
		},
		{
			"from": [4.37957, 7.04288, 9.33534],
			"to": [12.02043, 7.24677, 16.0943],
			"rotation": {"angle": 0, "axis": "y", "origin": [4.88618, -0.00026, 1.53845]},
			"faces": {
				"north": {"uv": [5.4395, 3.752, 5.89063, 3.76563], "texture": "#1"},
				"east": {"uv": [4.5645, 6.502, 4.98438, 6.51563], "texture": "#1"},
				"south": {"uv": [5.502, 0.377, 5.95313, 0.39063], "texture": "#1"},
				"west": {"uv": [5.002, 6.502, 5.42188, 6.51563], "texture": "#1"},
				"up": {"uv": [3.20313, 1.10938, 2.752, 0.6895], "texture": "#1"},
				"down": {"uv": [2.82813, 2.8145, 2.377, 3.23438], "texture": "#1"}
			}
		}
	],
	"display": {
		"thirdperson_righthand": {
			"rotation": [68, 0, 0],
			"translation": [7, -3.25, 4.25]
		},
		"thirdperson_lefthand": {
			"rotation": [90, 0, 0],
			"translation": [-6.75, 20.25, 24.75],
			"scale": [3.5, 3.5, 3.5]
		},
		"firstperson_righthand": {
			"translation": [2.5, 0, 0],
			"scale": [0.5, 0.5, 0.5]
		},
		"firstperson_lefthand": {
			"translation": [2.25, 0, 0],
			"scale": [0.5, 0.5, 0.5]
		},
		"ground": {
			"translation": [0, -2.25, 0]
		},
		"gui": {
			"rotation": [0, 45, 0],
			"translation": [-1, -2.5, 0],
			"scale": [0.5, 0.5, 0.5]
		},
		"head": {
			"translation": [55.25, -31.75, -13],
			"scale": [4, 4, 4]
		},
		"fixed": {
			"translation": [0, 18, 8.75]
		}
	},
	"groups": [
		{
			"name": "гусеницы",
			"origin": [10.92601, 9.81944, 25.31164],
			"color": 0,
			"nbt": "{}",
			"armAnimationEnabled": false,
			"children": []
		},
		{
			"name": "гусеницы",
			"origin": [10.92601, 9.81944, 25.31164],
			"color": 0,
			"nbt": "{}",
			"armAnimationEnabled": false,
			"children": []
		},
		{
			"name": "башня",
			"origin": [5.27813, 0.16178, 2.33019],
			"color": 0,
			"nbt": "{}",
			"armAnimationEnabled": false,
			"children": [
				0,
				1,
				2,
				3,
				4,
				5,
				6,
				7,
				8,
				9,
				10,
				11,
				12,
				13,
				14,
				15,
				16,
				17,
				18,
				19,
				20,
				21,
				22,
				23,
				24,
				25,
				26,
				27,
				28,
				29,
				30,
				31,
				32,
				33,
				34,
				35,
				36,
				37,
				38,
				39,
				40,
				41,
				42,
				43,
				44,
				45,
				46,
				47,
				48,
				49,
				50,
				51,
				52,
				53,
				54,
				55,
				56,
				57,
				58,
				59,
				60,
				61,
				62,
				63,
				64,
				65,
				66,
				67,
				68,
				69,
				70,
				71,
				72,
				73,
				74,
				75,
				76,
				77,
				78,
				79
			]
		},
		{
			"name": "корпус",
			"origin": [4.96855, 1.80667, 1.66712],
			"color": 0,
			"nbt": "{}",
			"armAnimationEnabled": false,
			"children": [
				80,
				{
					"name": "hexadecagon",
					"origin": [8, 8, 8],
					"color": 0,
					"nbt": "{}",
					"armAnimationEnabled": false,
					"children": []
				},
				{
					"name": "hexadecagon",
					"origin": [8, 8, 8],
					"color": 0,
					"nbt": "{}",
					"armAnimationEnabled": false,
					"children": []
				}
			]
		}
	]
}